ISO-10303-21;
HEADER;
/* Generated by software containing ST-Developer
 * from STEP Tools, Inc. (www.steptools.com) 
 */

FILE_DESCRIPTION(
/* description */ (''),
/* implementation_level */ '2;1');

FILE_NAME(
/* name */ 
'\\\\192.168.1.249\\\X2\4E0A4E0B84CB5716976267E58A628868\X0\\\Data She
et\X2\57169762\X0\\\DC-DC\\RECOM\\RECOM_LOGO_CASE\\N1818(RSH2(3)-0505S
)-(CV-154R & NH1-0254-100)\\RSH-0505S.stp',
/* time_stamp */ '2020-01-14T16:43:45+08:00',
/* author */ ('ching'),
/* organization */ (''),
/* preprocessor_version */ 'ST-DEVELOPER v16.5',
/* originating_system */ 'Autodesk Inventor 2017',
/* authorisation */ '');

FILE_SCHEMA (('AUTOMOTIVE_DESIGN { 1 0 10303 214 3 1 1 }'));
ENDSEC;

DATA;
#10=MECHANICAL_DESIGN_GEOMETRIC_PRESENTATION_REPRESENTATION('',(#61,#62,
#64,#65,#66,#67,#63,#68,#69,#70,#71),#8152);
#11=SPHERICAL_SURFACE('',#5360,0.25);
#12=SPHERICAL_SURFACE('',#5366,0.25);
#13=SPHERICAL_SURFACE('',#5373,0.25);
#14=SPHERICAL_SURFACE('',#5379,0.25);
#15=ITEM_DEFINED_TRANSFORMATION($,$,#5043,#5229);
#16=ITEM_DEFINED_TRANSFORMATION($,$,#5188,#5230);
#17=ITEM_DEFINED_TRANSFORMATION($,$,#5188,#5231);
#18=ITEM_DEFINED_TRANSFORMATION($,$,#5188,#5232);
#19=ITEM_DEFINED_TRANSFORMATION($,$,#5188,#5233);
#20=ITEM_DEFINED_TRANSFORMATION($,$,#5188,#5234);
#21=ITEM_DEFINED_TRANSFORMATION($,$,#5188,#5235);
#22=ITEM_DEFINED_TRANSFORMATION($,$,#5188,#5236);
#23=ITEM_DEFINED_TRANSFORMATION($,$,#5042,#5399);
#24=ITEM_DEFINED_TRANSFORMATION($,$,#5237,#5400);
#25=(
REPRESENTATION_RELATIONSHIP($,$,#8181,#8180)
REPRESENTATION_RELATIONSHIP_WITH_TRANSFORMATION(#15)
SHAPE_REPRESENTATION_RELATIONSHIP()
);
#26=(
REPRESENTATION_RELATIONSHIP($,$,#8182,#8180)
REPRESENTATION_RELATIONSHIP_WITH_TRANSFORMATION(#16)
SHAPE_REPRESENTATION_RELATIONSHIP()
);
#27=(
REPRESENTATION_RELATIONSHIP($,$,#8182,#8180)
REPRESENTATION_RELATIONSHIP_WITH_TRANSFORMATION(#17)
SHAPE_REPRESENTATION_RELATIONSHIP()
);
#28=(
REPRESENTATION_RELATIONSHIP($,$,#8182,#8180)
REPRESENTATION_RELATIONSHIP_WITH_TRANSFORMATION(#18)
SHAPE_REPRESENTATION_RELATIONSHIP()
);
#29=(
REPRESENTATION_RELATIONSHIP($,$,#8182,#8180)
REPRESENTATION_RELATIONSHIP_WITH_TRANSFORMATION(#19)
SHAPE_REPRESENTATION_RELATIONSHIP()
);
#30=(
REPRESENTATION_RELATIONSHIP($,$,#8182,#8180)
REPRESENTATION_RELATIONSHIP_WITH_TRANSFORMATION(#20)
SHAPE_REPRESENTATION_RELATIONSHIP()
);
#31=(
REPRESENTATION_RELATIONSHIP($,$,#8182,#8180)
REPRESENTATION_RELATIONSHIP_WITH_TRANSFORMATION(#21)
SHAPE_REPRESENTATION_RELATIONSHIP()
);
#32=(
REPRESENTATION_RELATIONSHIP($,$,#8182,#8180)
REPRESENTATION_RELATIONSHIP_WITH_TRANSFORMATION(#22)
SHAPE_REPRESENTATION_RELATIONSHIP()
);
#33=(
REPRESENTATION_RELATIONSHIP($,$,#8180,#8179)
REPRESENTATION_RELATIONSHIP_WITH_TRANSFORMATION(#23)
SHAPE_REPRESENTATION_RELATIONSHIP()
);
#34=(
REPRESENTATION_RELATIONSHIP($,$,#8183,#8179)
REPRESENTATION_RELATIONSHIP_WITH_TRANSFORMATION(#24)
SHAPE_REPRESENTATION_RELATIONSHIP()
);
#35=CONTEXT_DEPENDENT_SHAPE_REPRESENTATION(#25,#8168);
#36=CONTEXT_DEPENDENT_SHAPE_REPRESENTATION(#26,#8169);
#37=CONTEXT_DEPENDENT_SHAPE_REPRESENTATION(#27,#8170);
#38=CONTEXT_DEPENDENT_SHAPE_REPRESENTATION(#28,#8171);
#39=CONTEXT_DEPENDENT_SHAPE_REPRESENTATION(#29,#8172);
#40=CONTEXT_DEPENDENT_SHAPE_REPRESENTATION(#30,#8173);
#41=CONTEXT_DEPENDENT_SHAPE_REPRESENTATION(#31,#8174);
#42=CONTEXT_DEPENDENT_SHAPE_REPRESENTATION(#32,#8175);
#43=CONTEXT_DEPENDENT_SHAPE_REPRESENTATION(#33,#8177);
#44=CONTEXT_DEPENDENT_SHAPE_REPRESENTATION(#34,#8178);
#45=NEXT_ASSEMBLY_USAGE_OCCURRENCE('Heater \X2\81A09AD4\X0\-Type_3:1',
'Heater \X2\81A09AD4\X0\-Type_3:1','Heater \X2\81A09AD4\X0\-Type_3:1',#8186,
#8187,'Heater \X2\81A09AD4\X0\-Type_3:1');
#46=NEXT_ASSEMBLY_USAGE_OCCURRENCE('PIN-TYPE_3:1','PIN-TYPE_3:1',
'PIN-TYPE_3:1',#8186,#8188,'PIN-TYPE_3:1');
#47=NEXT_ASSEMBLY_USAGE_OCCURRENCE('PIN-TYPE_3:3','PIN-TYPE_3:3',
'PIN-TYPE_3:3',#8186,#8188,'PIN-TYPE_3:3');
#48=NEXT_ASSEMBLY_USAGE_OCCURRENCE('PIN-TYPE_3:7','PIN-TYPE_3:7',
'PIN-TYPE_3:7',#8186,#8188,'PIN-TYPE_3:7');
#49=NEXT_ASSEMBLY_USAGE_OCCURRENCE('PIN-TYPE_3:8','PIN-TYPE_3:8',
'PIN-TYPE_3:8',#8186,#8188,'PIN-TYPE_3:8');
#50=NEXT_ASSEMBLY_USAGE_OCCURRENCE('PIN-TYPE_3:2','PIN-TYPE_3:2',
'PIN-TYPE_3:2',#8186,#8188,'PIN-TYPE_3:2');
#51=NEXT_ASSEMBLY_USAGE_OCCURRENCE('PIN-TYPE_3:13','PIN-TYPE_3:13',
'PIN-TYPE_3:13',#8186,#8188,'PIN-TYPE_3:13');
#52=NEXT_ASSEMBLY_USAGE_OCCURRENCE('PIN-TYPE_3:14','PIN-TYPE_3:14',
'PIN-TYPE_3:14',#8186,#8188,'PIN-TYPE_3:14');
#53=NEXT_ASSEMBLY_USAGE_OCCURRENCE('Header-TYPE_3:1','Header-TYPE_3:1',
'Header-TYPE_3:1',#8185,#8186,'Header-TYPE_3:1');
#54=NEXT_ASSEMBLY_USAGE_OCCURRENCE('N1818 Cover Type_3:1',
'N1818 Cover Type_3:1','N1818 Cover Type_3:1',#8185,#8189,
'N1818 Cover Type_3:1');
#55=SHAPE_REPRESENTATION_RELATIONSHIP('SRR','None',#8181,#58);
#56=SHAPE_REPRESENTATION_RELATIONSHIP('SRR','None',#8182,#59);
#57=SHAPE_REPRESENTATION_RELATIONSHIP('SRR','None',#8183,#60);
#58=ADVANCED_BREP_SHAPE_REPRESENTATION('',(#72),#8149);
#59=ADVANCED_BREP_SHAPE_REPRESENTATION('',(#73),#8150);
#60=ADVANCED_BREP_SHAPE_REPRESENTATION('',(#74),#8151);
#61=STYLED_ITEM('',(#4983),#72);
#62=STYLED_ITEM('',(#4984),#73);
#63=STYLED_ITEM('',(#4986),#4950);
#64=STYLED_ITEM('',(#4986),#4951);
#65=STYLED_ITEM('',(#4986),#4952);
#66=STYLED_ITEM('',(#4986),#4953);
#67=STYLED_ITEM('',(#4986),#4954);
#68=STYLED_ITEM('',(#4986),#4955);
#69=STYLED_ITEM('',(#4986),#4956);
#70=STYLED_ITEM('',(#4986),#4979);
#71=STYLED_ITEM('',(#4985),#74);
#72=MANIFOLD_SOLID_BREP('\X2\5BE69AD4\X0\1',#4980);
#73=MANIFOLD_SOLID_BREP('\X2\5BE69AD4\X0\1',#4981);
#74=MANIFOLD_SOLID_BREP('\X2\5BE69AD4\X0\1',#4982);
#75=CYLINDRICAL_SURFACE('',#5060,0.25);
#76=CYLINDRICAL_SURFACE('',#5062,0.25);
#77=CYLINDRICAL_SURFACE('',#5077,0.25);
#78=CYLINDRICAL_SURFACE('',#5079,0.25);
#79=CYLINDRICAL_SURFACE('',#5087,0.375);
#80=CYLINDRICAL_SURFACE('',#5092,0.125);
#81=CYLINDRICAL_SURFACE('',#5101,0.375);
#82=CYLINDRICAL_SURFACE('',#5106,0.125);
#83=CYLINDRICAL_SURFACE('',#5115,0.375);
#84=CYLINDRICAL_SURFACE('',#5120,0.125);
#85=CYLINDRICAL_SURFACE('',#5129,0.375);
#86=CYLINDRICAL_SURFACE('',#5134,0.125);
#87=CYLINDRICAL_SURFACE('',#5143,0.375);
#88=CYLINDRICAL_SURFACE('',#5148,0.125);
#89=CYLINDRICAL_SURFACE('',#5164,0.375);
#90=CYLINDRICAL_SURFACE('',#5166,0.125);
#91=CYLINDRICAL_SURFACE('',#5178,0.375);
#92=CYLINDRICAL_SURFACE('',#5180,0.125);
#93=CYLINDRICAL_SURFACE('',#5208,0.375);
#94=CYLINDRICAL_SURFACE('',#5215,0.375);
#95=CYLINDRICAL_SURFACE('',#5217,0.375);
#96=CYLINDRICAL_SURFACE('',#5219,0.125);
#97=CYLINDRICAL_SURFACE('',#5221,0.125);
#98=CYLINDRICAL_SURFACE('',#5222,0.125);
#99=CYLINDRICAL_SURFACE('',#5240,0.075);
#100=CYLINDRICAL_SURFACE('',#5244,0.075);
#101=CYLINDRICAL_SURFACE('',#5249,0.3);
#102=CYLINDRICAL_SURFACE('',#5253,0.3);
#103=CYLINDRICAL_SURFACE('',#5257,0.3);
#104=CYLINDRICAL_SURFACE('',#5261,0.3);
#105=CYLINDRICAL_SURFACE('',#5272,0.3);
#106=CYLINDRICAL_SURFACE('',#5276,0.3);
#107=CYLINDRICAL_SURFACE('',#5309,0.3);
#108=CYLINDRICAL_SURFACE('',#5313,0.3);
#109=CYLINDRICAL_SURFACE('',#5317,0.3);
#110=CYLINDRICAL_SURFACE('',#5321,0.3);
#111=CYLINDRICAL_SURFACE('',#5364,0.25);
#112=CYLINDRICAL_SURFACE('',#5370,0.25);
#113=CYLINDRICAL_SURFACE('',#5372,0.25);
#114=CYLINDRICAL_SURFACE('',#5377,0.25);
#115=CYLINDRICAL_SURFACE('',#5383,0.25);
#116=CYLINDRICAL_SURFACE('',#5385,0.25);
#117=CYLINDRICAL_SURFACE('',#5386,0.25);
#118=CYLINDRICAL_SURFACE('',#5387,0.25);
#119=FACE_BOUND('',#495,.T.);
#120=FACE_BOUND('',#497,.T.);
#121=FACE_BOUND('',#498,.T.);
#122=FACE_BOUND('',#499,.T.);
#123=FACE_BOUND('',#503,.T.);
#124=FACE_BOUND('',#504,.T.);
#125=FACE_BOUND('',#505,.T.);
#126=FACE_BOUND('',#506,.T.);
#127=FACE_BOUND('',#507,.T.);
#128=FACE_BOUND('',#508,.T.);
#129=FACE_BOUND('',#509,.T.);
#130=FACE_BOUND('',#510,.T.);
#131=FACE_BOUND('',#539,.T.);
#132=FACE_BOUND('',#614,.T.);
#133=FACE_BOUND('',#615,.T.);
#134=FACE_BOUND('',#616,.T.);
#135=FACE_BOUND('',#617,.T.);
#136=FACE_BOUND('',#619,.T.);
#137=FACE_BOUND('',#733,.T.);
#138=FACE_BOUND('',#734,.T.);
#139=FACE_BOUND('',#735,.T.);
#140=FACE_BOUND('',#736,.T.);
#141=FACE_BOUND('',#737,.T.);
#142=FACE_BOUND('',#738,.T.);
#143=FACE_BOUND('',#739,.T.);
#144=FACE_BOUND('',#740,.T.);
#145=FACE_BOUND('',#747,.T.);
#146=FACE_BOUND('',#755,.T.);
#147=FACE_BOUND('',#778,.T.);
#148=FACE_BOUND('',#780,.T.);
#149=CIRCLE('',#5045,0.25);
#150=CIRCLE('',#5046,0.25);
#151=CIRCLE('',#5047,0.25);
#152=CIRCLE('',#5048,0.25);
#153=CIRCLE('',#5053,0.25);
#154=CIRCLE('',#5054,0.25);
#155=CIRCLE('',#5055,0.25);
#156=CIRCLE('',#5056,0.25);
#157=CIRCLE('',#5088,0.375);
#158=CIRCLE('',#5089,0.375);
#159=CIRCLE('',#5091,0.125);
#160=CIRCLE('',#5093,0.125);
#161=CIRCLE('',#5102,0.375);
#162=CIRCLE('',#5103,0.375);
#163=CIRCLE('',#5105,0.125);
#164=CIRCLE('',#5107,0.125);
#165=CIRCLE('',#5116,0.375);
#166=CIRCLE('',#5117,0.375);
#167=CIRCLE('',#5119,0.125);
#168=CIRCLE('',#5121,0.125);
#169=CIRCLE('',#5130,0.375);
#170=CIRCLE('',#5131,0.375);
#171=CIRCLE('',#5133,0.125);
#172=CIRCLE('',#5135,0.125);
#173=CIRCLE('',#5144,0.375);
#174=CIRCLE('',#5145,0.375);
#175=CIRCLE('',#5147,0.125);
#176=CIRCLE('',#5149,0.125);
#177=CIRCLE('',#5157,0.375);
#178=CIRCLE('',#5158,0.125);
#179=CIRCLE('',#5162,0.125);
#180=CIRCLE('',#5163,0.375);
#181=CIRCLE('',#5171,0.375);
#182=CIRCLE('',#5172,0.125);
#183=CIRCLE('',#5176,0.125);
#184=CIRCLE('',#5177,0.375);
#185=CIRCLE('',#5194,0.125);
#186=CIRCLE('',#5195,0.375);
#187=CIRCLE('',#5199,0.125);
#188=CIRCLE('',#5200,0.375);
#189=CIRCLE('',#5203,0.375);
#190=CIRCLE('',#5204,0.125);
#191=CIRCLE('',#5205,0.375);
#192=CIRCLE('',#5206,0.125);
#193=CIRCLE('',#5211,0.125);
#194=CIRCLE('',#5212,0.375);
#195=CIRCLE('',#5213,0.125);
#196=CIRCLE('',#5214,0.375);
#197=CIRCLE('',#5241,0.075);
#198=CIRCLE('',#5242,0.075);
#199=CIRCLE('',#5245,0.075);
#200=CIRCLE('',#5246,0.075);
#201=CIRCLE('',#5250,0.3);
#202=CIRCLE('',#5251,0.3);
#203=CIRCLE('',#5254,0.3);
#204=CIRCLE('',#5255,0.3);
#205=CIRCLE('',#5258,0.3);
#206=CIRCLE('',#5259,0.3);
#207=CIRCLE('',#5262,0.3);
#208=CIRCLE('',#5263,0.3);
#209=CIRCLE('',#5273,0.3);
#210=CIRCLE('',#5274,0.3);
#211=CIRCLE('',#5277,0.3);
#212=CIRCLE('',#5278,0.3);
#213=CIRCLE('',#5310,0.3);
#214=CIRCLE('',#5311,0.3);
#215=CIRCLE('',#5314,0.3);
#216=CIRCLE('',#5315,0.3);
#217=CIRCLE('',#5318,0.3);
#218=CIRCLE('',#5319,0.3);
#219=CIRCLE('',#5322,0.3);
#220=CIRCLE('',#5323,0.3);
#221=CIRCLE('',#5361,0.25);
#222=CIRCLE('',#5362,0.25);
#223=CIRCLE('',#5363,0.25);
#224=CIRCLE('',#5365,0.25);
#225=CIRCLE('',#5367,0.25);
#226=CIRCLE('',#5368,0.25);
#227=CIRCLE('',#5369,0.25);
#228=CIRCLE('',#5371,0.25);
#229=CIRCLE('',#5374,0.25);
#230=CIRCLE('',#5375,0.25);
#231=CIRCLE('',#5376,0.25);
#232=CIRCLE('',#5378,0.25);
#233=CIRCLE('',#5380,0.25);
#234=CIRCLE('',#5381,0.25);
#235=CIRCLE('',#5382,0.25);
#236=CIRCLE('',#5384,0.25);
#237=FACE_OUTER_BOUND('',#494,.T.);
#238=FACE_OUTER_BOUND('',#496,.T.);
#239=FACE_OUTER_BOUND('',#500,.T.);
#240=FACE_OUTER_BOUND('',#501,.T.);
#241=FACE_OUTER_BOUND('',#502,.T.);
#242=FACE_OUTER_BOUND('',#511,.T.);
#243=FACE_OUTER_BOUND('',#512,.T.);
#244=FACE_OUTER_BOUND('',#513,.T.);
#245=FACE_OUTER_BOUND('',#514,.T.);
#246=FACE_OUTER_BOUND('',#515,.T.);
#247=FACE_OUTER_BOUND('',#516,.T.);
#248=FACE_OUTER_BOUND('',#517,.T.);
#249=FACE_OUTER_BOUND('',#518,.T.);
#250=FACE_OUTER_BOUND('',#519,.T.);
#251=FACE_OUTER_BOUND('',#520,.T.);
#252=FACE_OUTER_BOUND('',#521,.T.);
#253=FACE_OUTER_BOUND('',#522,.T.);
#254=FACE_OUTER_BOUND('',#523,.T.);
#255=FACE_OUTER_BOUND('',#524,.T.);
#256=FACE_OUTER_BOUND('',#525,.T.);
#257=FACE_OUTER_BOUND('',#526,.T.);
#258=FACE_OUTER_BOUND('',#527,.T.);
#259=FACE_OUTER_BOUND('',#528,.T.);
#260=FACE_OUTER_BOUND('',#529,.T.);
#261=FACE_OUTER_BOUND('',#530,.T.);
#262=FACE_OUTER_BOUND('',#531,.T.);
#263=FACE_OUTER_BOUND('',#532,.T.);
#264=FACE_OUTER_BOUND('',#533,.T.);
#265=FACE_OUTER_BOUND('',#534,.T.);
#266=FACE_OUTER_BOUND('',#535,.T.);
#267=FACE_OUTER_BOUND('',#536,.T.);
#268=FACE_OUTER_BOUND('',#537,.T.);
#269=FACE_OUTER_BOUND('',#538,.T.);
#270=FACE_OUTER_BOUND('',#540,.T.);
#271=FACE_OUTER_BOUND('',#541,.T.);
#272=FACE_OUTER_BOUND('',#542,.T.);
#273=FACE_OUTER_BOUND('',#543,.T.);
#274=FACE_OUTER_BOUND('',#544,.T.);
#275=FACE_OUTER_BOUND('',#545,.T.);
#276=FACE_OUTER_BOUND('',#546,.T.);
#277=FACE_OUTER_BOUND('',#547,.T.);
#278=FACE_OUTER_BOUND('',#548,.T.);
#279=FACE_OUTER_BOUND('',#549,.T.);
#280=FACE_OUTER_BOUND('',#550,.T.);
#281=FACE_OUTER_BOUND('',#551,.T.);
#282=FACE_OUTER_BOUND('',#552,.T.);
#283=FACE_OUTER_BOUND('',#553,.T.);
#284=FACE_OUTER_BOUND('',#554,.T.);
#285=FACE_OUTER_BOUND('',#555,.T.);
#286=FACE_OUTER_BOUND('',#556,.T.);
#287=FACE_OUTER_BOUND('',#557,.T.);
#288=FACE_OUTER_BOUND('',#558,.T.);
#289=FACE_OUTER_BOUND('',#559,.T.);
#290=FACE_OUTER_BOUND('',#560,.T.);
#291=FACE_OUTER_BOUND('',#561,.T.);
#292=FACE_OUTER_BOUND('',#562,.T.);
#293=FACE_OUTER_BOUND('',#563,.T.);
#294=FACE_OUTER_BOUND('',#564,.T.);
#295=FACE_OUTER_BOUND('',#565,.T.);
#296=FACE_OUTER_BOUND('',#566,.T.);
#297=FACE_OUTER_BOUND('',#567,.T.);
#298=FACE_OUTER_BOUND('',#568,.T.);
#299=FACE_OUTER_BOUND('',#569,.T.);
#300=FACE_OUTER_BOUND('',#570,.T.);
#301=FACE_OUTER_BOUND('',#571,.T.);
#302=FACE_OUTER_BOUND('',#572,.T.);
#303=FACE_OUTER_BOUND('',#573,.T.);
#304=FACE_OUTER_BOUND('',#574,.T.);
#305=FACE_OUTER_BOUND('',#575,.T.);
#306=FACE_OUTER_BOUND('',#576,.T.);
#307=FACE_OUTER_BOUND('',#577,.T.);
#308=FACE_OUTER_BOUND('',#578,.T.);
#309=FACE_OUTER_BOUND('',#579,.T.);
#310=FACE_OUTER_BOUND('',#580,.T.);
#311=FACE_OUTER_BOUND('',#581,.T.);
#312=FACE_OUTER_BOUND('',#582,.T.);
#313=FACE_OUTER_BOUND('',#583,.T.);
#314=FACE_OUTER_BOUND('',#584,.T.);
#315=FACE_OUTER_BOUND('',#585,.T.);
#316=FACE_OUTER_BOUND('',#586,.T.);
#317=FACE_OUTER_BOUND('',#587,.T.);
#318=FACE_OUTER_BOUND('',#588,.T.);
#319=FACE_OUTER_BOUND('',#589,.T.);
#320=FACE_OUTER_BOUND('',#590,.T.);
#321=FACE_OUTER_BOUND('',#591,.T.);
#322=FACE_OUTER_BOUND('',#592,.T.);
#323=FACE_OUTER_BOUND('',#593,.T.);
#324=FACE_OUTER_BOUND('',#594,.T.);
#325=FACE_OUTER_BOUND('',#595,.T.);
#326=FACE_OUTER_BOUND('',#596,.T.);
#327=FACE_OUTER_BOUND('',#597,.T.);
#328=FACE_OUTER_BOUND('',#598,.T.);
#329=FACE_OUTER_BOUND('',#599,.T.);
#330=FACE_OUTER_BOUND('',#600,.T.);
#331=FACE_OUTER_BOUND('',#601,.T.);
#332=FACE_OUTER_BOUND('',#602,.T.);
#333=FACE_OUTER_BOUND('',#603,.T.);
#334=FACE_OUTER_BOUND('',#604,.T.);
#335=FACE_OUTER_BOUND('',#605,.T.);
#336=FACE_OUTER_BOUND('',#606,.T.);
#337=FACE_OUTER_BOUND('',#607,.T.);
#338=FACE_OUTER_BOUND('',#608,.T.);
#339=FACE_OUTER_BOUND('',#609,.T.);
#340=FACE_OUTER_BOUND('',#610,.T.);
#341=FACE_OUTER_BOUND('',#611,.T.);
#342=FACE_OUTER_BOUND('',#612,.T.);
#343=FACE_OUTER_BOUND('',#613,.T.);
#344=FACE_OUTER_BOUND('',#618,.T.);
#345=FACE_OUTER_BOUND('',#620,.T.);
#346=FACE_OUTER_BOUND('',#621,.T.);
#347=FACE_OUTER_BOUND('',#622,.T.);
#348=FACE_OUTER_BOUND('',#623,.T.);
#349=FACE_OUTER_BOUND('',#624,.T.);
#350=FACE_OUTER_BOUND('',#625,.T.);
#351=FACE_OUTER_BOUND('',#626,.T.);
#352=FACE_OUTER_BOUND('',#627,.T.);
#353=FACE_OUTER_BOUND('',#628,.T.);
#354=FACE_OUTER_BOUND('',#629,.T.);
#355=FACE_OUTER_BOUND('',#630,.T.);
#356=FACE_OUTER_BOUND('',#631,.T.);
#357=FACE_OUTER_BOUND('',#632,.T.);
#358=FACE_OUTER_BOUND('',#633,.T.);
#359=FACE_OUTER_BOUND('',#634,.T.);
#360=FACE_OUTER_BOUND('',#635,.T.);
#361=FACE_OUTER_BOUND('',#636,.T.);
#362=FACE_OUTER_BOUND('',#637,.T.);
#363=FACE_OUTER_BOUND('',#638,.T.);
#364=FACE_OUTER_BOUND('',#639,.T.);
#365=FACE_OUTER_BOUND('',#640,.T.);
#366=FACE_OUTER_BOUND('',#641,.T.);
#367=FACE_OUTER_BOUND('',#642,.T.);
#368=FACE_OUTER_BOUND('',#643,.T.);
#369=FACE_OUTER_BOUND('',#644,.T.);
#370=FACE_OUTER_BOUND('',#645,.T.);
#371=FACE_OUTER_BOUND('',#646,.T.);
#372=FACE_OUTER_BOUND('',#647,.T.);
#373=FACE_OUTER_BOUND('',#648,.T.);
#374=FACE_OUTER_BOUND('',#649,.T.);
#375=FACE_OUTER_BOUND('',#650,.T.);
#376=FACE_OUTER_BOUND('',#651,.T.);
#377=FACE_OUTER_BOUND('',#652,.T.);
#378=FACE_OUTER_BOUND('',#653,.T.);
#379=FACE_OUTER_BOUND('',#654,.T.);
#380=FACE_OUTER_BOUND('',#655,.T.);
#381=FACE_OUTER_BOUND('',#656,.T.);
#382=FACE_OUTER_BOUND('',#657,.T.);
#383=FACE_OUTER_BOUND('',#658,.T.);
#384=FACE_OUTER_BOUND('',#659,.T.);
#385=FACE_OUTER_BOUND('',#660,.T.);
#386=FACE_OUTER_BOUND('',#661,.T.);
#387=FACE_OUTER_BOUND('',#662,.T.);
#388=FACE_OUTER_BOUND('',#663,.T.);
#389=FACE_OUTER_BOUND('',#664,.T.);
#390=FACE_OUTER_BOUND('',#665,.T.);
#391=FACE_OUTER_BOUND('',#666,.T.);
#392=FACE_OUTER_BOUND('',#667,.T.);
#393=FACE_OUTER_BOUND('',#668,.T.);
#394=FACE_OUTER_BOUND('',#669,.T.);
#395=FACE_OUTER_BOUND('',#670,.T.);
#396=FACE_OUTER_BOUND('',#671,.T.);
#397=FACE_OUTER_BOUND('',#672,.T.);
#398=FACE_OUTER_BOUND('',#673,.T.);
#399=FACE_OUTER_BOUND('',#674,.T.);
#400=FACE_OUTER_BOUND('',#675,.T.);
#401=FACE_OUTER_BOUND('',#676,.T.);
#402=FACE_OUTER_BOUND('',#677,.T.);
#403=FACE_OUTER_BOUND('',#678,.T.);
#404=FACE_OUTER_BOUND('',#679,.T.);
#405=FACE_OUTER_BOUND('',#680,.T.);
#406=FACE_OUTER_BOUND('',#681,.T.);
#407=FACE_OUTER_BOUND('',#682,.T.);
#408=FACE_OUTER_BOUND('',#683,.T.);
#409=FACE_OUTER_BOUND('',#684,.T.);
#410=FACE_OUTER_BOUND('',#685,.T.);
#411=FACE_OUTER_BOUND('',#686,.T.);
#412=FACE_OUTER_BOUND('',#687,.T.);
#413=FACE_OUTER_BOUND('',#688,.T.);
#414=FACE_OUTER_BOUND('',#689,.T.);
#415=FACE_OUTER_BOUND('',#690,.T.);
#416=FACE_OUTER_BOUND('',#691,.T.);
#417=FACE_OUTER_BOUND('',#692,.T.);
#418=FACE_OUTER_BOUND('',#693,.T.);
#419=FACE_OUTER_BOUND('',#694,.T.);
#420=FACE_OUTER_BOUND('',#695,.T.);
#421=FACE_OUTER_BOUND('',#696,.T.);
#422=FACE_OUTER_BOUND('',#697,.T.);
#423=FACE_OUTER_BOUND('',#698,.T.);
#424=FACE_OUTER_BOUND('',#699,.T.);
#425=FACE_OUTER_BOUND('',#700,.T.);
#426=FACE_OUTER_BOUND('',#701,.T.);
#427=FACE_OUTER_BOUND('',#702,.T.);
#428=FACE_OUTER_BOUND('',#703,.T.);
#429=FACE_OUTER_BOUND('',#704,.T.);
#430=FACE_OUTER_BOUND('',#705,.T.);
#431=FACE_OUTER_BOUND('',#706,.T.);
#432=FACE_OUTER_BOUND('',#707,.T.);
#433=FACE_OUTER_BOUND('',#708,.T.);
#434=FACE_OUTER_BOUND('',#709,.T.);
#435=FACE_OUTER_BOUND('',#710,.T.);
#436=FACE_OUTER_BOUND('',#711,.T.);
#437=FACE_OUTER_BOUND('',#712,.T.);
#438=FACE_OUTER_BOUND('',#713,.T.);
#439=FACE_OUTER_BOUND('',#714,.T.);
#440=FACE_OUTER_BOUND('',#715,.T.);
#441=FACE_OUTER_BOUND('',#716,.T.);
#442=FACE_OUTER_BOUND('',#717,.T.);
#443=FACE_OUTER_BOUND('',#718,.T.);
#444=FACE_OUTER_BOUND('',#719,.T.);
#445=FACE_OUTER_BOUND('',#720,.T.);
#446=FACE_OUTER_BOUND('',#721,.T.);
#447=FACE_OUTER_BOUND('',#722,.T.);
#448=FACE_OUTER_BOUND('',#723,.T.);
#449=FACE_OUTER_BOUND('',#724,.T.);
#450=FACE_OUTER_BOUND('',#725,.T.);
#451=FACE_OUTER_BOUND('',#726,.T.);
#452=FACE_OUTER_BOUND('',#727,.T.);
#453=FACE_OUTER_BOUND('',#728,.T.);
#454=FACE_OUTER_BOUND('',#729,.T.);
#455=FACE_OUTER_BOUND('',#730,.T.);
#456=FACE_OUTER_BOUND('',#731,.T.);
#457=FACE_OUTER_BOUND('',#732,.T.);
#458=FACE_OUTER_BOUND('',#741,.T.);
#459=FACE_OUTER_BOUND('',#742,.T.);
#460=FACE_OUTER_BOUND('',#743,.T.);
#461=FACE_OUTER_BOUND('',#744,.T.);
#462=FACE_OUTER_BOUND('',#745,.T.);
#463=FACE_OUTER_BOUND('',#746,.T.);
#464=FACE_OUTER_BOUND('',#748,.T.);
#465=FACE_OUTER_BOUND('',#749,.T.);
#466=FACE_OUTER_BOUND('',#750,.T.);
#467=FACE_OUTER_BOUND('',#751,.T.);
#468=FACE_OUTER_BOUND('',#752,.T.);
#469=FACE_OUTER_BOUND('',#753,.T.);
#470=FACE_OUTER_BOUND('',#754,.T.);
#471=FACE_OUTER_BOUND('',#756,.T.);
#472=FACE_OUTER_BOUND('',#757,.T.);
#473=FACE_OUTER_BOUND('',#758,.T.);
#474=FACE_OUTER_BOUND('',#759,.T.);
#475=FACE_OUTER_BOUND('',#760,.T.);
#476=FACE_OUTER_BOUND('',#761,.T.);
#477=FACE_OUTER_BOUND('',#762,.T.);
#478=FACE_OUTER_BOUND('',#763,.T.);
#479=FACE_OUTER_BOUND('',#764,.T.);
#480=FACE_OUTER_BOUND('',#765,.T.);
#481=FACE_OUTER_BOUND('',#766,.T.);
#482=FACE_OUTER_BOUND('',#767,.T.);
#483=FACE_OUTER_BOUND('',#768,.T.);
#484=FACE_OUTER_BOUND('',#769,.T.);
#485=FACE_OUTER_BOUND('',#770,.T.);
#486=FACE_OUTER_BOUND('',#771,.T.);
#487=FACE_OUTER_BOUND('',#772,.T.);
#488=FACE_OUTER_BOUND('',#773,.T.);
#489=FACE_OUTER_BOUND('',#774,.T.);
#490=FACE_OUTER_BOUND('',#775,.T.);
#491=FACE_OUTER_BOUND('',#776,.T.);
#492=FACE_OUTER_BOUND('',#777,.T.);
#493=FACE_OUTER_BOUND('',#779,.T.);
#494=EDGE_LOOP('',(#3132,#3133,#3134,#3135));
#495=EDGE_LOOP('',(#3136,#3137,#3138,#3139,#3140,#3141,#3142,#3143));
#496=EDGE_LOOP('',(#3144,#3145,#3146,#3147));
#497=EDGE_LOOP('',(#3148,#3149,#3150,#3151));
#498=EDGE_LOOP('',(#3152,#3153,#3154,#3155));
#499=EDGE_LOOP('',(#3156,#3157,#3158,#3159));
#500=EDGE_LOOP('',(#3160,#3161,#3162,#3163));
#501=EDGE_LOOP('',(#3164,#3165,#3166,#3167));
#502=EDGE_LOOP('',(#3168,#3169,#3170,#3171,#3172,#3173,#3174,#3175));
#503=EDGE_LOOP('',(#3176,#3177,#3178,#3179));
#504=EDGE_LOOP('',(#3180,#3181,#3182,#3183));
#505=EDGE_LOOP('',(#3184,#3185,#3186,#3187));
#506=EDGE_LOOP('',(#3188,#3189,#3190,#3191));
#507=EDGE_LOOP('',(#3192,#3193,#3194,#3195));
#508=EDGE_LOOP('',(#3196,#3197,#3198,#3199));
#509=EDGE_LOOP('',(#3200,#3201,#3202,#3203));
#510=EDGE_LOOP('',(#3204,#3205,#3206,#3207));
#511=EDGE_LOOP('',(#3208,#3209,#3210,#3211));
#512=EDGE_LOOP('',(#3212,#3213,#3214,#3215));
#513=EDGE_LOOP('',(#3216,#3217,#3218,#3219));
#514=EDGE_LOOP('',(#3220,#3221,#3222,#3223));
#515=EDGE_LOOP('',(#3224,#3225,#3226,#3227));
#516=EDGE_LOOP('',(#3228,#3229,#3230,#3231));
#517=EDGE_LOOP('',(#3232,#3233,#3234,#3235));
#518=EDGE_LOOP('',(#3236,#3237,#3238,#3239,#3240,#3241,#3242,#3243));
#519=EDGE_LOOP('',(#3244,#3245,#3246,#3247));
#520=EDGE_LOOP('',(#3248,#3249,#3250,#3251,#3252,#3253,#3254,#3255));
#521=EDGE_LOOP('',(#3256,#3257,#3258,#3259));
#522=EDGE_LOOP('',(#3260,#3261,#3262,#3263,#3264,#3265,#3266,#3267));
#523=EDGE_LOOP('',(#3268,#3269,#3270,#3271));
#524=EDGE_LOOP('',(#3272,#3273,#3274,#3275,#3276,#3277,#3278,#3279));
#525=EDGE_LOOP('',(#3280,#3281,#3282,#3283));
#526=EDGE_LOOP('',(#3284,#3285,#3286,#3287,#3288,#3289,#3290,#3291));
#527=EDGE_LOOP('',(#3292,#3293,#3294,#3295));
#528=EDGE_LOOP('',(#3296,#3297,#3298,#3299,#3300,#3301,#3302,#3303));
#529=EDGE_LOOP('',(#3304,#3305,#3306,#3307));
#530=EDGE_LOOP('',(#3308,#3309,#3310,#3311,#3312,#3313,#3314,#3315));
#531=EDGE_LOOP('',(#3316,#3317,#3318,#3319));
#532=EDGE_LOOP('',(#3320,#3321,#3322,#3323));
#533=EDGE_LOOP('',(#3324,#3325,#3326,#3327));
#534=EDGE_LOOP('',(#3328,#3329,#3330,#3331));
#535=EDGE_LOOP('',(#3332,#3333,#3334,#3335));
#536=EDGE_LOOP('',(#3336,#3337,#3338,#3339));
#537=EDGE_LOOP('',(#3340,#3341,#3342,#3343));
#538=EDGE_LOOP('',(#3344,#3345,#3346,#3347));
#539=EDGE_LOOP('',(#3348,#3349,#3350,#3351));
#540=EDGE_LOOP('',(#3352,#3353,#3354,#3355));
#541=EDGE_LOOP('',(#3356,#3357,#3358,#3359));
#542=EDGE_LOOP('',(#3360,#3361,#3362,#3363));
#543=EDGE_LOOP('',(#3364,#3365,#3366,#3367,#3368,#3369,#3370,#3371));
#544=EDGE_LOOP('',(#3372,#3373,#3374,#3375));
#545=EDGE_LOOP('',(#3376,#3377,#3378,#3379,#3380,#3381,#3382,#3383));
#546=EDGE_LOOP('',(#3384,#3385,#3386,#3387));
#547=EDGE_LOOP('',(#3388,#3389,#3390,#3391));
#548=EDGE_LOOP('',(#3392,#3393,#3394,#3395));
#549=EDGE_LOOP('',(#3396,#3397,#3398,#3399,#3400,#3401,#3402,#3403));
#550=EDGE_LOOP('',(#3404,#3405,#3406,#3407));
#551=EDGE_LOOP('',(#3408,#3409,#3410,#3411));
#552=EDGE_LOOP('',(#3412,#3413,#3414,#3415));
#553=EDGE_LOOP('',(#3416,#3417,#3418,#3419,#3420,#3421,#3422,#3423));
#554=EDGE_LOOP('',(#3424,#3425,#3426,#3427));
#555=EDGE_LOOP('',(#3428,#3429,#3430,#3431,#3432,#3433,#3434,#3435));
#556=EDGE_LOOP('',(#3436,#3437,#3438,#3439));
#557=EDGE_LOOP('',(#3440,#3441,#3442,#3443));
#558=EDGE_LOOP('',(#3444,#3445,#3446,#3447));
#559=EDGE_LOOP('',(#3448,#3449,#3450,#3451,#3452,#3453,#3454,#3455));
#560=EDGE_LOOP('',(#3456,#3457,#3458,#3459));
#561=EDGE_LOOP('',(#3460,#3461,#3462,#3463));
#562=EDGE_LOOP('',(#3464,#3465,#3466,#3467));
#563=EDGE_LOOP('',(#3468,#3469,#3470,#3471,#3472,#3473,#3474,#3475));
#564=EDGE_LOOP('',(#3476,#3477,#3478,#3479));
#565=EDGE_LOOP('',(#3480,#3481,#3482,#3483,#3484,#3485,#3486,#3487));
#566=EDGE_LOOP('',(#3488,#3489,#3490,#3491));
#567=EDGE_LOOP('',(#3492,#3493,#3494,#3495));
#568=EDGE_LOOP('',(#3496,#3497,#3498,#3499));
#569=EDGE_LOOP('',(#3500,#3501,#3502,#3503,#3504,#3505,#3506,#3507));
#570=EDGE_LOOP('',(#3508,#3509,#3510,#3511));
#571=EDGE_LOOP('',(#3512,#3513,#3514,#3515));
#572=EDGE_LOOP('',(#3516,#3517,#3518,#3519));
#573=EDGE_LOOP('',(#3520,#3521,#3522,#3523,#3524,#3525,#3526,#3527));
#574=EDGE_LOOP('',(#3528,#3529,#3530,#3531));
#575=EDGE_LOOP('',(#3532,#3533,#3534,#3535,#3536,#3537,#3538,#3539));
#576=EDGE_LOOP('',(#3540,#3541,#3542,#3543));
#577=EDGE_LOOP('',(#3544,#3545,#3546,#3547));
#578=EDGE_LOOP('',(#3548,#3549,#3550,#3551));
#579=EDGE_LOOP('',(#3552,#3553,#3554,#3555,#3556,#3557,#3558,#3559));
#580=EDGE_LOOP('',(#3560,#3561,#3562,#3563));
#581=EDGE_LOOP('',(#3564,#3565,#3566,#3567));
#582=EDGE_LOOP('',(#3568,#3569,#3570,#3571));
#583=EDGE_LOOP('',(#3572,#3573,#3574,#3575,#3576,#3577,#3578,#3579));
#584=EDGE_LOOP('',(#3580,#3581,#3582,#3583));
#585=EDGE_LOOP('',(#3584,#3585,#3586,#3587,#3588,#3589,#3590,#3591));
#586=EDGE_LOOP('',(#3592,#3593,#3594,#3595));
#587=EDGE_LOOP('',(#3596,#3597,#3598,#3599));
#588=EDGE_LOOP('',(#3600,#3601,#3602,#3603));
#589=EDGE_LOOP('',(#3604,#3605,#3606,#3607,#3608,#3609,#3610,#3611));
#590=EDGE_LOOP('',(#3612,#3613,#3614,#3615));
#591=EDGE_LOOP('',(#3616,#3617,#3618,#3619,#3620,#3621,#3622,#3623));
#592=EDGE_LOOP('',(#3624,#3625,#3626,#3627));
#593=EDGE_LOOP('',(#3628,#3629,#3630,#3631,#3632,#3633,#3634,#3635));
#594=EDGE_LOOP('',(#3636,#3637,#3638,#3639,#3640,#3641,#3642,#3643));
#595=EDGE_LOOP('',(#3644,#3645,#3646,#3647));
#596=EDGE_LOOP('',(#3648,#3649,#3650,#3651));
#597=EDGE_LOOP('',(#3652,#3653,#3654,#3655));
#598=EDGE_LOOP('',(#3656,#3657,#3658,#3659));
#599=EDGE_LOOP('',(#3660,#3661,#3662,#3663));
#600=EDGE_LOOP('',(#3664,#3665,#3666,#3667));
#601=EDGE_LOOP('',(#3668,#3669,#3670,#3671,#3672,#3673,#3674,#3675));
#602=EDGE_LOOP('',(#3676,#3677,#3678,#3679));
#603=EDGE_LOOP('',(#3680,#3681,#3682,#3683,#3684,#3685,#3686,#3687));
#604=EDGE_LOOP('',(#3688,#3689,#3690,#3691,#3692,#3693,#3694,#3695));
#605=EDGE_LOOP('',(#3696,#3697,#3698,#3699));
#606=EDGE_LOOP('',(#3700,#3701,#3702,#3703));
#607=EDGE_LOOP('',(#3704,#3705,#3706,#3707));
#608=EDGE_LOOP('',(#3708,#3709,#3710,#3711));
#609=EDGE_LOOP('',(#3712,#3713,#3714,#3715));
#610=EDGE_LOOP('',(#3716,#3717,#3718,#3719));
#611=EDGE_LOOP('',(#3720,#3721,#3722,#3723));
#612=EDGE_LOOP('',(#3724,#3725,#3726,#3727));
#613=EDGE_LOOP('',(#3728,#3729,#3730,#3731));
#614=EDGE_LOOP('',(#3732,#3733,#3734,#3735));
#615=EDGE_LOOP('',(#3736,#3737,#3738,#3739));
#616=EDGE_LOOP('',(#3740,#3741,#3742,#3743));
#617=EDGE_LOOP('',(#3744,#3745,#3746,#3747));
#618=EDGE_LOOP('',(#3748,#3749,#3750,#3751));
#619=EDGE_LOOP('',(#3752,#3753,#3754,#3755));
#620=EDGE_LOOP('',(#3756,#3757,#3758,#3759));
#621=EDGE_LOOP('',(#3760,#3761,#3762,#3763));
#622=EDGE_LOOP('',(#3764,#3765,#3766,#3767,#3768,#3769,#3770,#3771));
#623=EDGE_LOOP('',(#3772,#3773,#3774,#3775));
#624=EDGE_LOOP('',(#3776,#3777,#3778,#3779));
#625=EDGE_LOOP('',(#3780,#3781,#3782,#3783));
#626=EDGE_LOOP('',(#3784,#3785,#3786,#3787));
#627=EDGE_LOOP('',(#3788,#3789,#3790,#3791));
#628=EDGE_LOOP('',(#3792,#3793,#3794,#3795));
#629=EDGE_LOOP('',(#3796,#3797,#3798,#3799,#3800,#3801,#3802,#3803,#3804,
#3805,#3806,#3807));
#630=EDGE_LOOP('',(#3808,#3809,#3810,#3811));
#631=EDGE_LOOP('',(#3812,#3813,#3814,#3815));
#632=EDGE_LOOP('',(#3816,#3817,#3818,#3819,#3820,#3821));
#633=EDGE_LOOP('',(#3822,#3823,#3824,#3825,#3826,#3827,#3828,#3829,#3830,
#3831,#3832,#3833));
#634=EDGE_LOOP('',(#3834,#3835,#3836,#3837));
#635=EDGE_LOOP('',(#3838,#3839,#3840,#3841,#3842,#3843));
#636=EDGE_LOOP('',(#3844,#3845,#3846,#3847));
#637=EDGE_LOOP('',(#3848,#3849,#3850,#3851));
#638=EDGE_LOOP('',(#3852,#3853,#3854,#3855));
#639=EDGE_LOOP('',(#3856,#3857,#3858,#3859));
#640=EDGE_LOOP('',(#3860,#3861,#3862,#3863));
#641=EDGE_LOOP('',(#3864,#3865,#3866,#3867));
#642=EDGE_LOOP('',(#3868,#3869,#3870,#3871));
#643=EDGE_LOOP('',(#3872,#3873,#3874,#3875));
#644=EDGE_LOOP('',(#3876,#3877,#3878,#3879));
#645=EDGE_LOOP('',(#3880,#3881,#3882,#3883));
#646=EDGE_LOOP('',(#3884,#3885,#3886,#3887));
#647=EDGE_LOOP('',(#3888,#3889,#3890,#3891,#3892,#3893,#3894,#3895));
#648=EDGE_LOOP('',(#3896,#3897,#3898,#3899));
#649=EDGE_LOOP('',(#3900,#3901,#3902,#3903));
#650=EDGE_LOOP('',(#3904,#3905,#3906,#3907));
#651=EDGE_LOOP('',(#3908,#3909,#3910,#3911));
#652=EDGE_LOOP('',(#3912,#3913,#3914,#3915));
#653=EDGE_LOOP('',(#3916,#3917,#3918,#3919));
#654=EDGE_LOOP('',(#3920,#3921,#3922,#3923,#3924,#3925));
#655=EDGE_LOOP('',(#3926,#3927,#3928,#3929));
#656=EDGE_LOOP('',(#3930,#3931,#3932,#3933));
#657=EDGE_LOOP('',(#3934,#3935,#3936,#3937));
#658=EDGE_LOOP('',(#3938,#3939,#3940,#3941));
#659=EDGE_LOOP('',(#3942,#3943,#3944,#3945));
#660=EDGE_LOOP('',(#3946,#3947,#3948,#3949));
#661=EDGE_LOOP('',(#3950,#3951,#3952,#3953));
#662=EDGE_LOOP('',(#3954,#3955,#3956,#3957));
#663=EDGE_LOOP('',(#3958,#3959,#3960,#3961));
#664=EDGE_LOOP('',(#3962,#3963,#3964,#3965));
#665=EDGE_LOOP('',(#3966,#3967,#3968,#3969));
#666=EDGE_LOOP('',(#3970,#3971,#3972,#3973));
#667=EDGE_LOOP('',(#3974,#3975,#3976,#3977));
#668=EDGE_LOOP('',(#3978,#3979,#3980,#3981));
#669=EDGE_LOOP('',(#3982,#3983,#3984,#3985));
#670=EDGE_LOOP('',(#3986,#3987,#3988,#3989));
#671=EDGE_LOOP('',(#3990,#3991,#3992,#3993));
#672=EDGE_LOOP('',(#3994,#3995,#3996,#3997));
#673=EDGE_LOOP('',(#3998,#3999,#4000,#4001));
#674=EDGE_LOOP('',(#4002,#4003,#4004,#4005));
#675=EDGE_LOOP('',(#4006,#4007,#4008,#4009));
#676=EDGE_LOOP('',(#4010,#4011,#4012,#4013));
#677=EDGE_LOOP('',(#4014,#4015,#4016,#4017));
#678=EDGE_LOOP('',(#4018,#4019,#4020,#4021));
#679=EDGE_LOOP('',(#4022,#4023,#4024,#4025));
#680=EDGE_LOOP('',(#4026,#4027,#4028,#4029));
#681=EDGE_LOOP('',(#4030,#4031,#4032,#4033));
#682=EDGE_LOOP('',(#4034,#4035,#4036,#4037));
#683=EDGE_LOOP('',(#4038,#4039,#4040,#4041));
#684=EDGE_LOOP('',(#4042,#4043,#4044,#4045));
#685=EDGE_LOOP('',(#4046,#4047,#4048,#4049));
#686=EDGE_LOOP('',(#4050,#4051,#4052,#4053));
#687=EDGE_LOOP('',(#4054,#4055,#4056,#4057));
#688=EDGE_LOOP('',(#4058,#4059,#4060,#4061));
#689=EDGE_LOOP('',(#4062,#4063,#4064,#4065));
#690=EDGE_LOOP('',(#4066,#4067,#4068,#4069));
#691=EDGE_LOOP('',(#4070,#4071,#4072,#4073));
#692=EDGE_LOOP('',(#4074,#4075,#4076,#4077));
#693=EDGE_LOOP('',(#4078,#4079,#4080,#4081));
#694=EDGE_LOOP('',(#4082,#4083,#4084,#4085));
#695=EDGE_LOOP('',(#4086,#4087,#4088,#4089));
#696=EDGE_LOOP('',(#4090,#4091,#4092,#4093));
#697=EDGE_LOOP('',(#4094,#4095,#4096,#4097));
#698=EDGE_LOOP('',(#4098,#4099,#4100,#4101));
#699=EDGE_LOOP('',(#4102,#4103,#4104,#4105));
#700=EDGE_LOOP('',(#4106,#4107,#4108,#4109));
#701=EDGE_LOOP('',(#4110,#4111,#4112,#4113));
#702=EDGE_LOOP('',(#4114,#4115,#4116,#4117));
#703=EDGE_LOOP('',(#4118,#4119,#4120,#4121));
#704=EDGE_LOOP('',(#4122,#4123,#4124,#4125));
#705=EDGE_LOOP('',(#4126,#4127,#4128,#4129));
#706=EDGE_LOOP('',(#4130,#4131,#4132,#4133));
#707=EDGE_LOOP('',(#4134,#4135,#4136,#4137));
#708=EDGE_LOOP('',(#4138,#4139,#4140,#4141));
#709=EDGE_LOOP('',(#4142,#4143,#4144,#4145));
#710=EDGE_LOOP('',(#4146,#4147,#4148,#4149));
#711=EDGE_LOOP('',(#4150,#4151,#4152,#4153));
#712=EDGE_LOOP('',(#4154,#4155,#4156,#4157));
#713=EDGE_LOOP('',(#4158,#4159,#4160,#4161));
#714=EDGE_LOOP('',(#4162,#4163,#4164,#4165));
#715=EDGE_LOOP('',(#4166,#4167,#4168,#4169));
#716=EDGE_LOOP('',(#4170,#4171,#4172,#4173));
#717=EDGE_LOOP('',(#4174,#4175,#4176,#4177));
#718=EDGE_LOOP('',(#4178,#4179,#4180,#4181));
#719=EDGE_LOOP('',(#4182,#4183,#4184,#4185));
#720=EDGE_LOOP('',(#4186,#4187,#4188,#4189));
#721=EDGE_LOOP('',(#4190,#4191,#4192,#4193));
#722=EDGE_LOOP('',(#4194,#4195,#4196,#4197));
#723=EDGE_LOOP('',(#4198,#4199,#4200,#4201));
#724=EDGE_LOOP('',(#4202,#4203,#4204,#4205));
#725=EDGE_LOOP('',(#4206,#4207,#4208,#4209));
#726=EDGE_LOOP('',(#4210,#4211,#4212,#4213));
#727=EDGE_LOOP('',(#4214,#4215,#4216,#4217));
#728=EDGE_LOOP('',(#4218,#4219,#4220,#4221));
#729=EDGE_LOOP('',(#4222,#4223,#4224,#4225));
#730=EDGE_LOOP('',(#4226,#4227,#4228,#4229));
#731=EDGE_LOOP('',(#4230,#4231,#4232,#4233));
#732=EDGE_LOOP('',(#4234,#4235,#4236,#4237));
#733=EDGE_LOOP('',(#4238,#4239,#4240,#4241,#4242,#4243,#4244,#4245));
#734=EDGE_LOOP('',(#4246,#4247,#4248,#4249,#4250,#4251,#4252,#4253,#4254,
#4255,#4256,#4257));
#735=EDGE_LOOP('',(#4258,#4259,#4260,#4261,#4262,#4263,#4264,#4265,#4266,
#4267,#4268,#4269,#4270));
#736=EDGE_LOOP('',(#4271,#4272,#4273,#4274,#4275,#4276,#4277,#4278,#4279,
#4280,#4281,#4282));
#737=EDGE_LOOP('',(#4283,#4284,#4285,#4286,#4287,#4288,#4289,#4290,#4291,
#4292,#4293,#4294,#4295,#4296,#4297,#4298));
#738=EDGE_LOOP('',(#4299,#4300,#4301,#4302));
#739=EDGE_LOOP('',(#4303,#4304,#4305,#4306));
#740=EDGE_LOOP('',(#4307,#4308,#4309,#4310));
#741=EDGE_LOOP('',(#4311,#4312,#4313,#4314));
#742=EDGE_LOOP('',(#4315,#4316,#4317,#4318));
#743=EDGE_LOOP('',(#4319,#4320,#4321,#4322));
#744=EDGE_LOOP('',(#4323,#4324,#4325,#4326));
#745=EDGE_LOOP('',(#4327,#4328,#4329,#4330));
#746=EDGE_LOOP('',(#4331,#4332,#4333,#4334));
#747=EDGE_LOOP('',(#4335,#4336,#4337,#4338));
#748=EDGE_LOOP('',(#4339,#4340,#4341,#4342));
#749=EDGE_LOOP('',(#4343,#4344,#4345,#4346));
#750=EDGE_LOOP('',(#4347,#4348,#4349,#4350));
#751=EDGE_LOOP('',(#4351,#4352,#4353,#4354,#4355,#4356,#4357,#4358,#4359,
#4360,#4361,#4362,#4363,#4364,#4365,#4366));
#752=EDGE_LOOP('',(#4367,#4368,#4369,#4370,#4371,#4372,#4373,#4374,#4375,
#4376,#4377,#4378));
#753=EDGE_LOOP('',(#4379,#4380,#4381,#4382,#4383,#4384,#4385,#4386,#4387,
#4388,#4389,#4390,#4391));
#754=EDGE_LOOP('',(#4392,#4393,#4394,#4395,#4396,#4397,#4398,#4399,#4400,
#4401,#4402,#4403));
#755=EDGE_LOOP('',(#4404,#4405,#4406,#4407,#4408,#4409));
#756=EDGE_LOOP('',(#4410,#4411,#4412));
#757=EDGE_LOOP('',(#4413,#4414,#4415,#4416));
#758=EDGE_LOOP('',(#4417,#4418,#4419));
#759=EDGE_LOOP('',(#4420,#4421,#4422,#4423));
#760=EDGE_LOOP('',(#4424,#4425,#4426,#4427));
#761=EDGE_LOOP('',(#4428,#4429,#4430));
#762=EDGE_LOOP('',(#4431,#4432,#4433,#4434));
#763=EDGE_LOOP('',(#4435,#4436,#4437));
#764=EDGE_LOOP('',(#4438,#4439,#4440,#4441));
#765=EDGE_LOOP('',(#4442,#4443,#4444,#4445));
#766=EDGE_LOOP('',(#4446,#4447,#4448,#4449));
#767=EDGE_LOOP('',(#4450,#4451,#4452,#4453));
#768=EDGE_LOOP('',(#4454,#4455,#4456,#4457));
#769=EDGE_LOOP('',(#4458,#4459,#4460,#4461));
#770=EDGE_LOOP('',(#4462,#4463,#4464,#4465));
#771=EDGE_LOOP('',(#4466,#4467,#4468,#4469));
#772=EDGE_LOOP('',(#4470,#4471,#4472,#4473));
#773=EDGE_LOOP('',(#4474,#4475,#4476,#4477));
#774=EDGE_LOOP('',(#4478,#4479,#4480,#4481));
#775=EDGE_LOOP('',(#4482,#4483,#4484,#4485));
#776=EDGE_LOOP('',(#4486,#4487,#4488,#4489));
#777=EDGE_LOOP('',(#4490,#4491,#4492,#4493));
#778=EDGE_LOOP('',(#4494,#4495,#4496,#4497,#4498,#4499,#4500,#4501));
#779=EDGE_LOOP('',(#4502,#4503,#4504,#4505,#4506,#4507,#4508,#4509));
#780=EDGE_LOOP('',(#4510,#4511,#4512,#4513));
#781=LINE('',#6730,#1384);
#782=LINE('',#6732,#1385);
#783=LINE('',#6734,#1386);
#784=LINE('',#6735,#1387);
#785=LINE('',#6740,#1388);
#786=LINE('',#6744,#1389);
#787=LINE('',#6748,#1390);
#788=LINE('',#6751,#1391);
#789=LINE('',#6754,#1392);
#790=LINE('',#6756,#1393);
#791=LINE('',#6757,#1394);
#792=LINE('',#6760,#1395);
#793=LINE('',#6762,#1396);
#794=LINE('',#6764,#1397);
#795=LINE('',#6765,#1398);
#796=LINE('',#6768,#1399);
#797=LINE('',#6770,#1400);
#798=LINE('',#6772,#1401);
#799=LINE('',#6773,#1402);
#800=LINE('',#6776,#1403);
#801=LINE('',#6778,#1404);
#802=LINE('',#6780,#1405);
#803=LINE('',#6781,#1406);
#804=LINE('',#6784,#1407);
#805=LINE('',#6785,#1408);
#806=LINE('',#6788,#1409);
#807=LINE('',#6790,#1410);
#808=LINE('',#6791,#1411);
#809=LINE('',#6796,#1412);
#810=LINE('',#6800,#1413);
#811=LINE('',#6804,#1414);
#812=LINE('',#6808,#1415);
#813=LINE('',#6810,#1416);
#814=LINE('',#6812,#1417);
#815=LINE('',#6813,#1418);
#816=LINE('',#6816,#1419);
#817=LINE('',#6818,#1420);
#818=LINE('',#6820,#1421);
#819=LINE('',#6821,#1422);
#820=LINE('',#6824,#1423);
#821=LINE('',#6826,#1424);
#822=LINE('',#6828,#1425);
#823=LINE('',#6829,#1426);
#824=LINE('',#6832,#1427);
#825=LINE('',#6834,#1428);
#826=LINE('',#6836,#1429);
#827=LINE('',#6837,#1430);
#828=LINE('',#6840,#1431);
#829=LINE('',#6842,#1432);
#830=LINE('',#6844,#1433);
#831=LINE('',#6845,#1434);
#832=LINE('',#6848,#1435);
#833=LINE('',#6850,#1436);
#834=LINE('',#6852,#1437);
#835=LINE('',#6853,#1438);
#836=LINE('',#6856,#1439);
#837=LINE('',#6858,#1440);
#838=LINE('',#6860,#1441);
#839=LINE('',#6861,#1442);
#840=LINE('',#6864,#1443);
#841=LINE('',#6866,#1444);
#842=LINE('',#6868,#1445);
#843=LINE('',#6869,#1446);
#844=LINE('',#6872,#1447);
#845=LINE('',#6874,#1448);
#846=LINE('',#6875,#1449);
#847=LINE('',#6878,#1450);
#848=LINE('',#6879,#1451);
#849=LINE('',#6881,#1452);
#850=LINE('',#6882,#1453);
#851=LINE('',#6884,#1454);
#852=LINE('',#6886,#1455);
#853=LINE('',#6890,#1456);
#854=LINE('',#6892,#1457);
#855=LINE('',#6893,#1458);
#856=LINE('',#6896,#1459);
#857=LINE('',#6898,#1460);
#858=LINE('',#6900,#1461);
#859=LINE('',#6902,#1462);
#860=LINE('',#6904,#1463);
#861=LINE('',#6905,#1464);
#862=LINE('',#6908,#1465);
#863=LINE('',#6910,#1466);
#864=LINE('',#6911,#1467);
#865=LINE('',#6914,#1468);
#866=LINE('',#6916,#1469);
#867=LINE('',#6918,#1470);
#868=LINE('',#6920,#1471);
#869=LINE('',#6922,#1472);
#870=LINE('',#6923,#1473);
#871=LINE('',#6926,#1474);
#872=LINE('',#6928,#1475);
#873=LINE('',#6929,#1476);
#874=LINE('',#6932,#1477);
#875=LINE('',#6934,#1478);
#876=LINE('',#6936,#1479);
#877=LINE('',#6938,#1480);
#878=LINE('',#6940,#1481);
#879=LINE('',#6941,#1482);
#880=LINE('',#6944,#1483);
#881=LINE('',#6946,#1484);
#882=LINE('',#6947,#1485);
#883=LINE('',#6950,#1486);
#884=LINE('',#6952,#1487);
#885=LINE('',#6954,#1488);
#886=LINE('',#6956,#1489);
#887=LINE('',#6958,#1490);
#888=LINE('',#6959,#1491);
#889=LINE('',#6962,#1492);
#890=LINE('',#6964,#1493);
#891=LINE('',#6965,#1494);
#892=LINE('',#6968,#1495);
#893=LINE('',#6970,#1496);
#894=LINE('',#6972,#1497);
#895=LINE('',#6974,#1498);
#896=LINE('',#6976,#1499);
#897=LINE('',#6977,#1500);
#898=LINE('',#6980,#1501);
#899=LINE('',#6982,#1502);
#900=LINE('',#6983,#1503);
#901=LINE('',#6986,#1504);
#902=LINE('',#6988,#1505);
#903=LINE('',#6990,#1506);
#904=LINE('',#6992,#1507);
#905=LINE('',#6994,#1508);
#906=LINE('',#6995,#1509);
#907=LINE('',#6998,#1510);
#908=LINE('',#7000,#1511);
#909=LINE('',#7001,#1512);
#910=LINE('',#7004,#1513);
#911=LINE('',#7006,#1514);
#912=LINE('',#7008,#1515);
#913=LINE('',#7010,#1516);
#914=LINE('',#7012,#1517);
#915=LINE('',#7013,#1518);
#916=LINE('',#7015,#1519);
#917=LINE('',#7017,#1520);
#918=LINE('',#7022,#1521);
#919=LINE('',#7024,#1522);
#920=LINE('',#7026,#1523);
#921=LINE('',#7027,#1524);
#922=LINE('',#7030,#1525);
#923=LINE('',#7032,#1526);
#924=LINE('',#7033,#1527);
#925=LINE('',#7036,#1528);
#926=LINE('',#7038,#1529);
#927=LINE('',#7039,#1530);
#928=LINE('',#7041,#1531);
#929=LINE('',#7042,#1532);
#930=LINE('',#7045,#1533);
#931=LINE('',#7046,#1534);
#932=LINE('',#7049,#1535);
#933=LINE('',#7051,#1536);
#934=LINE('',#7052,#1537);
#935=LINE('',#7055,#1538);
#936=LINE('',#7057,#1539);
#937=LINE('',#7058,#1540);
#938=LINE('',#7066,#1541);
#939=LINE('',#7067,#1542);
#940=LINE('',#7071,#1543);
#941=LINE('',#7074,#1544);
#942=LINE('',#7075,#1545);
#943=LINE('',#7078,#1546);
#944=LINE('',#7079,#1547);
#945=LINE('',#7081,#1548);
#946=LINE('',#7083,#1549);
#947=LINE('',#7087,#1550);
#948=LINE('',#7089,#1551);
#949=LINE('',#7090,#1552);
#950=LINE('',#7093,#1553);
#951=LINE('',#7095,#1554);
#952=LINE('',#7096,#1555);
#953=LINE('',#7104,#1556);
#954=LINE('',#7105,#1557);
#955=LINE('',#7109,#1558);
#956=LINE('',#7112,#1559);
#957=LINE('',#7113,#1560);
#958=LINE('',#7116,#1561);
#959=LINE('',#7117,#1562);
#960=LINE('',#7119,#1563);
#961=LINE('',#7121,#1564);
#962=LINE('',#7126,#1565);
#963=LINE('',#7128,#1566);
#964=LINE('',#7130,#1567);
#965=LINE('',#7131,#1568);
#966=LINE('',#7135,#1569);
#967=LINE('',#7137,#1570);
#968=LINE('',#7139,#1571);
#969=LINE('',#7140,#1572);
#970=LINE('',#7145,#1573);
#971=LINE('',#7149,#1574);
#972=LINE('',#7150,#1575);
#973=LINE('',#7154,#1576);
#974=LINE('',#7156,#1577);
#975=LINE('',#7158,#1578);
#976=LINE('',#7159,#1579);
#977=LINE('',#7162,#1580);
#978=LINE('',#7163,#1581);
#979=LINE('',#7165,#1582);
#980=LINE('',#7167,#1583);
#981=LINE('',#7172,#1584);
#982=LINE('',#7174,#1585);
#983=LINE('',#7176,#1586);
#984=LINE('',#7177,#1587);
#985=LINE('',#7181,#1588);
#986=LINE('',#7183,#1589);
#987=LINE('',#7185,#1590);
#988=LINE('',#7186,#1591);
#989=LINE('',#7191,#1592);
#990=LINE('',#7195,#1593);
#991=LINE('',#7196,#1594);
#992=LINE('',#7200,#1595);
#993=LINE('',#7202,#1596);
#994=LINE('',#7204,#1597);
#995=LINE('',#7205,#1598);
#996=LINE('',#7208,#1599);
#997=LINE('',#7209,#1600);
#998=LINE('',#7211,#1601);
#999=LINE('',#7213,#1602);
#1000=LINE('',#7218,#1603);
#1001=LINE('',#7220,#1604);
#1002=LINE('',#7222,#1605);
#1003=LINE('',#7223,#1606);
#1004=LINE('',#7227,#1607);
#1005=LINE('',#7229,#1608);
#1006=LINE('',#7231,#1609);
#1007=LINE('',#7232,#1610);
#1008=LINE('',#7237,#1611);
#1009=LINE('',#7241,#1612);
#1010=LINE('',#7242,#1613);
#1011=LINE('',#7246,#1614);
#1012=LINE('',#7248,#1615);
#1013=LINE('',#7250,#1616);
#1014=LINE('',#7251,#1617);
#1015=LINE('',#7254,#1618);
#1016=LINE('',#7255,#1619);
#1017=LINE('',#7257,#1620);
#1018=LINE('',#7259,#1621);
#1019=LINE('',#7263,#1622);
#1020=LINE('',#7264,#1623);
#1021=LINE('',#7268,#1624);
#1022=LINE('',#7270,#1625);
#1023=LINE('',#7274,#1626);
#1024=LINE('',#7275,#1627);
#1025=LINE('',#7278,#1628);
#1026=LINE('',#7281,#1629);
#1027=LINE('',#7283,#1630);
#1028=LINE('',#7284,#1631);
#1029=LINE('',#7286,#1632);
#1030=LINE('',#7288,#1633);
#1031=LINE('',#7290,#1634);
#1032=LINE('',#7291,#1635);
#1033=LINE('',#7294,#1636);
#1034=LINE('',#7296,#1637);
#1035=LINE('',#7299,#1638);
#1036=LINE('',#7301,#1639);
#1037=LINE('',#7303,#1640);
#1038=LINE('',#7309,#1641);
#1039=LINE('',#7310,#1642);
#1040=LINE('',#7313,#1643);
#1041=LINE('',#7317,#1644);
#1042=LINE('',#7318,#1645);
#1043=LINE('',#7321,#1646);
#1044=LINE('',#7324,#1647);
#1045=LINE('',#7325,#1648);
#1046=LINE('',#7327,#1649);
#1047=LINE('',#7329,#1650);
#1048=LINE('',#7331,#1651);
#1049=LINE('',#7332,#1652);
#1050=LINE('',#7335,#1653);
#1051=LINE('',#7338,#1654);
#1052=LINE('',#7340,#1655);
#1053=LINE('',#7347,#1656);
#1054=LINE('',#7348,#1657);
#1055=LINE('',#7350,#1658);
#1056=LINE('',#7352,#1659);
#1057=LINE('',#7359,#1660);
#1058=LINE('',#7361,#1661);
#1059=LINE('',#7363,#1662);
#1060=LINE('',#7364,#1663);
#1061=LINE('',#7367,#1664);
#1062=LINE('',#7369,#1665);
#1063=LINE('',#7370,#1666);
#1064=LINE('',#7373,#1667);
#1065=LINE('',#7375,#1668);
#1066=LINE('',#7377,#1669);
#1067=LINE('',#7379,#1670);
#1068=LINE('',#7381,#1671);
#1069=LINE('',#7382,#1672);
#1070=LINE('',#7386,#1673);
#1071=LINE('',#7388,#1674);
#1072=LINE('',#7390,#1675);
#1073=LINE('',#7391,#1676);
#1074=LINE('',#7395,#1677);
#1075=LINE('',#7400,#1678);
#1076=LINE('',#7402,#1679);
#1077=LINE('',#7403,#1680);
#1078=LINE('',#7407,#1681);
#1079=LINE('',#7409,#1682);
#1080=LINE('',#7411,#1683);
#1081=LINE('',#7412,#1684);
#1082=LINE('',#7417,#1685);
#1083=LINE('',#7421,#1686);
#1084=LINE('',#7423,#1687);
#1085=LINE('',#7424,#1688);
#1086=LINE('',#7427,#1689);
#1087=LINE('',#7431,#1690);
#1088=LINE('',#7435,#1691);
#1089=LINE('',#7436,#1692);
#1090=LINE('',#7440,#1693);
#1091=LINE('',#7443,#1694);
#1092=LINE('',#7445,#1695);
#1093=LINE('',#7446,#1696);
#1094=LINE('',#7448,#1697);
#1095=LINE('',#7451,#1698);
#1096=LINE('',#7452,#1699);
#1097=LINE('',#7457,#1700);
#1098=LINE('',#7460,#1701);
#1099=LINE('',#7462,#1702);
#1100=LINE('',#7466,#1703);
#1101=LINE('',#7469,#1704);
#1102=LINE('',#7471,#1705);
#1103=LINE('',#7472,#1706);
#1104=LINE('',#7474,#1707);
#1105=LINE('',#7476,#1708);
#1106=LINE('',#7478,#1709);
#1107=LINE('',#7480,#1710);
#1108=LINE('',#7482,#1711);
#1109=LINE('',#7485,#1712);
#1110=LINE('',#7486,#1713);
#1111=LINE('',#7490,#1714);
#1112=LINE('',#7491,#1715);
#1113=LINE('',#7493,#1716);
#1114=LINE('',#7495,#1717);
#1115=LINE('',#7510,#1718);
#1116=LINE('',#7512,#1719);
#1117=LINE('',#7514,#1720);
#1118=LINE('',#7515,#1721);
#1119=LINE('',#7518,#1722);
#1120=LINE('',#7520,#1723);
#1121=LINE('',#7521,#1724);
#1122=LINE('',#7526,#1725);
#1123=LINE('',#7530,#1726);
#1124=LINE('',#7532,#1727);
#1125=LINE('',#7533,#1728);
#1126=LINE('',#7538,#1729);
#1127=LINE('',#7541,#1730);
#1128=LINE('',#7542,#1731);
#1129=LINE('',#7549,#1732);
#1130=LINE('',#7552,#1733);
#1131=LINE('',#7555,#1734);
#1132=LINE('',#7557,#1735);
#1133=LINE('',#7558,#1736);
#1134=LINE('',#7564,#1737);
#1135=LINE('',#7567,#1738);
#1136=LINE('',#7569,#1739);
#1137=LINE('',#7570,#1740);
#1138=LINE('',#7576,#1741);
#1139=LINE('',#7579,#1742);
#1140=LINE('',#7581,#1743);
#1141=LINE('',#7582,#1744);
#1142=LINE('',#7588,#1745);
#1143=LINE('',#7590,#1746);
#1144=LINE('',#7591,#1747);
#1145=LINE('',#7595,#1748);
#1146=LINE('',#7597,#1749);
#1147=LINE('',#7599,#1750);
#1148=LINE('',#7600,#1751);
#1149=LINE('',#7603,#1752);
#1150=LINE('',#7605,#1753);
#1151=LINE('',#7606,#1754);
#1152=LINE('',#7609,#1755);
#1153=LINE('',#7611,#1756);
#1154=LINE('',#7612,#1757);
#1155=LINE('',#7615,#1758);
#1156=LINE('',#7617,#1759);
#1157=LINE('',#7618,#1760);
#1158=LINE('',#7621,#1761);
#1159=LINE('',#7623,#1762);
#1160=LINE('',#7624,#1763);
#1161=LINE('',#7627,#1764);
#1162=LINE('',#7629,#1765);
#1163=LINE('',#7630,#1766);
#1164=LINE('',#7633,#1767);
#1165=LINE('',#7635,#1768);
#1166=LINE('',#7636,#1769);
#1167=LINE('',#7642,#1770);
#1168=LINE('',#7645,#1771);
#1169=LINE('',#7647,#1772);
#1170=LINE('',#7648,#1773);
#1171=LINE('',#7654,#1774);
#1172=LINE('',#7657,#1775);
#1173=LINE('',#7659,#1776);
#1174=LINE('',#7660,#1777);
#1175=LINE('',#7662,#1778);
#1176=LINE('',#7663,#1779);
#1177=LINE('',#7667,#1780);
#1178=LINE('',#7669,#1781);
#1179=LINE('',#7671,#1782);
#1180=LINE('',#7672,#1783);
#1181=LINE('',#7675,#1784);
#1182=LINE('',#7677,#1785);
#1183=LINE('',#7678,#1786);
#1184=LINE('',#7681,#1787);
#1185=LINE('',#7683,#1788);
#1186=LINE('',#7684,#1789);
#1187=LINE('',#7687,#1790);
#1188=LINE('',#7689,#1791);
#1189=LINE('',#7690,#1792);
#1190=LINE('',#7693,#1793);
#1191=LINE('',#7695,#1794);
#1192=LINE('',#7696,#1795);
#1193=LINE('',#7699,#1796);
#1194=LINE('',#7701,#1797);
#1195=LINE('',#7702,#1798);
#1196=LINE('',#7705,#1799);
#1197=LINE('',#7707,#1800);
#1198=LINE('',#7708,#1801);
#1199=LINE('',#7711,#1802);
#1200=LINE('',#7713,#1803);
#1201=LINE('',#7714,#1804);
#1202=LINE('',#7717,#1805);
#1203=LINE('',#7719,#1806);
#1204=LINE('',#7720,#1807);
#1205=LINE('',#7723,#1808);
#1206=LINE('',#7725,#1809);
#1207=LINE('',#7726,#1810);
#1208=LINE('',#7729,#1811);
#1209=LINE('',#7731,#1812);
#1210=LINE('',#7732,#1813);
#1211=LINE('',#7735,#1814);
#1212=LINE('',#7737,#1815);
#1213=LINE('',#7738,#1816);
#1214=LINE('',#7740,#1817);
#1215=LINE('',#7741,#1818);
#1216=LINE('',#7745,#1819);
#1217=LINE('',#7747,#1820);
#1218=LINE('',#7749,#1821);
#1219=LINE('',#7750,#1822);
#1220=LINE('',#7753,#1823);
#1221=LINE('',#7755,#1824);
#1222=LINE('',#7756,#1825);
#1223=LINE('',#7759,#1826);
#1224=LINE('',#7761,#1827);
#1225=LINE('',#7762,#1828);
#1226=LINE('',#7765,#1829);
#1227=LINE('',#7767,#1830);
#1228=LINE('',#7768,#1831);
#1229=LINE('',#7771,#1832);
#1230=LINE('',#7773,#1833);
#1231=LINE('',#7774,#1834);
#1232=LINE('',#7777,#1835);
#1233=LINE('',#7779,#1836);
#1234=LINE('',#7780,#1837);
#1235=LINE('',#7783,#1838);
#1236=LINE('',#7785,#1839);
#1237=LINE('',#7786,#1840);
#1238=LINE('',#7789,#1841);
#1239=LINE('',#7791,#1842);
#1240=LINE('',#7792,#1843);
#1241=LINE('',#7795,#1844);
#1242=LINE('',#7797,#1845);
#1243=LINE('',#7798,#1846);
#1244=LINE('',#7801,#1847);
#1245=LINE('',#7803,#1848);
#1246=LINE('',#7804,#1849);
#1247=LINE('',#7807,#1850);
#1248=LINE('',#7809,#1851);
#1249=LINE('',#7810,#1852);
#1250=LINE('',#7812,#1853);
#1251=LINE('',#7813,#1854);
#1252=LINE('',#7817,#1855);
#1253=LINE('',#7819,#1856);
#1254=LINE('',#7821,#1857);
#1255=LINE('',#7822,#1858);
#1256=LINE('',#7825,#1859);
#1257=LINE('',#7827,#1860);
#1258=LINE('',#7828,#1861);
#1259=LINE('',#7831,#1862);
#1260=LINE('',#7833,#1863);
#1261=LINE('',#7834,#1864);
#1262=LINE('',#7840,#1865);
#1263=LINE('',#7843,#1866);
#1264=LINE('',#7845,#1867);
#1265=LINE('',#7846,#1868);
#1266=LINE('',#7852,#1869);
#1267=LINE('',#7855,#1870);
#1268=LINE('',#7857,#1871);
#1269=LINE('',#7858,#1872);
#1270=LINE('',#7864,#1873);
#1271=LINE('',#7867,#1874);
#1272=LINE('',#7869,#1875);
#1273=LINE('',#7870,#1876);
#1274=LINE('',#7876,#1877);
#1275=LINE('',#7879,#1878);
#1276=LINE('',#7881,#1879);
#1277=LINE('',#7882,#1880);
#1278=LINE('',#7885,#1881);
#1279=LINE('',#7887,#1882);
#1280=LINE('',#7888,#1883);
#1281=LINE('',#7891,#1884);
#1282=LINE('',#7893,#1885);
#1283=LINE('',#7894,#1886);
#1284=LINE('',#7897,#1887);
#1285=LINE('',#7899,#1888);
#1286=LINE('',#7900,#1889);
#1287=LINE('',#7903,#1890);
#1288=LINE('',#7905,#1891);
#1289=LINE('',#7906,#1892);
#1290=LINE('',#7908,#1893);
#1291=LINE('',#7909,#1894);
#1292=LINE('',#7913,#1895);
#1293=LINE('',#7915,#1896);
#1294=LINE('',#7917,#1897);
#1295=LINE('',#7918,#1898);
#1296=LINE('',#7921,#1899);
#1297=LINE('',#7923,#1900);
#1298=LINE('',#7924,#1901);
#1299=LINE('',#7927,#1902);
#1300=LINE('',#7929,#1903);
#1301=LINE('',#7930,#1904);
#1302=LINE('',#7932,#1905);
#1303=LINE('',#7933,#1906);
#1304=LINE('',#7937,#1907);
#1305=LINE('',#7939,#1908);
#1306=LINE('',#7941,#1909);
#1307=LINE('',#7942,#1910);
#1308=LINE('',#7945,#1911);
#1309=LINE('',#7947,#1912);
#1310=LINE('',#7948,#1913);
#1311=LINE('',#7951,#1914);
#1312=LINE('',#7953,#1915);
#1313=LINE('',#7954,#1916);
#1314=LINE('',#7956,#1917);
#1315=LINE('',#7957,#1918);
#1316=LINE('',#7961,#1919);
#1317=LINE('',#7963,#1920);
#1318=LINE('',#7965,#1921);
#1319=LINE('',#7966,#1922);
#1320=LINE('',#7969,#1923);
#1321=LINE('',#7971,#1924);
#1322=LINE('',#7972,#1925);
#1323=LINE('',#7975,#1926);
#1324=LINE('',#7977,#1927);
#1325=LINE('',#7978,#1928);
#1326=LINE('',#7980,#1929);
#1327=LINE('',#7981,#1930);
#1328=LINE('',#7985,#1931);
#1329=LINE('',#7987,#1932);
#1330=LINE('',#7989,#1933);
#1331=LINE('',#7990,#1934);
#1332=LINE('',#7993,#1935);
#1333=LINE('',#7995,#1936);
#1334=LINE('',#7996,#1937);
#1335=LINE('',#7999,#1938);
#1336=LINE('',#8001,#1939);
#1337=LINE('',#8002,#1940);
#1338=LINE('',#8004,#1941);
#1339=LINE('',#8005,#1942);
#1340=LINE('',#8010,#1943);
#1341=LINE('',#8012,#1944);
#1342=LINE('',#8014,#1945);
#1343=LINE('',#8015,#1946);
#1344=LINE('',#8018,#1947);
#1345=LINE('',#8020,#1948);
#1346=LINE('',#8021,#1949);
#1347=LINE('',#8024,#1950);
#1348=LINE('',#8026,#1951);
#1349=LINE('',#8027,#1952);
#1350=LINE('',#8029,#1953);
#1351=LINE('',#8030,#1954);
#1352=LINE('',#8035,#1955);
#1353=LINE('',#8037,#1956);
#1354=LINE('',#8039,#1957);
#1355=LINE('',#8040,#1958);
#1356=LINE('',#8059,#1959);
#1357=LINE('',#8060,#1960);
#1358=LINE('',#8072,#1961);
#1359=LINE('',#8073,#1962);
#1360=LINE('',#8075,#1963);
#1361=LINE('',#8076,#1964);
#1362=LINE('',#8088,#1965);
#1363=LINE('',#8089,#1966);
#1364=LINE('',#8101,#1967);
#1365=LINE('',#8102,#1968);
#1366=LINE('',#8104,#1969);
#1367=LINE('',#8105,#1970);
#1368=LINE('',#8107,#1971);
#1369=LINE('',#8108,#1972);
#1370=LINE('',#8110,#1973);
#1371=LINE('',#8111,#1974);
#1372=LINE('',#8113,#1975);
#1373=LINE('',#8115,#1976);
#1374=LINE('',#8118,#1977);
#1375=LINE('',#8120,#1978);
#1376=LINE('',#8124,#1979);
#1377=LINE('',#8125,#1980);
#1378=LINE('',#8126,#1981);
#1379=LINE('',#8129,#1982);
#1380=LINE('',#8130,#1983);
#1381=LINE('',#8133,#1984);
#1382=LINE('',#8134,#1985);
#1383=LINE('',#8136,#1986);
#1384=VECTOR('',#5409,10.);
#1385=VECTOR('',#5410,10.);
#1386=VECTOR('',#5411,10.);
#1387=VECTOR('',#5412,10.);
#1388=VECTOR('',#5415,10.);
#1389=VECTOR('',#5418,10.);
#1390=VECTOR('',#5421,10.);
#1391=VECTOR('',#5424,10.);
#1392=VECTOR('',#5427,10.);
#1393=VECTOR('',#5428,10.);
#1394=VECTOR('',#5429,10.);
#1395=VECTOR('',#5430,10.);
#1396=VECTOR('',#5431,10.);
#1397=VECTOR('',#5432,10.);
#1398=VECTOR('',#5433,10.);
#1399=VECTOR('',#5434,10.);
#1400=VECTOR('',#5435,10.);
#1401=VECTOR('',#5436,10.);
#1402=VECTOR('',#5437,10.);
#1403=VECTOR('',#5438,10.);
#1404=VECTOR('',#5439,10.);
#1405=VECTOR('',#5440,10.);
#1406=VECTOR('',#5441,10.);
#1407=VECTOR('',#5444,10.);
#1408=VECTOR('',#5445,10.);
#1409=VECTOR('',#5448,10.);
#1410=VECTOR('',#5449,10.);
#1411=VECTOR('',#5450,10.);
#1412=VECTOR('',#5455,10.);
#1413=VECTOR('',#5458,10.);
#1414=VECTOR('',#5461,10.);
#1415=VECTOR('',#5464,10.);
#1416=VECTOR('',#5465,10.);
#1417=VECTOR('',#5466,10.);
#1418=VECTOR('',#5467,10.);
#1419=VECTOR('',#5468,10.);
#1420=VECTOR('',#5469,10.);
#1421=VECTOR('',#5470,10.);
#1422=VECTOR('',#5471,10.);
#1423=VECTOR('',#5472,10.);
#1424=VECTOR('',#5473,10.);
#1425=VECTOR('',#5474,10.);
#1426=VECTOR('',#5475,10.);
#1427=VECTOR('',#5476,10.);
#1428=VECTOR('',#5477,10.);
#1429=VECTOR('',#5478,10.);
#1430=VECTOR('',#5479,10.);
#1431=VECTOR('',#5480,10.);
#1432=VECTOR('',#5481,10.);
#1433=VECTOR('',#5482,10.);
#1434=VECTOR('',#5483,10.);
#1435=VECTOR('',#5484,10.);
#1436=VECTOR('',#5485,10.);
#1437=VECTOR('',#5486,10.);
#1438=VECTOR('',#5487,10.);
#1439=VECTOR('',#5488,10.);
#1440=VECTOR('',#5489,10.);
#1441=VECTOR('',#5490,10.);
#1442=VECTOR('',#5491,10.);
#1443=VECTOR('',#5492,10.);
#1444=VECTOR('',#5493,10.);
#1445=VECTOR('',#5494,10.);
#1446=VECTOR('',#5495,10.);
#1447=VECTOR('',#5498,10.);
#1448=VECTOR('',#5499,10.);
#1449=VECTOR('',#5500,10.);
#1450=VECTOR('',#5503,10.);
#1451=VECTOR('',#5504,10.);
#1452=VECTOR('',#5507,10.);
#1453=VECTOR('',#5508,10.);
#1454=VECTOR('',#5511,10.);
#1455=VECTOR('',#5514,10.);
#1456=VECTOR('',#5519,10.);
#1457=VECTOR('',#5520,10.);
#1458=VECTOR('',#5521,10.);
#1459=VECTOR('',#5524,10.);
#1460=VECTOR('',#5525,10.);
#1461=VECTOR('',#5526,10.);
#1462=VECTOR('',#5527,10.);
#1463=VECTOR('',#5528,10.);
#1464=VECTOR('',#5529,10.);
#1465=VECTOR('',#5532,10.);
#1466=VECTOR('',#5533,10.);
#1467=VECTOR('',#5534,10.);
#1468=VECTOR('',#5537,10.);
#1469=VECTOR('',#5538,10.);
#1470=VECTOR('',#5539,10.);
#1471=VECTOR('',#5540,10.);
#1472=VECTOR('',#5541,10.);
#1473=VECTOR('',#5542,10.);
#1474=VECTOR('',#5545,10.);
#1475=VECTOR('',#5546,10.);
#1476=VECTOR('',#5547,10.);
#1477=VECTOR('',#5550,10.);
#1478=VECTOR('',#5551,10.);
#1479=VECTOR('',#5552,10.);
#1480=VECTOR('',#5553,10.);
#1481=VECTOR('',#5554,10.);
#1482=VECTOR('',#5555,10.);
#1483=VECTOR('',#5558,10.);
#1484=VECTOR('',#5559,10.);
#1485=VECTOR('',#5560,10.);
#1486=VECTOR('',#5563,10.);
#1487=VECTOR('',#5564,10.);
#1488=VECTOR('',#5565,10.);
#1489=VECTOR('',#5566,10.);
#1490=VECTOR('',#5567,10.);
#1491=VECTOR('',#5568,10.);
#1492=VECTOR('',#5571,10.);
#1493=VECTOR('',#5572,10.);
#1494=VECTOR('',#5573,10.);
#1495=VECTOR('',#5576,10.);
#1496=VECTOR('',#5577,10.);
#1497=VECTOR('',#5578,10.);
#1498=VECTOR('',#5579,10.);
#1499=VECTOR('',#5580,10.);
#1500=VECTOR('',#5581,10.);
#1501=VECTOR('',#5584,10.);
#1502=VECTOR('',#5585,10.);
#1503=VECTOR('',#5586,10.);
#1504=VECTOR('',#5589,10.);
#1505=VECTOR('',#5590,10.);
#1506=VECTOR('',#5591,10.);
#1507=VECTOR('',#5592,10.);
#1508=VECTOR('',#5593,10.);
#1509=VECTOR('',#5594,10.);
#1510=VECTOR('',#5597,10.);
#1511=VECTOR('',#5598,10.);
#1512=VECTOR('',#5599,10.);
#1513=VECTOR('',#5602,10.);
#1514=VECTOR('',#5603,10.);
#1515=VECTOR('',#5604,10.);
#1516=VECTOR('',#5605,10.);
#1517=VECTOR('',#5606,10.);
#1518=VECTOR('',#5607,10.);
#1519=VECTOR('',#5610,10.);
#1520=VECTOR('',#5613,10.);
#1521=VECTOR('',#5618,10.);
#1522=VECTOR('',#5619,10.);
#1523=VECTOR('',#5620,10.);
#1524=VECTOR('',#5621,10.);
#1525=VECTOR('',#5624,10.);
#1526=VECTOR('',#5625,10.);
#1527=VECTOR('',#5626,10.);
#1528=VECTOR('',#5629,10.);
#1529=VECTOR('',#5630,10.);
#1530=VECTOR('',#5631,10.);
#1531=VECTOR('',#5634,10.);
#1532=VECTOR('',#5635,10.);
#1533=VECTOR('',#5638,10.);
#1534=VECTOR('',#5639,10.);
#1535=VECTOR('',#5642,10.);
#1536=VECTOR('',#5643,10.);
#1537=VECTOR('',#5644,10.);
#1538=VECTOR('',#5647,10.);
#1539=VECTOR('',#5648,10.);
#1540=VECTOR('',#5649,10.);
#1541=VECTOR('',#5660,10.);
#1542=VECTOR('',#5661,10.);
#1543=VECTOR('',#5666,10.);
#1544=VECTOR('',#5669,10.);
#1545=VECTOR('',#5670,10.);
#1546=VECTOR('',#5673,10.);
#1547=VECTOR('',#5674,10.);
#1548=VECTOR('',#5677,10.);
#1549=VECTOR('',#5680,10.);
#1550=VECTOR('',#5685,10.);
#1551=VECTOR('',#5686,10.);
#1552=VECTOR('',#5687,10.);
#1553=VECTOR('',#5690,10.);
#1554=VECTOR('',#5691,10.);
#1555=VECTOR('',#5692,10.);
#1556=VECTOR('',#5703,10.);
#1557=VECTOR('',#5704,10.);
#1558=VECTOR('',#5709,10.);
#1559=VECTOR('',#5712,10.);
#1560=VECTOR('',#5713,10.);
#1561=VECTOR('',#5716,10.);
#1562=VECTOR('',#5717,10.);
#1563=VECTOR('',#5720,10.);
#1564=VECTOR('',#5723,10.);
#1565=VECTOR('',#5728,10.);
#1566=VECTOR('',#5729,10.);
#1567=VECTOR('',#5730,10.);
#1568=VECTOR('',#5731,10.);
#1569=VECTOR('',#5734,10.);
#1570=VECTOR('',#5735,10.);
#1571=VECTOR('',#5736,10.);
#1572=VECTOR('',#5737,10.);
#1573=VECTOR('',#5746,10.);
#1574=VECTOR('',#5749,10.);
#1575=VECTOR('',#5750,10.);
#1576=VECTOR('',#5755,10.);
#1577=VECTOR('',#5758,10.);
#1578=VECTOR('',#5759,10.);
#1579=VECTOR('',#5760,10.);
#1580=VECTOR('',#5763,10.);
#1581=VECTOR('',#5764,10.);
#1582=VECTOR('',#5767,10.);
#1583=VECTOR('',#5770,10.);
#1584=VECTOR('',#5775,10.);
#1585=VECTOR('',#5776,10.);
#1586=VECTOR('',#5777,10.);
#1587=VECTOR('',#5778,10.);
#1588=VECTOR('',#5781,10.);
#1589=VECTOR('',#5782,10.);
#1590=VECTOR('',#5783,10.);
#1591=VECTOR('',#5784,10.);
#1592=VECTOR('',#5793,10.);
#1593=VECTOR('',#5796,10.);
#1594=VECTOR('',#5797,10.);
#1595=VECTOR('',#5802,10.);
#1596=VECTOR('',#5805,10.);
#1597=VECTOR('',#5806,10.);
#1598=VECTOR('',#5807,10.);
#1599=VECTOR('',#5810,10.);
#1600=VECTOR('',#5811,10.);
#1601=VECTOR('',#5814,10.);
#1602=VECTOR('',#5817,10.);
#1603=VECTOR('',#5822,10.);
#1604=VECTOR('',#5823,10.);
#1605=VECTOR('',#5824,10.);
#1606=VECTOR('',#5825,10.);
#1607=VECTOR('',#5828,10.);
#1608=VECTOR('',#5829,10.);
#1609=VECTOR('',#5830,10.);
#1610=VECTOR('',#5831,10.);
#1611=VECTOR('',#5840,10.);
#1612=VECTOR('',#5843,10.);
#1613=VECTOR('',#5844,10.);
#1614=VECTOR('',#5849,10.);
#1615=VECTOR('',#5852,10.);
#1616=VECTOR('',#5853,10.);
#1617=VECTOR('',#5854,10.);
#1618=VECTOR('',#5857,10.);
#1619=VECTOR('',#5858,10.);
#1620=VECTOR('',#5861,10.);
#1621=VECTOR('',#5864,10.);
#1622=VECTOR('',#5869,10.);
#1623=VECTOR('',#5870,10.);
#1624=VECTOR('',#5873,10.);
#1625=VECTOR('',#5874,10.);
#1626=VECTOR('',#5877,10.);
#1627=VECTOR('',#5878,10.);
#1628=VECTOR('',#5881,10.);
#1629=VECTOR('',#5884,10.);
#1630=VECTOR('',#5885,10.);
#1631=VECTOR('',#5886,10.);
#1632=VECTOR('',#5889,10.);
#1633=VECTOR('',#5890,10.);
#1634=VECTOR('',#5891,10.);
#1635=VECTOR('',#5892,10.);
#1636=VECTOR('',#5895,10.);
#1637=VECTOR('',#5898,10.);
#1638=VECTOR('',#5901,10.);
#1639=VECTOR('',#5904,10.);
#1640=VECTOR('',#5907,10.);
#1641=VECTOR('',#5916,10.);
#1642=VECTOR('',#5917,10.);
#1643=VECTOR('',#5920,10.);
#1644=VECTOR('',#5923,10.);
#1645=VECTOR('',#5924,10.);
#1646=VECTOR('',#5927,10.);
#1647=VECTOR('',#5930,10.);
#1648=VECTOR('',#5931,10.);
#1649=VECTOR('',#5934,10.);
#1650=VECTOR('',#5935,10.);
#1651=VECTOR('',#5936,10.);
#1652=VECTOR('',#5937,10.);
#1653=VECTOR('',#5942,10.);
#1654=VECTOR('',#5945,10.);
#1655=VECTOR('',#5948,10.);
#1656=VECTOR('',#5959,10.);
#1657=VECTOR('',#5960,10.);
#1658=VECTOR('',#5963,10.);
#1659=VECTOR('',#5966,10.);
#1660=VECTOR('',#5975,10.);
#1661=VECTOR('',#5976,10.);
#1662=VECTOR('',#5977,10.);
#1663=VECTOR('',#5978,10.);
#1664=VECTOR('',#5981,10.);
#1665=VECTOR('',#5982,10.);
#1666=VECTOR('',#5983,10.);
#1667=VECTOR('',#5986,10.);
#1668=VECTOR('',#5987,10.);
#1669=VECTOR('',#5988,10.);
#1670=VECTOR('',#5989,10.);
#1671=VECTOR('',#5990,10.);
#1672=VECTOR('',#5991,10.);
#1673=VECTOR('',#5994,10.);
#1674=VECTOR('',#5995,10.);
#1675=VECTOR('',#5996,10.);
#1676=VECTOR('',#5997,10.);
#1677=VECTOR('',#6000,10.);
#1678=VECTOR('',#6007,10.);
#1679=VECTOR('',#6008,10.);
#1680=VECTOR('',#6009,10.);
#1681=VECTOR('',#6012,10.);
#1682=VECTOR('',#6013,10.);
#1683=VECTOR('',#6014,10.);
#1684=VECTOR('',#6015,10.);
#1685=VECTOR('',#6020,10.);
#1686=VECTOR('',#6025,10.);
#1687=VECTOR('',#6026,10.);
#1688=VECTOR('',#6027,10.);
#1689=VECTOR('',#6030,10.);
#1690=VECTOR('',#6033,10.);
#1691=VECTOR('',#6036,10.);
#1692=VECTOR('',#6037,10.);
#1693=VECTOR('',#6040,10.);
#1694=VECTOR('',#6043,10.);
#1695=VECTOR('',#6046,10.);
#1696=VECTOR('',#6047,10.);
#1697=VECTOR('',#6050,10.);
#1698=VECTOR('',#6053,10.);
#1699=VECTOR('',#6054,10.);
#1700=VECTOR('',#6059,10.);
#1701=VECTOR('',#6062,10.);
#1702=VECTOR('',#6063,10.);
#1703=VECTOR('',#6066,10.);
#1704=VECTOR('',#6069,10.);
#1705=VECTOR('',#6072,10.);
#1706=VECTOR('',#6073,10.);
#1707=VECTOR('',#6076,10.);
#1708=VECTOR('',#6079,10.);
#1709=VECTOR('',#6082,10.);
#1710=VECTOR('',#6085,10.);
#1711=VECTOR('',#6088,10.);
#1712=VECTOR('',#6093,10.);
#1713=VECTOR('',#6094,10.);
#1714=VECTOR('',#6099,10.);
#1715=VECTOR('',#6100,10.);
#1716=VECTOR('',#6103,10.);
#1717=VECTOR('',#6106,10.);
#1718=VECTOR('',#6131,10.);
#1719=VECTOR('',#6132,10.);
#1720=VECTOR('',#6133,10.);
#1721=VECTOR('',#6134,10.);
#1722=VECTOR('',#6137,10.);
#1723=VECTOR('',#6138,10.);
#1724=VECTOR('',#6139,10.);
#1725=VECTOR('',#6144,10.);
#1726=VECTOR('',#6149,10.);
#1727=VECTOR('',#6150,10.);
#1728=VECTOR('',#6151,10.);
#1729=VECTOR('',#6156,10.);
#1730=VECTOR('',#6161,10.);
#1731=VECTOR('',#6162,10.);
#1732=VECTOR('',#6169,10.);
#1733=VECTOR('',#6172,10.);
#1734=VECTOR('',#6175,10.);
#1735=VECTOR('',#6176,10.);
#1736=VECTOR('',#6177,10.);
#1737=VECTOR('',#6184,10.);
#1738=VECTOR('',#6187,10.);
#1739=VECTOR('',#6188,10.);
#1740=VECTOR('',#6189,10.);
#1741=VECTOR('',#6196,10.);
#1742=VECTOR('',#6199,10.);
#1743=VECTOR('',#6200,10.);
#1744=VECTOR('',#6201,10.);
#1745=VECTOR('',#6208,10.);
#1746=VECTOR('',#6211,10.);
#1747=VECTOR('',#6212,10.);
#1748=VECTOR('',#6215,10.);
#1749=VECTOR('',#6216,10.);
#1750=VECTOR('',#6217,10.);
#1751=VECTOR('',#6218,10.);
#1752=VECTOR('',#6221,10.);
#1753=VECTOR('',#6222,10.);
#1754=VECTOR('',#6223,10.);
#1755=VECTOR('',#6226,10.);
#1756=VECTOR('',#6227,10.);
#1757=VECTOR('',#6228,10.);
#1758=VECTOR('',#6231,10.);
#1759=VECTOR('',#6232,10.);
#1760=VECTOR('',#6233,10.);
#1761=VECTOR('',#6236,10.);
#1762=VECTOR('',#6237,10.);
#1763=VECTOR('',#6238,10.);
#1764=VECTOR('',#6241,10.);
#1765=VECTOR('',#6242,10.);
#1766=VECTOR('',#6243,10.);
#1767=VECTOR('',#6246,10.);
#1768=VECTOR('',#6247,10.);
#1769=VECTOR('',#6248,10.);
#1770=VECTOR('',#6255,10.);
#1771=VECTOR('',#6258,10.);
#1772=VECTOR('',#6259,10.);
#1773=VECTOR('',#6260,10.);
#1774=VECTOR('',#6267,10.);
#1775=VECTOR('',#6270,10.);
#1776=VECTOR('',#6271,10.);
#1777=VECTOR('',#6272,10.);
#1778=VECTOR('',#6275,10.);
#1779=VECTOR('',#6276,10.);
#1780=VECTOR('',#6279,10.);
#1781=VECTOR('',#6280,10.);
#1782=VECTOR('',#6281,10.);
#1783=VECTOR('',#6282,10.);
#1784=VECTOR('',#6285,10.);
#1785=VECTOR('',#6286,10.);
#1786=VECTOR('',#6287,10.);
#1787=VECTOR('',#6290,10.);
#1788=VECTOR('',#6291,10.);
#1789=VECTOR('',#6292,10.);
#1790=VECTOR('',#6295,10.);
#1791=VECTOR('',#6296,10.);
#1792=VECTOR('',#6297,10.);
#1793=VECTOR('',#6300,10.);
#1794=VECTOR('',#6301,10.);
#1795=VECTOR('',#6302,10.);
#1796=VECTOR('',#6305,10.);
#1797=VECTOR('',#6306,10.);
#1798=VECTOR('',#6307,10.);
#1799=VECTOR('',#6310,10.);
#1800=VECTOR('',#6311,10.);
#1801=VECTOR('',#6312,10.);
#1802=VECTOR('',#6315,10.);
#1803=VECTOR('',#6316,10.);
#1804=VECTOR('',#6317,10.);
#1805=VECTOR('',#6320,10.);
#1806=VECTOR('',#6321,10.);
#1807=VECTOR('',#6322,10.);
#1808=VECTOR('',#6325,10.);
#1809=VECTOR('',#6326,10.);
#1810=VECTOR('',#6327,10.);
#1811=VECTOR('',#6330,10.);
#1812=VECTOR('',#6331,10.);
#1813=VECTOR('',#6332,10.);
#1814=VECTOR('',#6335,10.);
#1815=VECTOR('',#6336,10.);
#1816=VECTOR('',#6337,10.);
#1817=VECTOR('',#6340,10.);
#1818=VECTOR('',#6341,10.);
#1819=VECTOR('',#6344,10.);
#1820=VECTOR('',#6345,10.);
#1821=VECTOR('',#6346,10.);
#1822=VECTOR('',#6347,10.);
#1823=VECTOR('',#6350,10.);
#1824=VECTOR('',#6351,10.);
#1825=VECTOR('',#6352,10.);
#1826=VECTOR('',#6355,10.);
#1827=VECTOR('',#6356,10.);
#1828=VECTOR('',#6357,10.);
#1829=VECTOR('',#6360,10.);
#1830=VECTOR('',#6361,10.);
#1831=VECTOR('',#6362,10.);
#1832=VECTOR('',#6365,10.);
#1833=VECTOR('',#6366,10.);
#1834=VECTOR('',#6367,10.);
#1835=VECTOR('',#6370,10.);
#1836=VECTOR('',#6371,10.);
#1837=VECTOR('',#6372,10.);
#1838=VECTOR('',#6375,10.);
#1839=VECTOR('',#6376,10.);
#1840=VECTOR('',#6377,10.);
#1841=VECTOR('',#6380,10.);
#1842=VECTOR('',#6381,10.);
#1843=VECTOR('',#6382,10.);
#1844=VECTOR('',#6385,10.);
#1845=VECTOR('',#6386,10.);
#1846=VECTOR('',#6387,10.);
#1847=VECTOR('',#6390,10.);
#1848=VECTOR('',#6391,10.);
#1849=VECTOR('',#6392,10.);
#1850=VECTOR('',#6395,10.);
#1851=VECTOR('',#6396,10.);
#1852=VECTOR('',#6397,10.);
#1853=VECTOR('',#6400,10.);
#1854=VECTOR('',#6401,10.);
#1855=VECTOR('',#6404,10.);
#1856=VECTOR('',#6405,10.);
#1857=VECTOR('',#6406,10.);
#1858=VECTOR('',#6407,10.);
#1859=VECTOR('',#6410,10.);
#1860=VECTOR('',#6411,10.);
#1861=VECTOR('',#6412,10.);
#1862=VECTOR('',#6415,10.);
#1863=VECTOR('',#6416,10.);
#1864=VECTOR('',#6417,10.);
#1865=VECTOR('',#6424,10.);
#1866=VECTOR('',#6427,10.);
#1867=VECTOR('',#6428,10.);
#1868=VECTOR('',#6429,10.);
#1869=VECTOR('',#6436,10.);
#1870=VECTOR('',#6439,10.);
#1871=VECTOR('',#6440,10.);
#1872=VECTOR('',#6441,10.);
#1873=VECTOR('',#6448,10.);
#1874=VECTOR('',#6451,10.);
#1875=VECTOR('',#6452,10.);
#1876=VECTOR('',#6453,10.);
#1877=VECTOR('',#6460,10.);
#1878=VECTOR('',#6463,10.);
#1879=VECTOR('',#6464,10.);
#1880=VECTOR('',#6465,10.);
#1881=VECTOR('',#6468,10.);
#1882=VECTOR('',#6469,10.);
#1883=VECTOR('',#6470,10.);
#1884=VECTOR('',#6473,10.);
#1885=VECTOR('',#6474,10.);
#1886=VECTOR('',#6475,10.);
#1887=VECTOR('',#6478,10.);
#1888=VECTOR('',#6479,10.);
#1889=VECTOR('',#6480,10.);
#1890=VECTOR('',#6483,10.);
#1891=VECTOR('',#6484,10.);
#1892=VECTOR('',#6485,10.);
#1893=VECTOR('',#6488,10.);
#1894=VECTOR('',#6489,10.);
#1895=VECTOR('',#6492,10.);
#1896=VECTOR('',#6493,10.);
#1897=VECTOR('',#6494,10.);
#1898=VECTOR('',#6495,10.);
#1899=VECTOR('',#6498,10.);
#1900=VECTOR('',#6499,10.);
#1901=VECTOR('',#6500,10.);
#1902=VECTOR('',#6503,10.);
#1903=VECTOR('',#6504,10.);
#1904=VECTOR('',#6505,10.);
#1905=VECTOR('',#6508,10.);
#1906=VECTOR('',#6509,10.);
#1907=VECTOR('',#6512,10.);
#1908=VECTOR('',#6513,10.);
#1909=VECTOR('',#6514,10.);
#1910=VECTOR('',#6515,10.);
#1911=VECTOR('',#6518,10.);
#1912=VECTOR('',#6519,10.);
#1913=VECTOR('',#6520,10.);
#1914=VECTOR('',#6523,10.);
#1915=VECTOR('',#6524,10.);
#1916=VECTOR('',#6525,10.);
#1917=VECTOR('',#6528,10.);
#1918=VECTOR('',#6529,10.);
#1919=VECTOR('',#6532,10.);
#1920=VECTOR('',#6533,10.);
#1921=VECTOR('',#6534,10.);
#1922=VECTOR('',#6535,10.);
#1923=VECTOR('',#6538,10.);
#1924=VECTOR('',#6539,10.);
#1925=VECTOR('',#6540,10.);
#1926=VECTOR('',#6543,10.);
#1927=VECTOR('',#6544,10.);
#1928=VECTOR('',#6545,10.);
#1929=VECTOR('',#6548,10.);
#1930=VECTOR('',#6549,10.);
#1931=VECTOR('',#6552,10.);
#1932=VECTOR('',#6553,10.);
#1933=VECTOR('',#6554,10.);
#1934=VECTOR('',#6555,10.);
#1935=VECTOR('',#6558,10.);
#1936=VECTOR('',#6559,10.);
#1937=VECTOR('',#6560,10.);
#1938=VECTOR('',#6563,10.);
#1939=VECTOR('',#6564,10.);
#1940=VECTOR('',#6565,10.);
#1941=VECTOR('',#6568,10.);
#1942=VECTOR('',#6569,10.);
#1943=VECTOR('',#6574,10.);
#1944=VECTOR('',#6575,10.);
#1945=VECTOR('',#6576,10.);
#1946=VECTOR('',#6577,10.);
#1947=VECTOR('',#6580,10.);
#1948=VECTOR('',#6581,10.);
#1949=VECTOR('',#6582,10.);
#1950=VECTOR('',#6585,10.);
#1951=VECTOR('',#6586,10.);
#1952=VECTOR('',#6587,10.);
#1953=VECTOR('',#6590,10.);
#1954=VECTOR('',#6591,10.);
#1955=VECTOR('',#6596,10.);
#1956=VECTOR('',#6597,10.);
#1957=VECTOR('',#6598,10.);
#1958=VECTOR('',#6599,10.);
#1959=VECTOR('',#6626,10.);
#1960=VECTOR('',#6627,10.);
#1961=VECTOR('',#6640,10.);
#1962=VECTOR('',#6641,10.);
#1963=VECTOR('',#6644,10.);
#1964=VECTOR('',#6645,10.);
#1965=VECTOR('',#6658,10.);
#1966=VECTOR('',#6659,10.);
#1967=VECTOR('',#6672,10.);
#1968=VECTOR('',#6673,10.);
#1969=VECTOR('',#6676,10.);
#1970=VECTOR('',#6677,10.);
#1971=VECTOR('',#6680,10.);
#1972=VECTOR('',#6681,10.);
#1973=VECTOR('',#6684,10.);
#1974=VECTOR('',#6685,10.);
#1975=VECTOR('',#6688,10.);
#1976=VECTOR('',#6691,10.);
#1977=VECTOR('',#6696,10.);
#1978=VECTOR('',#6699,10.);
#1979=VECTOR('',#6702,10.);
#1980=VECTOR('',#6703,10.);
#1981=VECTOR('',#6704,10.);
#1982=VECTOR('',#6707,10.);
#1983=VECTOR('',#6708,10.);
#1984=VECTOR('',#6711,10.);
#1985=VECTOR('',#6712,10.);
#1986=VECTOR('',#6715,10.);
#1987=VERTEX_POINT('',#6728);
#1988=VERTEX_POINT('',#6729);
#1989=VERTEX_POINT('',#6731);
#1990=VERTEX_POINT('',#6733);
#1991=VERTEX_POINT('',#6736);
#1992=VERTEX_POINT('',#6737);
#1993=VERTEX_POINT('',#6739);
#1994=VERTEX_POINT('',#6741);
#1995=VERTEX_POINT('',#6743);
#1996=VERTEX_POINT('',#6745);
#1997=VERTEX_POINT('',#6747);
#1998=VERTEX_POINT('',#6749);
#1999=VERTEX_POINT('',#6753);
#2000=VERTEX_POINT('',#6755);
#2001=VERTEX_POINT('',#6758);
#2002=VERTEX_POINT('',#6759);
#2003=VERTEX_POINT('',#6761);
#2004=VERTEX_POINT('',#6763);
#2005=VERTEX_POINT('',#6766);
#2006=VERTEX_POINT('',#6767);
#2007=VERTEX_POINT('',#6769);
#2008=VERTEX_POINT('',#6771);
#2009=VERTEX_POINT('',#6774);
#2010=VERTEX_POINT('',#6775);
#2011=VERTEX_POINT('',#6777);
#2012=VERTEX_POINT('',#6779);
#2013=VERTEX_POINT('',#6783);
#2014=VERTEX_POINT('',#6787);
#2015=VERTEX_POINT('',#6789);
#2016=VERTEX_POINT('',#6793);
#2017=VERTEX_POINT('',#6795);
#2018=VERTEX_POINT('',#6797);
#2019=VERTEX_POINT('',#6799);
#2020=VERTEX_POINT('',#6801);
#2021=VERTEX_POINT('',#6803);
#2022=VERTEX_POINT('',#6806);
#2023=VERTEX_POINT('',#6807);
#2024=VERTEX_POINT('',#6809);
#2025=VERTEX_POINT('',#6811);
#2026=VERTEX_POINT('',#6814);
#2027=VERTEX_POINT('',#6815);
#2028=VERTEX_POINT('',#6817);
#2029=VERTEX_POINT('',#6819);
#2030=VERTEX_POINT('',#6822);
#2031=VERTEX_POINT('',#6823);
#2032=VERTEX_POINT('',#6825);
#2033=VERTEX_POINT('',#6827);
#2034=VERTEX_POINT('',#6830);
#2035=VERTEX_POINT('',#6831);
#2036=VERTEX_POINT('',#6833);
#2037=VERTEX_POINT('',#6835);
#2038=VERTEX_POINT('',#6838);
#2039=VERTEX_POINT('',#6839);
#2040=VERTEX_POINT('',#6841);
#2041=VERTEX_POINT('',#6843);
#2042=VERTEX_POINT('',#6846);
#2043=VERTEX_POINT('',#6847);
#2044=VERTEX_POINT('',#6849);
#2045=VERTEX_POINT('',#6851);
#2046=VERTEX_POINT('',#6854);
#2047=VERTEX_POINT('',#6855);
#2048=VERTEX_POINT('',#6857);
#2049=VERTEX_POINT('',#6859);
#2050=VERTEX_POINT('',#6862);
#2051=VERTEX_POINT('',#6863);
#2052=VERTEX_POINT('',#6865);
#2053=VERTEX_POINT('',#6867);
#2054=VERTEX_POINT('',#6871);
#2055=VERTEX_POINT('',#6873);
#2056=VERTEX_POINT('',#6877);
#2057=VERTEX_POINT('',#6889);
#2058=VERTEX_POINT('',#6891);
#2059=VERTEX_POINT('',#6895);
#2060=VERTEX_POINT('',#6897);
#2061=VERTEX_POINT('',#6899);
#2062=VERTEX_POINT('',#6901);
#2063=VERTEX_POINT('',#6903);
#2064=VERTEX_POINT('',#6907);
#2065=VERTEX_POINT('',#6909);
#2066=VERTEX_POINT('',#6913);
#2067=VERTEX_POINT('',#6915);
#2068=VERTEX_POINT('',#6917);
#2069=VERTEX_POINT('',#6919);
#2070=VERTEX_POINT('',#6921);
#2071=VERTEX_POINT('',#6925);
#2072=VERTEX_POINT('',#6927);
#2073=VERTEX_POINT('',#6931);
#2074=VERTEX_POINT('',#6933);
#2075=VERTEX_POINT('',#6935);
#2076=VERTEX_POINT('',#6937);
#2077=VERTEX_POINT('',#6939);
#2078=VERTEX_POINT('',#6943);
#2079=VERTEX_POINT('',#6945);
#2080=VERTEX_POINT('',#6949);
#2081=VERTEX_POINT('',#6951);
#2082=VERTEX_POINT('',#6953);
#2083=VERTEX_POINT('',#6955);
#2084=VERTEX_POINT('',#6957);
#2085=VERTEX_POINT('',#6961);
#2086=VERTEX_POINT('',#6963);
#2087=VERTEX_POINT('',#6967);
#2088=VERTEX_POINT('',#6969);
#2089=VERTEX_POINT('',#6971);
#2090=VERTEX_POINT('',#6973);
#2091=VERTEX_POINT('',#6975);
#2092=VERTEX_POINT('',#6979);
#2093=VERTEX_POINT('',#6981);
#2094=VERTEX_POINT('',#6985);
#2095=VERTEX_POINT('',#6987);
#2096=VERTEX_POINT('',#6989);
#2097=VERTEX_POINT('',#6991);
#2098=VERTEX_POINT('',#6993);
#2099=VERTEX_POINT('',#6997);
#2100=VERTEX_POINT('',#6999);
#2101=VERTEX_POINT('',#7003);
#2102=VERTEX_POINT('',#7005);
#2103=VERTEX_POINT('',#7007);
#2104=VERTEX_POINT('',#7009);
#2105=VERTEX_POINT('',#7011);
#2106=VERTEX_POINT('',#7020);
#2107=VERTEX_POINT('',#7021);
#2108=VERTEX_POINT('',#7023);
#2109=VERTEX_POINT('',#7025);
#2110=VERTEX_POINT('',#7029);
#2111=VERTEX_POINT('',#7031);
#2112=VERTEX_POINT('',#7035);
#2113=VERTEX_POINT('',#7037);
#2114=VERTEX_POINT('',#7044);
#2115=VERTEX_POINT('',#7048);
#2116=VERTEX_POINT('',#7050);
#2117=VERTEX_POINT('',#7054);
#2118=VERTEX_POINT('',#7056);
#2119=VERTEX_POINT('',#7063);
#2120=VERTEX_POINT('',#7065);
#2121=VERTEX_POINT('',#7069);
#2122=VERTEX_POINT('',#7073);
#2123=VERTEX_POINT('',#7077);
#2124=VERTEX_POINT('',#7086);
#2125=VERTEX_POINT('',#7088);
#2126=VERTEX_POINT('',#7092);
#2127=VERTEX_POINT('',#7094);
#2128=VERTEX_POINT('',#7101);
#2129=VERTEX_POINT('',#7103);
#2130=VERTEX_POINT('',#7107);
#2131=VERTEX_POINT('',#7111);
#2132=VERTEX_POINT('',#7115);
#2133=VERTEX_POINT('',#7124);
#2134=VERTEX_POINT('',#7125);
#2135=VERTEX_POINT('',#7127);
#2136=VERTEX_POINT('',#7129);
#2137=VERTEX_POINT('',#7133);
#2138=VERTEX_POINT('',#7134);
#2139=VERTEX_POINT('',#7136);
#2140=VERTEX_POINT('',#7138);
#2141=VERTEX_POINT('',#7146);
#2142=VERTEX_POINT('',#7148);
#2143=VERTEX_POINT('',#7152);
#2144=VERTEX_POINT('',#7157);
#2145=VERTEX_POINT('',#7161);
#2146=VERTEX_POINT('',#7170);
#2147=VERTEX_POINT('',#7171);
#2148=VERTEX_POINT('',#7173);
#2149=VERTEX_POINT('',#7175);
#2150=VERTEX_POINT('',#7179);
#2151=VERTEX_POINT('',#7180);
#2152=VERTEX_POINT('',#7182);
#2153=VERTEX_POINT('',#7184);
#2154=VERTEX_POINT('',#7192);
#2155=VERTEX_POINT('',#7194);
#2156=VERTEX_POINT('',#7198);
#2157=VERTEX_POINT('',#7203);
#2158=VERTEX_POINT('',#7207);
#2159=VERTEX_POINT('',#7216);
#2160=VERTEX_POINT('',#7217);
#2161=VERTEX_POINT('',#7219);
#2162=VERTEX_POINT('',#7221);
#2163=VERTEX_POINT('',#7225);
#2164=VERTEX_POINT('',#7226);
#2165=VERTEX_POINT('',#7228);
#2166=VERTEX_POINT('',#7230);
#2167=VERTEX_POINT('',#7238);
#2168=VERTEX_POINT('',#7240);
#2169=VERTEX_POINT('',#7244);
#2170=VERTEX_POINT('',#7249);
#2171=VERTEX_POINT('',#7253);
#2172=VERTEX_POINT('',#7262);
#2173=VERTEX_POINT('',#7266);
#2174=VERTEX_POINT('',#7267);
#2175=VERTEX_POINT('',#7269);
#2176=VERTEX_POINT('',#7271);
#2177=VERTEX_POINT('',#7273);
#2178=VERTEX_POINT('',#7276);
#2179=VERTEX_POINT('',#7280);
#2180=VERTEX_POINT('',#7282);
#2181=VERTEX_POINT('',#7287);
#2182=VERTEX_POINT('',#7289);
#2183=VERTEX_POINT('',#7293);
#2184=VERTEX_POINT('',#7297);
#2185=VERTEX_POINT('',#7308);
#2186=VERTEX_POINT('',#7312);
#2187=VERTEX_POINT('',#7314);
#2188=VERTEX_POINT('',#7316);
#2189=VERTEX_POINT('',#7319);
#2190=VERTEX_POINT('',#7323);
#2191=VERTEX_POINT('',#7328);
#2192=VERTEX_POINT('',#7330);
#2193=VERTEX_POINT('',#7336);
#2194=VERTEX_POINT('',#7346);
#2195=VERTEX_POINT('',#7357);
#2196=VERTEX_POINT('',#7358);
#2197=VERTEX_POINT('',#7360);
#2198=VERTEX_POINT('',#7362);
#2199=VERTEX_POINT('',#7366);
#2200=VERTEX_POINT('',#7368);
#2201=VERTEX_POINT('',#7372);
#2202=VERTEX_POINT('',#7374);
#2203=VERTEX_POINT('',#7376);
#2204=VERTEX_POINT('',#7378);
#2205=VERTEX_POINT('',#7380);
#2206=VERTEX_POINT('',#7384);
#2207=VERTEX_POINT('',#7385);
#2208=VERTEX_POINT('',#7387);
#2209=VERTEX_POINT('',#7389);
#2210=VERTEX_POINT('',#7393);
#2211=VERTEX_POINT('',#7394);
#2212=VERTEX_POINT('',#7399);
#2213=VERTEX_POINT('',#7401);
#2214=VERTEX_POINT('',#7405);
#2215=VERTEX_POINT('',#7406);
#2216=VERTEX_POINT('',#7408);
#2217=VERTEX_POINT('',#7410);
#2218=VERTEX_POINT('',#7414);
#2219=VERTEX_POINT('',#7416);
#2220=VERTEX_POINT('',#7420);
#2221=VERTEX_POINT('',#7422);
#2222=VERTEX_POINT('',#7426);
#2223=VERTEX_POINT('',#7428);
#2224=VERTEX_POINT('',#7430);
#2225=VERTEX_POINT('',#7432);
#2226=VERTEX_POINT('',#7434);
#2227=VERTEX_POINT('',#7437);
#2228=VERTEX_POINT('',#7439);
#2229=VERTEX_POINT('',#7441);
#2230=VERTEX_POINT('',#7450);
#2231=VERTEX_POINT('',#7454);
#2232=VERTEX_POINT('',#7456);
#2233=VERTEX_POINT('',#7459);
#2234=VERTEX_POINT('',#7461);
#2235=VERTEX_POINT('',#7463);
#2236=VERTEX_POINT('',#7465);
#2237=VERTEX_POINT('',#7467);
#2238=VERTEX_POINT('',#7489);
#2239=VERTEX_POINT('',#7508);
#2240=VERTEX_POINT('',#7509);
#2241=VERTEX_POINT('',#7511);
#2242=VERTEX_POINT('',#7513);
#2243=VERTEX_POINT('',#7517);
#2244=VERTEX_POINT('',#7519);
#2245=VERTEX_POINT('',#7523);
#2246=VERTEX_POINT('',#7525);
#2247=VERTEX_POINT('',#7529);
#2248=VERTEX_POINT('',#7531);
#2249=VERTEX_POINT('',#7535);
#2250=VERTEX_POINT('',#7537);
#2251=VERTEX_POINT('',#7545);
#2252=VERTEX_POINT('',#7546);
#2253=VERTEX_POINT('',#7548);
#2254=VERTEX_POINT('',#7550);
#2255=VERTEX_POINT('',#7554);
#2256=VERTEX_POINT('',#7556);
#2257=VERTEX_POINT('',#7560);
#2258=VERTEX_POINT('',#7562);
#2259=VERTEX_POINT('',#7566);
#2260=VERTEX_POINT('',#7568);
#2261=VERTEX_POINT('',#7572);
#2262=VERTEX_POINT('',#7574);
#2263=VERTEX_POINT('',#7578);
#2264=VERTEX_POINT('',#7580);
#2265=VERTEX_POINT('',#7584);
#2266=VERTEX_POINT('',#7586);
#2267=VERTEX_POINT('',#7593);
#2268=VERTEX_POINT('',#7594);
#2269=VERTEX_POINT('',#7596);
#2270=VERTEX_POINT('',#7598);
#2271=VERTEX_POINT('',#7602);
#2272=VERTEX_POINT('',#7604);
#2273=VERTEX_POINT('',#7608);
#2274=VERTEX_POINT('',#7610);
#2275=VERTEX_POINT('',#7614);
#2276=VERTEX_POINT('',#7616);
#2277=VERTEX_POINT('',#7620);
#2278=VERTEX_POINT('',#7622);
#2279=VERTEX_POINT('',#7626);
#2280=VERTEX_POINT('',#7628);
#2281=VERTEX_POINT('',#7632);
#2282=VERTEX_POINT('',#7634);
#2283=VERTEX_POINT('',#7638);
#2284=VERTEX_POINT('',#7640);
#2285=VERTEX_POINT('',#7644);
#2286=VERTEX_POINT('',#7646);
#2287=VERTEX_POINT('',#7650);
#2288=VERTEX_POINT('',#7652);
#2289=VERTEX_POINT('',#7656);
#2290=VERTEX_POINT('',#7658);
#2291=VERTEX_POINT('',#7665);
#2292=VERTEX_POINT('',#7666);
#2293=VERTEX_POINT('',#7668);
#2294=VERTEX_POINT('',#7670);
#2295=VERTEX_POINT('',#7674);
#2296=VERTEX_POINT('',#7676);
#2297=VERTEX_POINT('',#7680);
#2298=VERTEX_POINT('',#7682);
#2299=VERTEX_POINT('',#7686);
#2300=VERTEX_POINT('',#7688);
#2301=VERTEX_POINT('',#7692);
#2302=VERTEX_POINT('',#7694);
#2303=VERTEX_POINT('',#7698);
#2304=VERTEX_POINT('',#7700);
#2305=VERTEX_POINT('',#7704);
#2306=VERTEX_POINT('',#7706);
#2307=VERTEX_POINT('',#7710);
#2308=VERTEX_POINT('',#7712);
#2309=VERTEX_POINT('',#7716);
#2310=VERTEX_POINT('',#7718);
#2311=VERTEX_POINT('',#7722);
#2312=VERTEX_POINT('',#7724);
#2313=VERTEX_POINT('',#7728);
#2314=VERTEX_POINT('',#7730);
#2315=VERTEX_POINT('',#7734);
#2316=VERTEX_POINT('',#7736);
#2317=VERTEX_POINT('',#7743);
#2318=VERTEX_POINT('',#7744);
#2319=VERTEX_POINT('',#7746);
#2320=VERTEX_POINT('',#7748);
#2321=VERTEX_POINT('',#7752);
#2322=VERTEX_POINT('',#7754);
#2323=VERTEX_POINT('',#7758);
#2324=VERTEX_POINT('',#7760);
#2325=VERTEX_POINT('',#7764);
#2326=VERTEX_POINT('',#7766);
#2327=VERTEX_POINT('',#7770);
#2328=VERTEX_POINT('',#7772);
#2329=VERTEX_POINT('',#7776);
#2330=VERTEX_POINT('',#7778);
#2331=VERTEX_POINT('',#7782);
#2332=VERTEX_POINT('',#7784);
#2333=VERTEX_POINT('',#7788);
#2334=VERTEX_POINT('',#7790);
#2335=VERTEX_POINT('',#7794);
#2336=VERTEX_POINT('',#7796);
#2337=VERTEX_POINT('',#7800);
#2338=VERTEX_POINT('',#7802);
#2339=VERTEX_POINT('',#7806);
#2340=VERTEX_POINT('',#7808);
#2341=VERTEX_POINT('',#7815);
#2342=VERTEX_POINT('',#7816);
#2343=VERTEX_POINT('',#7818);
#2344=VERTEX_POINT('',#7820);
#2345=VERTEX_POINT('',#7824);
#2346=VERTEX_POINT('',#7826);
#2347=VERTEX_POINT('',#7830);
#2348=VERTEX_POINT('',#7832);
#2349=VERTEX_POINT('',#7836);
#2350=VERTEX_POINT('',#7838);
#2351=VERTEX_POINT('',#7842);
#2352=VERTEX_POINT('',#7844);
#2353=VERTEX_POINT('',#7848);
#2354=VERTEX_POINT('',#7850);
#2355=VERTEX_POINT('',#7854);
#2356=VERTEX_POINT('',#7856);
#2357=VERTEX_POINT('',#7860);
#2358=VERTEX_POINT('',#7862);
#2359=VERTEX_POINT('',#7866);
#2360=VERTEX_POINT('',#7868);
#2361=VERTEX_POINT('',#7872);
#2362=VERTEX_POINT('',#7874);
#2363=VERTEX_POINT('',#7878);
#2364=VERTEX_POINT('',#7880);
#2365=VERTEX_POINT('',#7884);
#2366=VERTEX_POINT('',#7886);
#2367=VERTEX_POINT('',#7890);
#2368=VERTEX_POINT('',#7892);
#2369=VERTEX_POINT('',#7896);
#2370=VERTEX_POINT('',#7898);
#2371=VERTEX_POINT('',#7902);
#2372=VERTEX_POINT('',#7904);
#2373=VERTEX_POINT('',#7911);
#2374=VERTEX_POINT('',#7912);
#2375=VERTEX_POINT('',#7914);
#2376=VERTEX_POINT('',#7916);
#2377=VERTEX_POINT('',#7920);
#2378=VERTEX_POINT('',#7922);
#2379=VERTEX_POINT('',#7926);
#2380=VERTEX_POINT('',#7928);
#2381=VERTEX_POINT('',#7935);
#2382=VERTEX_POINT('',#7936);
#2383=VERTEX_POINT('',#7938);
#2384=VERTEX_POINT('',#7940);
#2385=VERTEX_POINT('',#7944);
#2386=VERTEX_POINT('',#7946);
#2387=VERTEX_POINT('',#7950);
#2388=VERTEX_POINT('',#7952);
#2389=VERTEX_POINT('',#7959);
#2390=VERTEX_POINT('',#7960);
#2391=VERTEX_POINT('',#7962);
#2392=VERTEX_POINT('',#7964);
#2393=VERTEX_POINT('',#7968);
#2394=VERTEX_POINT('',#7970);
#2395=VERTEX_POINT('',#7974);
#2396=VERTEX_POINT('',#7976);
#2397=VERTEX_POINT('',#7983);
#2398=VERTEX_POINT('',#7984);
#2399=VERTEX_POINT('',#7986);
#2400=VERTEX_POINT('',#7988);
#2401=VERTEX_POINT('',#7992);
#2402=VERTEX_POINT('',#7994);
#2403=VERTEX_POINT('',#7998);
#2404=VERTEX_POINT('',#8000);
#2405=VERTEX_POINT('',#8008);
#2406=VERTEX_POINT('',#8009);
#2407=VERTEX_POINT('',#8011);
#2408=VERTEX_POINT('',#8013);
#2409=VERTEX_POINT('',#8017);
#2410=VERTEX_POINT('',#8019);
#2411=VERTEX_POINT('',#8023);
#2412=VERTEX_POINT('',#8025);
#2413=VERTEX_POINT('',#8033);
#2414=VERTEX_POINT('',#8034);
#2415=VERTEX_POINT('',#8036);
#2416=VERTEX_POINT('',#8038);
#2417=VERTEX_POINT('',#8049);
#2418=VERTEX_POINT('',#8050);
#2419=VERTEX_POINT('',#8052);
#2420=VERTEX_POINT('',#8056);
#2421=VERTEX_POINT('',#8057);
#2422=VERTEX_POINT('',#8062);
#2423=VERTEX_POINT('',#8063);
#2424=VERTEX_POINT('',#8065);
#2425=VERTEX_POINT('',#8069);
#2426=VERTEX_POINT('',#8070);
#2427=VERTEX_POINT('',#8078);
#2428=VERTEX_POINT('',#8079);
#2429=VERTEX_POINT('',#8081);
#2430=VERTEX_POINT('',#8085);
#2431=VERTEX_POINT('',#8086);
#2432=VERTEX_POINT('',#8091);
#2433=VERTEX_POINT('',#8092);
#2434=VERTEX_POINT('',#8094);
#2435=VERTEX_POINT('',#8098);
#2436=VERTEX_POINT('',#8099);
#2437=VERTEX_POINT('',#8122);
#2438=VERTEX_POINT('',#8123);
#2439=VERTEX_POINT('',#8128);
#2440=VERTEX_POINT('',#8132);
#2441=EDGE_CURVE('',#1987,#1988,#781,.T.);
#2442=EDGE_CURVE('',#1989,#1987,#782,.T.);
#2443=EDGE_CURVE('',#1990,#1989,#783,.T.);
#2444=EDGE_CURVE('',#1988,#1990,#784,.T.);
#2445=EDGE_CURVE('',#1991,#1992,#149,.T.);
#2446=EDGE_CURVE('',#1993,#1991,#785,.T.);
#2447=EDGE_CURVE('',#1994,#1993,#150,.T.);
#2448=EDGE_CURVE('',#1995,#1994,#786,.T.);
#2449=EDGE_CURVE('',#1996,#1995,#151,.T.);
#2450=EDGE_CURVE('',#1997,#1996,#787,.T.);
#2451=EDGE_CURVE('',#1998,#1997,#152,.T.);
#2452=EDGE_CURVE('',#1992,#1998,#788,.T.);
#2453=EDGE_CURVE('',#1990,#1999,#789,.T.);
#2454=EDGE_CURVE('',#2000,#1999,#790,.T.);
#2455=EDGE_CURVE('',#2000,#1988,#791,.T.);
#2456=EDGE_CURVE('',#2001,#2002,#792,.T.);
#2457=EDGE_CURVE('',#2002,#2003,#793,.T.);
#2458=EDGE_CURVE('',#2003,#2004,#794,.T.);
#2459=EDGE_CURVE('',#2004,#2001,#795,.T.);
#2460=EDGE_CURVE('',#2005,#2006,#796,.T.);
#2461=EDGE_CURVE('',#2006,#2007,#797,.T.);
#2462=EDGE_CURVE('',#2007,#2008,#798,.T.);
#2463=EDGE_CURVE('',#2008,#2005,#799,.T.);
#2464=EDGE_CURVE('',#2009,#2010,#800,.T.);
#2465=EDGE_CURVE('',#2010,#2011,#801,.T.);
#2466=EDGE_CURVE('',#2011,#2012,#802,.T.);
#2467=EDGE_CURVE('',#2012,#2009,#803,.T.);
#2468=EDGE_CURVE('',#1989,#2013,#804,.T.);
#2469=EDGE_CURVE('',#1999,#2013,#805,.T.);
#2470=EDGE_CURVE('',#2014,#1996,#806,.T.);
#2471=EDGE_CURVE('',#2014,#2015,#807,.T.);
#2472=EDGE_CURVE('',#1997,#2015,#808,.T.);
#2473=EDGE_CURVE('',#2016,#2014,#153,.T.);
#2474=EDGE_CURVE('',#2017,#2016,#809,.T.);
#2475=EDGE_CURVE('',#2018,#2017,#154,.T.);
#2476=EDGE_CURVE('',#2019,#2018,#810,.T.);
#2477=EDGE_CURVE('',#2020,#2019,#155,.T.);
#2478=EDGE_CURVE('',#2021,#2020,#811,.T.);
#2479=EDGE_CURVE('',#2015,#2021,#156,.T.);
#2480=EDGE_CURVE('',#2022,#2023,#812,.T.);
#2481=EDGE_CURVE('',#2024,#2022,#813,.T.);
#2482=EDGE_CURVE('',#2025,#2024,#814,.T.);
#2483=EDGE_CURVE('',#2023,#2025,#815,.T.);
#2484=EDGE_CURVE('',#2026,#2027,#816,.T.);
#2485=EDGE_CURVE('',#2028,#2026,#817,.T.);
#2486=EDGE_CURVE('',#2029,#2028,#818,.T.);
#2487=EDGE_CURVE('',#2027,#2029,#819,.T.);
#2488=EDGE_CURVE('',#2030,#2031,#820,.T.);
#2489=EDGE_CURVE('',#2032,#2030,#821,.T.);
#2490=EDGE_CURVE('',#2033,#2032,#822,.T.);
#2491=EDGE_CURVE('',#2031,#2033,#823,.T.);
#2492=EDGE_CURVE('',#2034,#2035,#824,.T.);
#2493=EDGE_CURVE('',#2036,#2034,#825,.T.);
#2494=EDGE_CURVE('',#2037,#2036,#826,.T.);
#2495=EDGE_CURVE('',#2035,#2037,#827,.T.);
#2496=EDGE_CURVE('',#2038,#2039,#828,.T.);
#2497=EDGE_CURVE('',#2040,#2038,#829,.T.);
#2498=EDGE_CURVE('',#2041,#2040,#830,.T.);
#2499=EDGE_CURVE('',#2039,#2041,#831,.T.);
#2500=EDGE_CURVE('',#2042,#2043,#832,.T.);
#2501=EDGE_CURVE('',#2044,#2042,#833,.T.);
#2502=EDGE_CURVE('',#2045,#2044,#834,.T.);
#2503=EDGE_CURVE('',#2043,#2045,#835,.T.);
#2504=EDGE_CURVE('',#2046,#2047,#836,.T.);
#2505=EDGE_CURVE('',#2048,#2046,#837,.T.);
#2506=EDGE_CURVE('',#2049,#2048,#838,.T.);
#2507=EDGE_CURVE('',#2047,#2049,#839,.T.);
#2508=EDGE_CURVE('',#2050,#2051,#840,.T.);
#2509=EDGE_CURVE('',#2052,#2050,#841,.T.);
#2510=EDGE_CURVE('',#2053,#2052,#842,.T.);
#2511=EDGE_CURVE('',#2051,#2053,#843,.T.);
#2512=EDGE_CURVE('',#2054,#2050,#844,.T.);
#2513=EDGE_CURVE('',#2055,#2054,#845,.T.);
#2514=EDGE_CURVE('',#2055,#2052,#846,.T.);
#2515=EDGE_CURVE('',#2056,#2051,#847,.T.);
#2516=EDGE_CURVE('',#2054,#2056,#848,.T.);
#2517=EDGE_CURVE('',#2019,#1991,#849,.T.);
#2518=EDGE_CURVE('',#1993,#2018,#850,.T.);
#2519=EDGE_CURVE('',#2017,#1994,#851,.T.);
#2520=EDGE_CURVE('',#1995,#2016,#852,.T.);
#2521=EDGE_CURVE('',#2024,#2057,#853,.T.);
#2522=EDGE_CURVE('',#2058,#2057,#854,.T.);
#2523=EDGE_CURVE('',#2058,#2025,#855,.T.);
#2524=EDGE_CURVE('',#2059,#2022,#856,.T.);
#2525=EDGE_CURVE('',#2060,#2059,#857,.T.);
#2526=EDGE_CURVE('',#2060,#2061,#858,.T.);
#2527=EDGE_CURVE('',#2061,#2062,#859,.T.);
#2528=EDGE_CURVE('',#2062,#2063,#860,.T.);
#2529=EDGE_CURVE('',#2057,#2063,#861,.T.);
#2530=EDGE_CURVE('',#2028,#2064,#862,.T.);
#2531=EDGE_CURVE('',#2065,#2064,#863,.T.);
#2532=EDGE_CURVE('',#2065,#2029,#864,.T.);
#2533=EDGE_CURVE('',#2066,#2026,#865,.T.);
#2534=EDGE_CURVE('',#2067,#2066,#866,.T.);
#2535=EDGE_CURVE('',#2067,#2068,#867,.T.);
#2536=EDGE_CURVE('',#2068,#2069,#868,.T.);
#2537=EDGE_CURVE('',#2069,#2070,#869,.T.);
#2538=EDGE_CURVE('',#2064,#2070,#870,.T.);
#2539=EDGE_CURVE('',#2032,#2071,#871,.T.);
#2540=EDGE_CURVE('',#2072,#2071,#872,.T.);
#2541=EDGE_CURVE('',#2072,#2033,#873,.T.);
#2542=EDGE_CURVE('',#2073,#2030,#874,.T.);
#2543=EDGE_CURVE('',#2074,#2073,#875,.T.);
#2544=EDGE_CURVE('',#2074,#2075,#876,.T.);
#2545=EDGE_CURVE('',#2075,#2076,#877,.T.);
#2546=EDGE_CURVE('',#2076,#2077,#878,.T.);
#2547=EDGE_CURVE('',#2071,#2077,#879,.T.);
#2548=EDGE_CURVE('',#2036,#2078,#880,.T.);
#2549=EDGE_CURVE('',#2079,#2078,#881,.T.);
#2550=EDGE_CURVE('',#2079,#2037,#882,.T.);
#2551=EDGE_CURVE('',#2080,#2034,#883,.T.);
#2552=EDGE_CURVE('',#2081,#2080,#884,.T.);
#2553=EDGE_CURVE('',#2081,#2082,#885,.T.);
#2554=EDGE_CURVE('',#2082,#2083,#886,.T.);
#2555=EDGE_CURVE('',#2083,#2084,#887,.T.);
#2556=EDGE_CURVE('',#2078,#2084,#888,.T.);
#2557=EDGE_CURVE('',#2040,#2085,#889,.T.);
#2558=EDGE_CURVE('',#2086,#2085,#890,.T.);
#2559=EDGE_CURVE('',#2086,#2041,#891,.T.);
#2560=EDGE_CURVE('',#2087,#2038,#892,.T.);
#2561=EDGE_CURVE('',#2088,#2087,#893,.T.);
#2562=EDGE_CURVE('',#2088,#2089,#894,.T.);
#2563=EDGE_CURVE('',#2089,#2090,#895,.T.);
#2564=EDGE_CURVE('',#2090,#2091,#896,.T.);
#2565=EDGE_CURVE('',#2085,#2091,#897,.T.);
#2566=EDGE_CURVE('',#2044,#2092,#898,.T.);
#2567=EDGE_CURVE('',#2092,#2093,#899,.T.);
#2568=EDGE_CURVE('',#2093,#2045,#900,.T.);
#2569=EDGE_CURVE('',#2094,#2042,#901,.T.);
#2570=EDGE_CURVE('',#2095,#2094,#902,.T.);
#2571=EDGE_CURVE('',#2095,#2096,#903,.T.);
#2572=EDGE_CURVE('',#2096,#2097,#904,.T.);
#2573=EDGE_CURVE('',#2097,#2098,#905,.T.);
#2574=EDGE_CURVE('',#2092,#2098,#906,.T.);
#2575=EDGE_CURVE('',#2048,#2099,#907,.T.);
#2576=EDGE_CURVE('',#2099,#2100,#908,.T.);
#2577=EDGE_CURVE('',#2100,#2049,#909,.T.);
#2578=EDGE_CURVE('',#2101,#2046,#910,.T.);
#2579=EDGE_CURVE('',#2102,#2101,#911,.T.);
#2580=EDGE_CURVE('',#2102,#2103,#912,.T.);
#2581=EDGE_CURVE('',#2103,#2104,#913,.T.);
#2582=EDGE_CURVE('',#2104,#2105,#914,.T.);
#2583=EDGE_CURVE('',#2099,#2105,#915,.T.);
#2584=EDGE_CURVE('',#1992,#2020,#916,.T.);
#2585=EDGE_CURVE('',#2021,#1998,#917,.T.);
#2586=EDGE_CURVE('',#2106,#2107,#918,.T.);
#2587=EDGE_CURVE('',#2108,#2106,#919,.T.);
#2588=EDGE_CURVE('',#2109,#2108,#920,.T.);
#2589=EDGE_CURVE('',#2109,#2107,#921,.T.);
#2590=EDGE_CURVE('',#2107,#2110,#922,.T.);
#2591=EDGE_CURVE('',#2111,#2109,#923,.T.);
#2592=EDGE_CURVE('',#2111,#2110,#924,.T.);
#2593=EDGE_CURVE('',#2110,#2112,#925,.T.);
#2594=EDGE_CURVE('',#2113,#2111,#926,.T.);
#2595=EDGE_CURVE('',#2113,#2112,#927,.T.);
#2596=EDGE_CURVE('',#2112,#2106,#928,.T.);
#2597=EDGE_CURVE('',#2108,#2113,#929,.T.);
#2598=EDGE_CURVE('',#2114,#2000,#930,.T.);
#2599=EDGE_CURVE('',#2013,#2114,#931,.T.);
#2600=EDGE_CURVE('',#2011,#2115,#932,.T.);
#2601=EDGE_CURVE('',#2115,#2116,#933,.T.);
#2602=EDGE_CURVE('',#2116,#2012,#934,.T.);
#2603=EDGE_CURVE('',#2009,#2117,#935,.T.);
#2604=EDGE_CURVE('',#2117,#2118,#936,.T.);
#2605=EDGE_CURVE('',#2118,#2010,#937,.T.);
#2606=EDGE_CURVE('',#2062,#2115,#157,.T.);
#2607=EDGE_CURVE('',#2116,#2061,#158,.T.);
#2608=EDGE_CURVE('',#2118,#2119,#159,.T.);
#2609=EDGE_CURVE('',#2120,#2119,#938,.T.);
#2610=EDGE_CURVE('',#2063,#2120,#939,.T.);
#2611=EDGE_CURVE('',#2121,#2117,#160,.T.);
#2612=EDGE_CURVE('',#2119,#2121,#940,.T.);
#2613=EDGE_CURVE('',#2122,#2060,#941,.T.);
#2614=EDGE_CURVE('',#2121,#2122,#942,.T.);
#2615=EDGE_CURVE('',#2123,#2059,#943,.T.);
#2616=EDGE_CURVE('',#2123,#2122,#944,.T.);
#2617=EDGE_CURVE('',#2023,#2123,#945,.T.);
#2618=EDGE_CURVE('',#2120,#2058,#946,.T.);
#2619=EDGE_CURVE('',#2007,#2124,#947,.T.);
#2620=EDGE_CURVE('',#2124,#2125,#948,.T.);
#2621=EDGE_CURVE('',#2125,#2008,#949,.T.);
#2622=EDGE_CURVE('',#2005,#2126,#950,.T.);
#2623=EDGE_CURVE('',#2126,#2127,#951,.T.);
#2624=EDGE_CURVE('',#2127,#2006,#952,.T.);
#2625=EDGE_CURVE('',#2069,#2124,#161,.T.);
#2626=EDGE_CURVE('',#2125,#2068,#162,.T.);
#2627=EDGE_CURVE('',#2127,#2128,#163,.T.);
#2628=EDGE_CURVE('',#2129,#2128,#953,.T.);
#2629=EDGE_CURVE('',#2070,#2129,#954,.T.);
#2630=EDGE_CURVE('',#2130,#2126,#164,.T.);
#2631=EDGE_CURVE('',#2128,#2130,#955,.T.);
#2632=EDGE_CURVE('',#2131,#2067,#956,.T.);
#2633=EDGE_CURVE('',#2130,#2131,#957,.T.);
#2634=EDGE_CURVE('',#2132,#2066,#958,.T.);
#2635=EDGE_CURVE('',#2132,#2131,#959,.T.);
#2636=EDGE_CURVE('',#2027,#2132,#960,.T.);
#2637=EDGE_CURVE('',#2129,#2065,#961,.T.);
#2638=EDGE_CURVE('',#2133,#2134,#962,.T.);
#2639=EDGE_CURVE('',#2133,#2135,#963,.T.);
#2640=EDGE_CURVE('',#2135,#2136,#964,.T.);
#2641=EDGE_CURVE('',#2136,#2134,#965,.T.);
#2642=EDGE_CURVE('',#2137,#2138,#966,.T.);
#2643=EDGE_CURVE('',#2137,#2139,#967,.T.);
#2644=EDGE_CURVE('',#2139,#2140,#968,.T.);
#2645=EDGE_CURVE('',#2140,#2138,#969,.T.);
#2646=EDGE_CURVE('',#2076,#2135,#165,.T.);
#2647=EDGE_CURVE('',#2136,#2075,#166,.T.);
#2648=EDGE_CURVE('',#2138,#2133,#970,.T.);
#2649=EDGE_CURVE('',#2140,#2141,#167,.T.);
#2650=EDGE_CURVE('',#2142,#2141,#971,.T.);
#2651=EDGE_CURVE('',#2077,#2142,#972,.T.);
#2652=EDGE_CURVE('',#2143,#2139,#168,.T.);
#2653=EDGE_CURVE('',#2141,#2143,#973,.T.);
#2654=EDGE_CURVE('',#2134,#2137,#974,.T.);
#2655=EDGE_CURVE('',#2144,#2074,#975,.T.);
#2656=EDGE_CURVE('',#2143,#2144,#976,.T.);
#2657=EDGE_CURVE('',#2145,#2073,#977,.T.);
#2658=EDGE_CURVE('',#2145,#2144,#978,.T.);
#2659=EDGE_CURVE('',#2031,#2145,#979,.T.);
#2660=EDGE_CURVE('',#2142,#2072,#980,.T.);
#2661=EDGE_CURVE('',#2146,#2147,#981,.T.);
#2662=EDGE_CURVE('',#2146,#2148,#982,.T.);
#2663=EDGE_CURVE('',#2148,#2149,#983,.T.);
#2664=EDGE_CURVE('',#2149,#2147,#984,.T.);
#2665=EDGE_CURVE('',#2150,#2151,#985,.T.);
#2666=EDGE_CURVE('',#2150,#2152,#986,.T.);
#2667=EDGE_CURVE('',#2152,#2153,#987,.T.);
#2668=EDGE_CURVE('',#2153,#2151,#988,.T.);
#2669=EDGE_CURVE('',#2083,#2148,#169,.T.);
#2670=EDGE_CURVE('',#2149,#2082,#170,.T.);
#2671=EDGE_CURVE('',#2151,#2146,#989,.T.);
#2672=EDGE_CURVE('',#2153,#2154,#171,.T.);
#2673=EDGE_CURVE('',#2155,#2154,#990,.T.);
#2674=EDGE_CURVE('',#2084,#2155,#991,.T.);
#2675=EDGE_CURVE('',#2156,#2152,#172,.T.);
#2676=EDGE_CURVE('',#2154,#2156,#992,.T.);
#2677=EDGE_CURVE('',#2147,#2150,#993,.T.);
#2678=EDGE_CURVE('',#2157,#2081,#994,.T.);
#2679=EDGE_CURVE('',#2156,#2157,#995,.T.);
#2680=EDGE_CURVE('',#2158,#2080,#996,.T.);
#2681=EDGE_CURVE('',#2158,#2157,#997,.T.);
#2682=EDGE_CURVE('',#2035,#2158,#998,.T.);
#2683=EDGE_CURVE('',#2155,#2079,#999,.T.);
#2684=EDGE_CURVE('',#2159,#2160,#1000,.T.);
#2685=EDGE_CURVE('',#2159,#2161,#1001,.T.);
#2686=EDGE_CURVE('',#2161,#2162,#1002,.T.);
#2687=EDGE_CURVE('',#2162,#2160,#1003,.T.);
#2688=EDGE_CURVE('',#2163,#2164,#1004,.T.);
#2689=EDGE_CURVE('',#2163,#2165,#1005,.T.);
#2690=EDGE_CURVE('',#2165,#2166,#1006,.T.);
#2691=EDGE_CURVE('',#2166,#2164,#1007,.T.);
#2692=EDGE_CURVE('',#2090,#2161,#173,.T.);
#2693=EDGE_CURVE('',#2162,#2089,#174,.T.);
#2694=EDGE_CURVE('',#2164,#2159,#1008,.T.);
#2695=EDGE_CURVE('',#2166,#2167,#175,.T.);
#2696=EDGE_CURVE('',#2168,#2167,#1009,.T.);
#2697=EDGE_CURVE('',#2091,#2168,#1010,.T.);
#2698=EDGE_CURVE('',#2169,#2165,#176,.T.);
#2699=EDGE_CURVE('',#2167,#2169,#1011,.T.);
#2700=EDGE_CURVE('',#2160,#2163,#1012,.T.);
#2701=EDGE_CURVE('',#2170,#2088,#1013,.T.);
#2702=EDGE_CURVE('',#2169,#2170,#1014,.T.);
#2703=EDGE_CURVE('',#2171,#2087,#1015,.T.);
#2704=EDGE_CURVE('',#2171,#2170,#1016,.T.);
#2705=EDGE_CURVE('',#2039,#2171,#1017,.T.);
#2706=EDGE_CURVE('',#2168,#2086,#1018,.T.);
#2707=EDGE_CURVE('',#2043,#2172,#1019,.T.);
#2708=EDGE_CURVE('',#2094,#2172,#1020,.T.);
#2709=EDGE_CURVE('',#2173,#2174,#1021,.T.);
#2710=EDGE_CURVE('',#2175,#2173,#1022,.T.);
#2711=EDGE_CURVE('',#2175,#2176,#177,.T.);
#2712=EDGE_CURVE('',#2177,#2176,#1023,.T.);
#2713=EDGE_CURVE('',#2098,#2177,#1024,.T.);
#2714=EDGE_CURVE('',#2097,#2178,#178,.T.);
#2715=EDGE_CURVE('',#2174,#2178,#1025,.T.);
#2716=EDGE_CURVE('',#2174,#2179,#1026,.T.);
#2717=EDGE_CURVE('',#2178,#2180,#1027,.T.);
#2718=EDGE_CURVE('',#2180,#2179,#1028,.T.);
#2719=EDGE_CURVE('',#2177,#2093,#1029,.T.);
#2720=EDGE_CURVE('',#2176,#2181,#1030,.T.);
#2721=EDGE_CURVE('',#2181,#2182,#1031,.T.);
#2722=EDGE_CURVE('',#2172,#2182,#1032,.T.);
#2723=EDGE_CURVE('',#2179,#2183,#1033,.T.);
#2724=EDGE_CURVE('',#2180,#2096,#179,.T.);
#2725=EDGE_CURVE('',#2182,#2095,#1034,.T.);
#2726=EDGE_CURVE('',#2181,#2184,#180,.T.);
#2727=EDGE_CURVE('',#2183,#2184,#1035,.T.);
#2728=EDGE_CURVE('',#2184,#2175,#1036,.T.);
#2729=EDGE_CURVE('',#2183,#2173,#1037,.T.);
#2730=EDGE_CURVE('',#2047,#2185,#1038,.T.);
#2731=EDGE_CURVE('',#2101,#2185,#1039,.T.);
#2732=EDGE_CURVE('',#2186,#2003,#1040,.T.);
#2733=EDGE_CURVE('',#2186,#2187,#181,.T.);
#2734=EDGE_CURVE('',#2188,#2187,#1041,.T.);
#2735=EDGE_CURVE('',#2105,#2188,#1042,.T.);
#2736=EDGE_CURVE('',#2104,#2189,#182,.T.);
#2737=EDGE_CURVE('',#2004,#2189,#1043,.T.);
#2738=EDGE_CURVE('',#2189,#2190,#1044,.T.);
#2739=EDGE_CURVE('',#2190,#2001,#1045,.T.);
#2740=EDGE_CURVE('',#2188,#2100,#1046,.T.);
#2741=EDGE_CURVE('',#2187,#2191,#1047,.T.);
#2742=EDGE_CURVE('',#2191,#2192,#1048,.T.);
#2743=EDGE_CURVE('',#2185,#2192,#1049,.T.);
#2744=EDGE_CURVE('',#2190,#2103,#183,.T.);
#2745=EDGE_CURVE('',#2192,#2102,#1050,.T.);
#2746=EDGE_CURVE('',#2191,#2193,#184,.T.);
#2747=EDGE_CURVE('',#2002,#2193,#1051,.T.);
#2748=EDGE_CURVE('',#2193,#2186,#1052,.T.);
#2749=EDGE_CURVE('',#2194,#2055,#1053,.T.);
#2750=EDGE_CURVE('',#2194,#2053,#1054,.T.);
#2751=EDGE_CURVE('',#2056,#2194,#1055,.T.);
#2752=EDGE_CURVE('',#1987,#2114,#1056,.T.);
#2753=EDGE_CURVE('',#2195,#2196,#1057,.T.);
#2754=EDGE_CURVE('',#2197,#2195,#1058,.T.);
#2755=EDGE_CURVE('',#2198,#2197,#1059,.T.);
#2756=EDGE_CURVE('',#2196,#2198,#1060,.T.);
#2757=EDGE_CURVE('',#2199,#2198,#1061,.T.);
#2758=EDGE_CURVE('',#2200,#2199,#1062,.T.);
#2759=EDGE_CURVE('',#2196,#2200,#1063,.T.);
#2760=EDGE_CURVE('',#2197,#2201,#1064,.T.);
#2761=EDGE_CURVE('',#2201,#2202,#1065,.T.);
#2762=EDGE_CURVE('',#2203,#2202,#1066,.T.);
#2763=EDGE_CURVE('',#2204,#2203,#1067,.T.);
#2764=EDGE_CURVE('',#2205,#2204,#1068,.T.);
#2765=EDGE_CURVE('',#2205,#2199,#1069,.T.);
#2766=EDGE_CURVE('',#2206,#2207,#1070,.T.);
#2767=EDGE_CURVE('',#2206,#2208,#1071,.T.);
#2768=EDGE_CURVE('',#2209,#2208,#1072,.T.);
#2769=EDGE_CURVE('',#2207,#2209,#1073,.T.);
#2770=EDGE_CURVE('',#2210,#2211,#1074,.T.);
#2771=EDGE_CURVE('',#2208,#2210,#185,.T.);
#2772=EDGE_CURVE('',#2211,#2206,#186,.T.);
#2773=EDGE_CURVE('',#2212,#2211,#1075,.T.);
#2774=EDGE_CURVE('',#2213,#2212,#1076,.T.);
#2775=EDGE_CURVE('',#2210,#2213,#1077,.T.);
#2776=EDGE_CURVE('',#2214,#2215,#1078,.T.);
#2777=EDGE_CURVE('',#2216,#2214,#1079,.T.);
#2778=EDGE_CURVE('',#2217,#2216,#1080,.T.);
#2779=EDGE_CURVE('',#2217,#2215,#1081,.T.);
#2780=EDGE_CURVE('',#2218,#2217,#187,.T.);
#2781=EDGE_CURVE('',#2218,#2219,#1082,.T.);
#2782=EDGE_CURVE('',#2215,#2219,#188,.T.);
#2783=EDGE_CURVE('',#2219,#2220,#1083,.T.);
#2784=EDGE_CURVE('',#2221,#2218,#1084,.T.);
#2785=EDGE_CURVE('',#2220,#2221,#1085,.T.);
#2786=EDGE_CURVE('',#2209,#2222,#1086,.T.);
#2787=EDGE_CURVE('',#2223,#2222,#189,.T.);
#2788=EDGE_CURVE('',#2223,#2224,#1087,.T.);
#2789=EDGE_CURVE('',#2225,#2224,#190,.T.);
#2790=EDGE_CURVE('',#2225,#2226,#1088,.T.);
#2791=EDGE_CURVE('',#2226,#2205,#1089,.T.);
#2792=EDGE_CURVE('',#2227,#2204,#191,.T.);
#2793=EDGE_CURVE('',#2227,#2228,#1090,.T.);
#2794=EDGE_CURVE('',#2229,#2228,#192,.T.);
#2795=EDGE_CURVE('',#2229,#2207,#1091,.T.);
#2796=EDGE_CURVE('',#2219,#2211,#1092,.T.);
#2797=EDGE_CURVE('',#2212,#2220,#1093,.T.);
#2798=EDGE_CURVE('',#2206,#2215,#1094,.T.);
#2799=EDGE_CURVE('',#2230,#2229,#1095,.T.);
#2800=EDGE_CURVE('',#2214,#2230,#1096,.T.);
#2801=EDGE_CURVE('',#2231,#2230,#193,.T.);
#2802=EDGE_CURVE('',#2231,#2232,#1097,.T.);
#2803=EDGE_CURVE('',#2203,#2232,#194,.T.);
#2804=EDGE_CURVE('',#2202,#2233,#1098,.T.);
#2805=EDGE_CURVE('',#2233,#2234,#1099,.T.);
#2806=EDGE_CURVE('',#2235,#2234,#195,.T.);
#2807=EDGE_CURVE('',#2235,#2236,#1100,.T.);
#2808=EDGE_CURVE('',#2237,#2236,#196,.T.);
#2809=EDGE_CURVE('',#2237,#2216,#1101,.T.);
#2810=EDGE_CURVE('',#2236,#2223,#1102,.T.);
#2811=EDGE_CURVE('',#2222,#2237,#1103,.T.);
#2812=EDGE_CURVE('',#2217,#2208,#1104,.T.);
#2813=EDGE_CURVE('',#2232,#2227,#1105,.T.);
#2814=EDGE_CURVE('',#2228,#2231,#1106,.T.);
#2815=EDGE_CURVE('',#2210,#2218,#1107,.T.);
#2816=EDGE_CURVE('',#2213,#2221,#1108,.T.);
#2817=EDGE_CURVE('',#2224,#2235,#1109,.T.);
#2818=EDGE_CURVE('',#2234,#2225,#1110,.T.);
#2819=EDGE_CURVE('',#2238,#2201,#1111,.T.);
#2820=EDGE_CURVE('',#2233,#2238,#1112,.T.);
#2821=EDGE_CURVE('',#2238,#2195,#1113,.T.);
#2822=EDGE_CURVE('',#2200,#2226,#1114,.T.);
#2823=EDGE_CURVE('',#2239,#2240,#1115,.T.);
#2824=EDGE_CURVE('',#2239,#2241,#1116,.T.);
#2825=EDGE_CURVE('',#2241,#2242,#1117,.T.);
#2826=EDGE_CURVE('',#2240,#2242,#1118,.T.);
#2827=EDGE_CURVE('',#2243,#2239,#1119,.T.);
#2828=EDGE_CURVE('',#2243,#2244,#1120,.T.);
#2829=EDGE_CURVE('',#2244,#2241,#1121,.T.);
#2830=EDGE_CURVE('',#2245,#2243,#197,.T.);
#2831=EDGE_CURVE('',#2245,#2246,#1122,.T.);
#2832=EDGE_CURVE('',#2246,#2244,#198,.T.);
#2833=EDGE_CURVE('',#2247,#2245,#1123,.T.);
#2834=EDGE_CURVE('',#2247,#2248,#1124,.T.);
#2835=EDGE_CURVE('',#2248,#2246,#1125,.T.);
#2836=EDGE_CURVE('',#2249,#2247,#199,.T.);
#2837=EDGE_CURVE('',#2249,#2250,#1126,.T.);
#2838=EDGE_CURVE('',#2250,#2248,#200,.T.);
#2839=EDGE_CURVE('',#2240,#2249,#1127,.T.);
#2840=EDGE_CURVE('',#2242,#2250,#1128,.T.);
#2841=EDGE_CURVE('',#2251,#2252,#201,.T.);
#2842=EDGE_CURVE('',#2251,#2253,#1129,.T.);
#2843=EDGE_CURVE('',#2253,#2254,#202,.T.);
#2844=EDGE_CURVE('',#2252,#2254,#1130,.T.);
#2845=EDGE_CURVE('',#2252,#2255,#1131,.T.);
#2846=EDGE_CURVE('',#2254,#2256,#1132,.T.);
#2847=EDGE_CURVE('',#2255,#2256,#1133,.T.);
#2848=EDGE_CURVE('',#2255,#2257,#203,.T.);
#2849=EDGE_CURVE('',#2256,#2258,#204,.T.);
#2850=EDGE_CURVE('',#2257,#2258,#1134,.T.);
#2851=EDGE_CURVE('',#2257,#2259,#1135,.T.);
#2852=EDGE_CURVE('',#2258,#2260,#1136,.T.);
#2853=EDGE_CURVE('',#2259,#2260,#1137,.T.);
#2854=EDGE_CURVE('',#2259,#2261,#205,.T.);
#2855=EDGE_CURVE('',#2260,#2262,#206,.T.);
#2856=EDGE_CURVE('',#2261,#2262,#1138,.T.);
#2857=EDGE_CURVE('',#2261,#2263,#1139,.T.);
#2858=EDGE_CURVE('',#2262,#2264,#1140,.T.);
#2859=EDGE_CURVE('',#2263,#2264,#1141,.T.);
#2860=EDGE_CURVE('',#2263,#2265,#207,.T.);
#2861=EDGE_CURVE('',#2264,#2266,#208,.T.);
#2862=EDGE_CURVE('',#2265,#2266,#1142,.T.);
#2863=EDGE_CURVE('',#2265,#2251,#1143,.T.);
#2864=EDGE_CURVE('',#2266,#2253,#1144,.T.);
#2865=EDGE_CURVE('',#2267,#2268,#1145,.T.);
#2866=EDGE_CURVE('',#2267,#2269,#1146,.T.);
#2867=EDGE_CURVE('',#2269,#2270,#1147,.T.);
#2868=EDGE_CURVE('',#2268,#2270,#1148,.T.);
#2869=EDGE_CURVE('',#2268,#2271,#1149,.T.);
#2870=EDGE_CURVE('',#2270,#2272,#1150,.T.);
#2871=EDGE_CURVE('',#2271,#2272,#1151,.T.);
#2872=EDGE_CURVE('',#2271,#2273,#1152,.T.);
#2873=EDGE_CURVE('',#2272,#2274,#1153,.T.);
#2874=EDGE_CURVE('',#2273,#2274,#1154,.T.);
#2875=EDGE_CURVE('',#2273,#2275,#1155,.T.);
#2876=EDGE_CURVE('',#2274,#2276,#1156,.T.);
#2877=EDGE_CURVE('',#2275,#2276,#1157,.T.);
#2878=EDGE_CURVE('',#2275,#2277,#1158,.T.);
#2879=EDGE_CURVE('',#2276,#2278,#1159,.T.);
#2880=EDGE_CURVE('',#2277,#2278,#1160,.T.);
#2881=EDGE_CURVE('',#2277,#2279,#1161,.T.);
#2882=EDGE_CURVE('',#2278,#2280,#1162,.T.);
#2883=EDGE_CURVE('',#2279,#2280,#1163,.T.);
#2884=EDGE_CURVE('',#2279,#2281,#1164,.T.);
#2885=EDGE_CURVE('',#2280,#2282,#1165,.T.);
#2886=EDGE_CURVE('',#2281,#2282,#1166,.T.);
#2887=EDGE_CURVE('',#2281,#2283,#209,.T.);
#2888=EDGE_CURVE('',#2282,#2284,#210,.T.);
#2889=EDGE_CURVE('',#2283,#2284,#1167,.T.);
#2890=EDGE_CURVE('',#2283,#2285,#1168,.T.);
#2891=EDGE_CURVE('',#2284,#2286,#1169,.T.);
#2892=EDGE_CURVE('',#2285,#2286,#1170,.T.);
#2893=EDGE_CURVE('',#2285,#2287,#211,.T.);
#2894=EDGE_CURVE('',#2286,#2288,#212,.T.);
#2895=EDGE_CURVE('',#2287,#2288,#1171,.T.);
#2896=EDGE_CURVE('',#2287,#2289,#1172,.T.);
#2897=EDGE_CURVE('',#2288,#2290,#1173,.T.);
#2898=EDGE_CURVE('',#2289,#2290,#1174,.T.);
#2899=EDGE_CURVE('',#2289,#2267,#1175,.T.);
#2900=EDGE_CURVE('',#2290,#2269,#1176,.T.);
#2901=EDGE_CURVE('',#2291,#2292,#1177,.T.);
#2902=EDGE_CURVE('',#2291,#2293,#1178,.T.);
#2903=EDGE_CURVE('',#2293,#2294,#1179,.T.);
#2904=EDGE_CURVE('',#2292,#2294,#1180,.T.);
#2905=EDGE_CURVE('',#2292,#2295,#1181,.T.);
#2906=EDGE_CURVE('',#2294,#2296,#1182,.T.);
#2907=EDGE_CURVE('',#2295,#2296,#1183,.T.);
#2908=EDGE_CURVE('',#2295,#2297,#1184,.T.);
#2909=EDGE_CURVE('',#2296,#2298,#1185,.T.);
#2910=EDGE_CURVE('',#2297,#2298,#1186,.T.);
#2911=EDGE_CURVE('',#2297,#2299,#1187,.T.);
#2912=EDGE_CURVE('',#2298,#2300,#1188,.T.);
#2913=EDGE_CURVE('',#2299,#2300,#1189,.T.);
#2914=EDGE_CURVE('',#2299,#2301,#1190,.T.);
#2915=EDGE_CURVE('',#2300,#2302,#1191,.T.);
#2916=EDGE_CURVE('',#2301,#2302,#1192,.T.);
#2917=EDGE_CURVE('',#2301,#2303,#1193,.T.);
#2918=EDGE_CURVE('',#2302,#2304,#1194,.T.);
#2919=EDGE_CURVE('',#2303,#2304,#1195,.T.);
#2920=EDGE_CURVE('',#2303,#2305,#1196,.T.);
#2921=EDGE_CURVE('',#2304,#2306,#1197,.T.);
#2922=EDGE_CURVE('',#2305,#2306,#1198,.T.);
#2923=EDGE_CURVE('',#2305,#2307,#1199,.T.);
#2924=EDGE_CURVE('',#2306,#2308,#1200,.T.);
#2925=EDGE_CURVE('',#2307,#2308,#1201,.T.);
#2926=EDGE_CURVE('',#2307,#2309,#1202,.T.);
#2927=EDGE_CURVE('',#2308,#2310,#1203,.T.);
#2928=EDGE_CURVE('',#2309,#2310,#1204,.T.);
#2929=EDGE_CURVE('',#2309,#2311,#1205,.T.);
#2930=EDGE_CURVE('',#2310,#2312,#1206,.T.);
#2931=EDGE_CURVE('',#2311,#2312,#1207,.T.);
#2932=EDGE_CURVE('',#2311,#2313,#1208,.T.);
#2933=EDGE_CURVE('',#2312,#2314,#1209,.T.);
#2934=EDGE_CURVE('',#2313,#2314,#1210,.T.);
#2935=EDGE_CURVE('',#2313,#2315,#1211,.T.);
#2936=EDGE_CURVE('',#2314,#2316,#1212,.T.);
#2937=EDGE_CURVE('',#2315,#2316,#1213,.T.);
#2938=EDGE_CURVE('',#2315,#2291,#1214,.T.);
#2939=EDGE_CURVE('',#2316,#2293,#1215,.T.);
#2940=EDGE_CURVE('',#2317,#2318,#1216,.T.);
#2941=EDGE_CURVE('',#2317,#2319,#1217,.T.);
#2942=EDGE_CURVE('',#2319,#2320,#1218,.T.);
#2943=EDGE_CURVE('',#2318,#2320,#1219,.T.);
#2944=EDGE_CURVE('',#2318,#2321,#1220,.T.);
#2945=EDGE_CURVE('',#2320,#2322,#1221,.T.);
#2946=EDGE_CURVE('',#2321,#2322,#1222,.T.);
#2947=EDGE_CURVE('',#2321,#2323,#1223,.T.);
#2948=EDGE_CURVE('',#2322,#2324,#1224,.T.);
#2949=EDGE_CURVE('',#2323,#2324,#1225,.T.);
#2950=EDGE_CURVE('',#2323,#2325,#1226,.T.);
#2951=EDGE_CURVE('',#2324,#2326,#1227,.T.);
#2952=EDGE_CURVE('',#2325,#2326,#1228,.T.);
#2953=EDGE_CURVE('',#2325,#2327,#1229,.T.);
#2954=EDGE_CURVE('',#2326,#2328,#1230,.T.);
#2955=EDGE_CURVE('',#2327,#2328,#1231,.T.);
#2956=EDGE_CURVE('',#2327,#2329,#1232,.T.);
#2957=EDGE_CURVE('',#2328,#2330,#1233,.T.);
#2958=EDGE_CURVE('',#2329,#2330,#1234,.T.);
#2959=EDGE_CURVE('',#2329,#2331,#1235,.T.);
#2960=EDGE_CURVE('',#2330,#2332,#1236,.T.);
#2961=EDGE_CURVE('',#2331,#2332,#1237,.T.);
#2962=EDGE_CURVE('',#2331,#2333,#1238,.T.);
#2963=EDGE_CURVE('',#2332,#2334,#1239,.T.);
#2964=EDGE_CURVE('',#2333,#2334,#1240,.T.);
#2965=EDGE_CURVE('',#2333,#2335,#1241,.T.);
#2966=EDGE_CURVE('',#2334,#2336,#1242,.T.);
#2967=EDGE_CURVE('',#2335,#2336,#1243,.T.);
#2968=EDGE_CURVE('',#2335,#2337,#1244,.T.);
#2969=EDGE_CURVE('',#2336,#2338,#1245,.T.);
#2970=EDGE_CURVE('',#2337,#2338,#1246,.T.);
#2971=EDGE_CURVE('',#2337,#2339,#1247,.T.);
#2972=EDGE_CURVE('',#2338,#2340,#1248,.T.);
#2973=EDGE_CURVE('',#2339,#2340,#1249,.T.);
#2974=EDGE_CURVE('',#2339,#2317,#1250,.T.);
#2975=EDGE_CURVE('',#2340,#2319,#1251,.T.);
#2976=EDGE_CURVE('',#2341,#2342,#1252,.T.);
#2977=EDGE_CURVE('',#2341,#2343,#1253,.T.);
#2978=EDGE_CURVE('',#2343,#2344,#1254,.T.);
#2979=EDGE_CURVE('',#2342,#2344,#1255,.T.);
#2980=EDGE_CURVE('',#2342,#2345,#1256,.T.);
#2981=EDGE_CURVE('',#2344,#2346,#1257,.T.);
#2982=EDGE_CURVE('',#2345,#2346,#1258,.T.);
#2983=EDGE_CURVE('',#2345,#2347,#1259,.T.);
#2984=EDGE_CURVE('',#2346,#2348,#1260,.T.);
#2985=EDGE_CURVE('',#2347,#2348,#1261,.T.);
#2986=EDGE_CURVE('',#2347,#2349,#213,.T.);
#2987=EDGE_CURVE('',#2348,#2350,#214,.T.);
#2988=EDGE_CURVE('',#2349,#2350,#1262,.T.);
#2989=EDGE_CURVE('',#2349,#2351,#1263,.T.);
#2990=EDGE_CURVE('',#2350,#2352,#1264,.T.);
#2991=EDGE_CURVE('',#2351,#2352,#1265,.T.);
#2992=EDGE_CURVE('',#2351,#2353,#215,.T.);
#2993=EDGE_CURVE('',#2352,#2354,#216,.T.);
#2994=EDGE_CURVE('',#2353,#2354,#1266,.T.);
#2995=EDGE_CURVE('',#2353,#2355,#1267,.T.);
#2996=EDGE_CURVE('',#2354,#2356,#1268,.T.);
#2997=EDGE_CURVE('',#2355,#2356,#1269,.T.);
#2998=EDGE_CURVE('',#2355,#2357,#217,.T.);
#2999=EDGE_CURVE('',#2356,#2358,#218,.T.);
#3000=EDGE_CURVE('',#2357,#2358,#1270,.T.);
#3001=EDGE_CURVE('',#2357,#2359,#1271,.T.);
#3002=EDGE_CURVE('',#2358,#2360,#1272,.T.);
#3003=EDGE_CURVE('',#2359,#2360,#1273,.T.);
#3004=EDGE_CURVE('',#2359,#2361,#219,.T.);
#3005=EDGE_CURVE('',#2360,#2362,#220,.T.);
#3006=EDGE_CURVE('',#2361,#2362,#1274,.T.);
#3007=EDGE_CURVE('',#2361,#2363,#1275,.T.);
#3008=EDGE_CURVE('',#2362,#2364,#1276,.T.);
#3009=EDGE_CURVE('',#2363,#2364,#1277,.T.);
#3010=EDGE_CURVE('',#2363,#2365,#1278,.T.);
#3011=EDGE_CURVE('',#2364,#2366,#1279,.T.);
#3012=EDGE_CURVE('',#2365,#2366,#1280,.T.);
#3013=EDGE_CURVE('',#2365,#2367,#1281,.T.);
#3014=EDGE_CURVE('',#2366,#2368,#1282,.T.);
#3015=EDGE_CURVE('',#2367,#2368,#1283,.T.);
#3016=EDGE_CURVE('',#2367,#2369,#1284,.T.);
#3017=EDGE_CURVE('',#2368,#2370,#1285,.T.);
#3018=EDGE_CURVE('',#2369,#2370,#1286,.T.);
#3019=EDGE_CURVE('',#2369,#2371,#1287,.T.);
#3020=EDGE_CURVE('',#2370,#2372,#1288,.T.);
#3021=EDGE_CURVE('',#2371,#2372,#1289,.T.);
#3022=EDGE_CURVE('',#2371,#2341,#1290,.T.);
#3023=EDGE_CURVE('',#2372,#2343,#1291,.T.);
#3024=EDGE_CURVE('',#2373,#2374,#1292,.T.);
#3025=EDGE_CURVE('',#2373,#2375,#1293,.T.);
#3026=EDGE_CURVE('',#2375,#2376,#1294,.T.);
#3027=EDGE_CURVE('',#2374,#2376,#1295,.T.);
#3028=EDGE_CURVE('',#2374,#2377,#1296,.T.);
#3029=EDGE_CURVE('',#2376,#2378,#1297,.T.);
#3030=EDGE_CURVE('',#2377,#2378,#1298,.T.);
#3031=EDGE_CURVE('',#2377,#2379,#1299,.T.);
#3032=EDGE_CURVE('',#2378,#2380,#1300,.T.);
#3033=EDGE_CURVE('',#2379,#2380,#1301,.T.);
#3034=EDGE_CURVE('',#2379,#2373,#1302,.T.);
#3035=EDGE_CURVE('',#2380,#2375,#1303,.T.);
#3036=EDGE_CURVE('',#2381,#2382,#1304,.T.);
#3037=EDGE_CURVE('',#2381,#2383,#1305,.T.);
#3038=EDGE_CURVE('',#2383,#2384,#1306,.T.);
#3039=EDGE_CURVE('',#2382,#2384,#1307,.T.);
#3040=EDGE_CURVE('',#2382,#2385,#1308,.T.);
#3041=EDGE_CURVE('',#2384,#2386,#1309,.T.);
#3042=EDGE_CURVE('',#2385,#2386,#1310,.T.);
#3043=EDGE_CURVE('',#2385,#2387,#1311,.T.);
#3044=EDGE_CURVE('',#2386,#2388,#1312,.T.);
#3045=EDGE_CURVE('',#2387,#2388,#1313,.T.);
#3046=EDGE_CURVE('',#2387,#2381,#1314,.T.);
#3047=EDGE_CURVE('',#2388,#2383,#1315,.T.);
#3048=EDGE_CURVE('',#2389,#2390,#1316,.T.);
#3049=EDGE_CURVE('',#2389,#2391,#1317,.T.);
#3050=EDGE_CURVE('',#2391,#2392,#1318,.T.);
#3051=EDGE_CURVE('',#2390,#2392,#1319,.T.);
#3052=EDGE_CURVE('',#2390,#2393,#1320,.T.);
#3053=EDGE_CURVE('',#2392,#2394,#1321,.T.);
#3054=EDGE_CURVE('',#2393,#2394,#1322,.T.);
#3055=EDGE_CURVE('',#2393,#2395,#1323,.T.);
#3056=EDGE_CURVE('',#2394,#2396,#1324,.T.);
#3057=EDGE_CURVE('',#2395,#2396,#1325,.T.);
#3058=EDGE_CURVE('',#2395,#2389,#1326,.T.);
#3059=EDGE_CURVE('',#2396,#2391,#1327,.T.);
#3060=EDGE_CURVE('',#2397,#2398,#1328,.T.);
#3061=EDGE_CURVE('',#2397,#2399,#1329,.T.);
#3062=EDGE_CURVE('',#2399,#2400,#1330,.T.);
#3063=EDGE_CURVE('',#2398,#2400,#1331,.T.);
#3064=EDGE_CURVE('',#2401,#2397,#1332,.T.);
#3065=EDGE_CURVE('',#2401,#2402,#1333,.T.);
#3066=EDGE_CURVE('',#2402,#2399,#1334,.T.);
#3067=EDGE_CURVE('',#2403,#2401,#1335,.T.);
#3068=EDGE_CURVE('',#2403,#2404,#1336,.T.);
#3069=EDGE_CURVE('',#2404,#2402,#1337,.T.);
#3070=EDGE_CURVE('',#2398,#2403,#1338,.T.);
#3071=EDGE_CURVE('',#2400,#2404,#1339,.T.);
#3072=EDGE_CURVE('',#2405,#2406,#1340,.T.);
#3073=EDGE_CURVE('',#2405,#2407,#1341,.T.);
#3074=EDGE_CURVE('',#2407,#2408,#1342,.T.);
#3075=EDGE_CURVE('',#2406,#2408,#1343,.T.);
#3076=EDGE_CURVE('',#2409,#2405,#1344,.T.);
#3077=EDGE_CURVE('',#2409,#2410,#1345,.T.);
#3078=EDGE_CURVE('',#2410,#2407,#1346,.T.);
#3079=EDGE_CURVE('',#2411,#2409,#1347,.T.);
#3080=EDGE_CURVE('',#2411,#2412,#1348,.T.);
#3081=EDGE_CURVE('',#2412,#2410,#1349,.T.);
#3082=EDGE_CURVE('',#2406,#2411,#1350,.T.);
#3083=EDGE_CURVE('',#2408,#2412,#1351,.T.);
#3084=EDGE_CURVE('',#2413,#2414,#1352,.T.);
#3085=EDGE_CURVE('',#2414,#2415,#1353,.T.);
#3086=EDGE_CURVE('',#2415,#2416,#1354,.T.);
#3087=EDGE_CURVE('',#2416,#2413,#1355,.T.);
#3088=EDGE_CURVE('',#2417,#2418,#221,.F.);
#3089=EDGE_CURVE('',#2419,#2417,#222,.F.);
#3090=EDGE_CURVE('',#2418,#2419,#223,.F.);
#3091=EDGE_CURVE('',#2420,#2421,#224,.T.);
#3092=EDGE_CURVE('',#2421,#2419,#1356,.T.);
#3093=EDGE_CURVE('',#2417,#2420,#1357,.T.);
#3094=EDGE_CURVE('',#2422,#2423,#225,.F.);
#3095=EDGE_CURVE('',#2424,#2422,#226,.F.);
#3096=EDGE_CURVE('',#2423,#2424,#227,.F.);
#3097=EDGE_CURVE('',#2425,#2426,#228,.T.);
#3098=EDGE_CURVE('',#2426,#2424,#1358,.T.);
#3099=EDGE_CURVE('',#2422,#2425,#1359,.T.);
#3100=EDGE_CURVE('',#2424,#2417,#1360,.T.);
#3101=EDGE_CURVE('',#2418,#2423,#1361,.T.);
#3102=EDGE_CURVE('',#2427,#2428,#229,.F.);
#3103=EDGE_CURVE('',#2429,#2427,#230,.F.);
#3104=EDGE_CURVE('',#2428,#2429,#231,.F.);
#3105=EDGE_CURVE('',#2430,#2431,#232,.T.);
#3106=EDGE_CURVE('',#2431,#2429,#1362,.T.);
#3107=EDGE_CURVE('',#2427,#2430,#1363,.T.);
#3108=EDGE_CURVE('',#2432,#2433,#233,.F.);
#3109=EDGE_CURVE('',#2434,#2432,#234,.F.);
#3110=EDGE_CURVE('',#2433,#2434,#235,.F.);
#3111=EDGE_CURVE('',#2435,#2436,#236,.T.);
#3112=EDGE_CURVE('',#2436,#2434,#1364,.T.);
#3113=EDGE_CURVE('',#2432,#2435,#1365,.T.);
#3114=EDGE_CURVE('',#2434,#2422,#1366,.T.);
#3115=EDGE_CURVE('',#2423,#2433,#1367,.T.);
#3116=EDGE_CURVE('',#2429,#2432,#1368,.T.);
#3117=EDGE_CURVE('',#2433,#2428,#1369,.T.);
#3118=EDGE_CURVE('',#2419,#2427,#1370,.T.);
#3119=EDGE_CURVE('',#2428,#2418,#1371,.T.);
#3120=EDGE_CURVE('',#2420,#2426,#1372,.T.);
#3121=EDGE_CURVE('',#2425,#2436,#1373,.T.);
#3122=EDGE_CURVE('',#2430,#2421,#1374,.T.);
#3123=EDGE_CURVE('',#2435,#2431,#1375,.T.);
#3124=EDGE_CURVE('',#2437,#2438,#1376,.T.);
#3125=EDGE_CURVE('',#2437,#2413,#1377,.T.);
#3126=EDGE_CURVE('',#2438,#2416,#1378,.T.);
#3127=EDGE_CURVE('',#2438,#2439,#1379,.T.);
#3128=EDGE_CURVE('',#2439,#2415,#1380,.T.);
#3129=EDGE_CURVE('',#2439,#2440,#1381,.T.);
#3130=EDGE_CURVE('',#2440,#2414,#1382,.T.);
#3131=EDGE_CURVE('',#2440,#2437,#1383,.T.);
#3132=ORIENTED_EDGE('',*,*,#2441,.F.);
#3133=ORIENTED_EDGE('',*,*,#2442,.F.);
#3134=ORIENTED_EDGE('',*,*,#2443,.F.);
#3135=ORIENTED_EDGE('',*,*,#2444,.F.);
#3136=ORIENTED_EDGE('',*,*,#2445,.F.);
#3137=ORIENTED_EDGE('',*,*,#2446,.F.);
#3138=ORIENTED_EDGE('',*,*,#2447,.F.);
#3139=ORIENTED_EDGE('',*,*,#2448,.F.);
#3140=ORIENTED_EDGE('',*,*,#2449,.F.);
#3141=ORIENTED_EDGE('',*,*,#2450,.F.);
#3142=ORIENTED_EDGE('',*,*,#2451,.F.);
#3143=ORIENTED_EDGE('',*,*,#2452,.F.);
#3144=ORIENTED_EDGE('',*,*,#2444,.T.);
#3145=ORIENTED_EDGE('',*,*,#2453,.T.);
#3146=ORIENTED_EDGE('',*,*,#2454,.F.);
#3147=ORIENTED_EDGE('',*,*,#2455,.T.);
#3148=ORIENTED_EDGE('',*,*,#2456,.T.);
#3149=ORIENTED_EDGE('',*,*,#2457,.T.);
#3150=ORIENTED_EDGE('',*,*,#2458,.T.);
#3151=ORIENTED_EDGE('',*,*,#2459,.T.);
#3152=ORIENTED_EDGE('',*,*,#2460,.T.);
#3153=ORIENTED_EDGE('',*,*,#2461,.T.);
#3154=ORIENTED_EDGE('',*,*,#2462,.T.);
#3155=ORIENTED_EDGE('',*,*,#2463,.T.);
#3156=ORIENTED_EDGE('',*,*,#2464,.T.);
#3157=ORIENTED_EDGE('',*,*,#2465,.T.);
#3158=ORIENTED_EDGE('',*,*,#2466,.T.);
#3159=ORIENTED_EDGE('',*,*,#2467,.T.);
#3160=ORIENTED_EDGE('',*,*,#2443,.T.);
#3161=ORIENTED_EDGE('',*,*,#2468,.T.);
#3162=ORIENTED_EDGE('',*,*,#2469,.F.);
#3163=ORIENTED_EDGE('',*,*,#2453,.F.);
#3164=ORIENTED_EDGE('',*,*,#2470,.F.);
#3165=ORIENTED_EDGE('',*,*,#2471,.T.);
#3166=ORIENTED_EDGE('',*,*,#2472,.F.);
#3167=ORIENTED_EDGE('',*,*,#2450,.T.);
#3168=ORIENTED_EDGE('',*,*,#2473,.F.);
#3169=ORIENTED_EDGE('',*,*,#2474,.F.);
#3170=ORIENTED_EDGE('',*,*,#2475,.F.);
#3171=ORIENTED_EDGE('',*,*,#2476,.F.);
#3172=ORIENTED_EDGE('',*,*,#2477,.F.);
#3173=ORIENTED_EDGE('',*,*,#2478,.F.);
#3174=ORIENTED_EDGE('',*,*,#2479,.F.);
#3175=ORIENTED_EDGE('',*,*,#2471,.F.);
#3176=ORIENTED_EDGE('',*,*,#2480,.F.);
#3177=ORIENTED_EDGE('',*,*,#2481,.F.);
#3178=ORIENTED_EDGE('',*,*,#2482,.F.);
#3179=ORIENTED_EDGE('',*,*,#2483,.F.);
#3180=ORIENTED_EDGE('',*,*,#2484,.F.);
#3181=ORIENTED_EDGE('',*,*,#2485,.F.);
#3182=ORIENTED_EDGE('',*,*,#2486,.F.);
#3183=ORIENTED_EDGE('',*,*,#2487,.F.);
#3184=ORIENTED_EDGE('',*,*,#2488,.F.);
#3185=ORIENTED_EDGE('',*,*,#2489,.F.);
#3186=ORIENTED_EDGE('',*,*,#2490,.F.);
#3187=ORIENTED_EDGE('',*,*,#2491,.F.);
#3188=ORIENTED_EDGE('',*,*,#2492,.F.);
#3189=ORIENTED_EDGE('',*,*,#2493,.F.);
#3190=ORIENTED_EDGE('',*,*,#2494,.F.);
#3191=ORIENTED_EDGE('',*,*,#2495,.F.);
#3192=ORIENTED_EDGE('',*,*,#2496,.F.);
#3193=ORIENTED_EDGE('',*,*,#2497,.F.);
#3194=ORIENTED_EDGE('',*,*,#2498,.F.);
#3195=ORIENTED_EDGE('',*,*,#2499,.F.);
#3196=ORIENTED_EDGE('',*,*,#2500,.F.);
#3197=ORIENTED_EDGE('',*,*,#2501,.F.);
#3198=ORIENTED_EDGE('',*,*,#2502,.F.);
#3199=ORIENTED_EDGE('',*,*,#2503,.F.);
#3200=ORIENTED_EDGE('',*,*,#2504,.F.);
#3201=ORIENTED_EDGE('',*,*,#2505,.F.);
#3202=ORIENTED_EDGE('',*,*,#2506,.F.);
#3203=ORIENTED_EDGE('',*,*,#2507,.F.);
#3204=ORIENTED_EDGE('',*,*,#2508,.F.);
#3205=ORIENTED_EDGE('',*,*,#2509,.F.);
#3206=ORIENTED_EDGE('',*,*,#2510,.F.);
#3207=ORIENTED_EDGE('',*,*,#2511,.F.);
#3208=ORIENTED_EDGE('',*,*,#2509,.T.);
#3209=ORIENTED_EDGE('',*,*,#2512,.F.);
#3210=ORIENTED_EDGE('',*,*,#2513,.F.);
#3211=ORIENTED_EDGE('',*,*,#2514,.T.);
#3212=ORIENTED_EDGE('',*,*,#2508,.T.);
#3213=ORIENTED_EDGE('',*,*,#2515,.F.);
#3214=ORIENTED_EDGE('',*,*,#2516,.F.);
#3215=ORIENTED_EDGE('',*,*,#2512,.T.);
#3216=ORIENTED_EDGE('',*,*,#2517,.F.);
#3217=ORIENTED_EDGE('',*,*,#2476,.T.);
#3218=ORIENTED_EDGE('',*,*,#2518,.F.);
#3219=ORIENTED_EDGE('',*,*,#2446,.T.);
#3220=ORIENTED_EDGE('',*,*,#2475,.T.);
#3221=ORIENTED_EDGE('',*,*,#2519,.T.);
#3222=ORIENTED_EDGE('',*,*,#2447,.T.);
#3223=ORIENTED_EDGE('',*,*,#2518,.T.);
#3224=ORIENTED_EDGE('',*,*,#2474,.T.);
#3225=ORIENTED_EDGE('',*,*,#2520,.F.);
#3226=ORIENTED_EDGE('',*,*,#2448,.T.);
#3227=ORIENTED_EDGE('',*,*,#2519,.F.);
#3228=ORIENTED_EDGE('',*,*,#2473,.T.);
#3229=ORIENTED_EDGE('',*,*,#2470,.T.);
#3230=ORIENTED_EDGE('',*,*,#2449,.T.);
#3231=ORIENTED_EDGE('',*,*,#2520,.T.);
#3232=ORIENTED_EDGE('',*,*,#2482,.T.);
#3233=ORIENTED_EDGE('',*,*,#2521,.T.);
#3234=ORIENTED_EDGE('',*,*,#2522,.F.);
#3235=ORIENTED_EDGE('',*,*,#2523,.T.);
#3236=ORIENTED_EDGE('',*,*,#2481,.T.);
#3237=ORIENTED_EDGE('',*,*,#2524,.F.);
#3238=ORIENTED_EDGE('',*,*,#2525,.F.);
#3239=ORIENTED_EDGE('',*,*,#2526,.T.);
#3240=ORIENTED_EDGE('',*,*,#2527,.T.);
#3241=ORIENTED_EDGE('',*,*,#2528,.T.);
#3242=ORIENTED_EDGE('',*,*,#2529,.F.);
#3243=ORIENTED_EDGE('',*,*,#2521,.F.);
#3244=ORIENTED_EDGE('',*,*,#2486,.T.);
#3245=ORIENTED_EDGE('',*,*,#2530,.T.);
#3246=ORIENTED_EDGE('',*,*,#2531,.F.);
#3247=ORIENTED_EDGE('',*,*,#2532,.T.);
#3248=ORIENTED_EDGE('',*,*,#2485,.T.);
#3249=ORIENTED_EDGE('',*,*,#2533,.F.);
#3250=ORIENTED_EDGE('',*,*,#2534,.F.);
#3251=ORIENTED_EDGE('',*,*,#2535,.T.);
#3252=ORIENTED_EDGE('',*,*,#2536,.T.);
#3253=ORIENTED_EDGE('',*,*,#2537,.T.);
#3254=ORIENTED_EDGE('',*,*,#2538,.F.);
#3255=ORIENTED_EDGE('',*,*,#2530,.F.);
#3256=ORIENTED_EDGE('',*,*,#2490,.T.);
#3257=ORIENTED_EDGE('',*,*,#2539,.T.);
#3258=ORIENTED_EDGE('',*,*,#2540,.F.);
#3259=ORIENTED_EDGE('',*,*,#2541,.T.);
#3260=ORIENTED_EDGE('',*,*,#2489,.T.);
#3261=ORIENTED_EDGE('',*,*,#2542,.F.);
#3262=ORIENTED_EDGE('',*,*,#2543,.F.);
#3263=ORIENTED_EDGE('',*,*,#2544,.T.);
#3264=ORIENTED_EDGE('',*,*,#2545,.T.);
#3265=ORIENTED_EDGE('',*,*,#2546,.T.);
#3266=ORIENTED_EDGE('',*,*,#2547,.F.);
#3267=ORIENTED_EDGE('',*,*,#2539,.F.);
#3268=ORIENTED_EDGE('',*,*,#2494,.T.);
#3269=ORIENTED_EDGE('',*,*,#2548,.T.);
#3270=ORIENTED_EDGE('',*,*,#2549,.F.);
#3271=ORIENTED_EDGE('',*,*,#2550,.T.);
#3272=ORIENTED_EDGE('',*,*,#2493,.T.);
#3273=ORIENTED_EDGE('',*,*,#2551,.F.);
#3274=ORIENTED_EDGE('',*,*,#2552,.F.);
#3275=ORIENTED_EDGE('',*,*,#2553,.T.);
#3276=ORIENTED_EDGE('',*,*,#2554,.T.);
#3277=ORIENTED_EDGE('',*,*,#2555,.T.);
#3278=ORIENTED_EDGE('',*,*,#2556,.F.);
#3279=ORIENTED_EDGE('',*,*,#2548,.F.);
#3280=ORIENTED_EDGE('',*,*,#2498,.T.);
#3281=ORIENTED_EDGE('',*,*,#2557,.T.);
#3282=ORIENTED_EDGE('',*,*,#2558,.F.);
#3283=ORIENTED_EDGE('',*,*,#2559,.T.);
#3284=ORIENTED_EDGE('',*,*,#2497,.T.);
#3285=ORIENTED_EDGE('',*,*,#2560,.F.);
#3286=ORIENTED_EDGE('',*,*,#2561,.F.);
#3287=ORIENTED_EDGE('',*,*,#2562,.T.);
#3288=ORIENTED_EDGE('',*,*,#2563,.T.);
#3289=ORIENTED_EDGE('',*,*,#2564,.T.);
#3290=ORIENTED_EDGE('',*,*,#2565,.F.);
#3291=ORIENTED_EDGE('',*,*,#2557,.F.);
#3292=ORIENTED_EDGE('',*,*,#2502,.T.);
#3293=ORIENTED_EDGE('',*,*,#2566,.T.);
#3294=ORIENTED_EDGE('',*,*,#2567,.T.);
#3295=ORIENTED_EDGE('',*,*,#2568,.T.);
#3296=ORIENTED_EDGE('',*,*,#2501,.T.);
#3297=ORIENTED_EDGE('',*,*,#2569,.F.);
#3298=ORIENTED_EDGE('',*,*,#2570,.F.);
#3299=ORIENTED_EDGE('',*,*,#2571,.T.);
#3300=ORIENTED_EDGE('',*,*,#2572,.T.);
#3301=ORIENTED_EDGE('',*,*,#2573,.T.);
#3302=ORIENTED_EDGE('',*,*,#2574,.F.);
#3303=ORIENTED_EDGE('',*,*,#2566,.F.);
#3304=ORIENTED_EDGE('',*,*,#2506,.T.);
#3305=ORIENTED_EDGE('',*,*,#2575,.T.);
#3306=ORIENTED_EDGE('',*,*,#2576,.T.);
#3307=ORIENTED_EDGE('',*,*,#2577,.T.);
#3308=ORIENTED_EDGE('',*,*,#2505,.T.);
#3309=ORIENTED_EDGE('',*,*,#2578,.F.);
#3310=ORIENTED_EDGE('',*,*,#2579,.F.);
#3311=ORIENTED_EDGE('',*,*,#2580,.T.);
#3312=ORIENTED_EDGE('',*,*,#2581,.T.);
#3313=ORIENTED_EDGE('',*,*,#2582,.T.);
#3314=ORIENTED_EDGE('',*,*,#2583,.F.);
#3315=ORIENTED_EDGE('',*,*,#2575,.F.);
#3316=ORIENTED_EDGE('',*,*,#2477,.T.);
#3317=ORIENTED_EDGE('',*,*,#2517,.T.);
#3318=ORIENTED_EDGE('',*,*,#2445,.T.);
#3319=ORIENTED_EDGE('',*,*,#2584,.T.);
#3320=ORIENTED_EDGE('',*,*,#2478,.T.);
#3321=ORIENTED_EDGE('',*,*,#2584,.F.);
#3322=ORIENTED_EDGE('',*,*,#2452,.T.);
#3323=ORIENTED_EDGE('',*,*,#2585,.F.);
#3324=ORIENTED_EDGE('',*,*,#2479,.T.);
#3325=ORIENTED_EDGE('',*,*,#2585,.T.);
#3326=ORIENTED_EDGE('',*,*,#2451,.T.);
#3327=ORIENTED_EDGE('',*,*,#2472,.T.);
#3328=ORIENTED_EDGE('',*,*,#2586,.F.);
#3329=ORIENTED_EDGE('',*,*,#2587,.F.);
#3330=ORIENTED_EDGE('',*,*,#2588,.F.);
#3331=ORIENTED_EDGE('',*,*,#2589,.T.);
#3332=ORIENTED_EDGE('',*,*,#2590,.F.);
#3333=ORIENTED_EDGE('',*,*,#2589,.F.);
#3334=ORIENTED_EDGE('',*,*,#2591,.F.);
#3335=ORIENTED_EDGE('',*,*,#2592,.T.);
#3336=ORIENTED_EDGE('',*,*,#2593,.F.);
#3337=ORIENTED_EDGE('',*,*,#2592,.F.);
#3338=ORIENTED_EDGE('',*,*,#2594,.F.);
#3339=ORIENTED_EDGE('',*,*,#2595,.T.);
#3340=ORIENTED_EDGE('',*,*,#2596,.F.);
#3341=ORIENTED_EDGE('',*,*,#2595,.F.);
#3342=ORIENTED_EDGE('',*,*,#2597,.F.);
#3343=ORIENTED_EDGE('',*,*,#2587,.T.);
#3344=ORIENTED_EDGE('',*,*,#2598,.T.);
#3345=ORIENTED_EDGE('',*,*,#2454,.T.);
#3346=ORIENTED_EDGE('',*,*,#2469,.T.);
#3347=ORIENTED_EDGE('',*,*,#2599,.T.);
#3348=ORIENTED_EDGE('',*,*,#2594,.T.);
#3349=ORIENTED_EDGE('',*,*,#2591,.T.);
#3350=ORIENTED_EDGE('',*,*,#2588,.T.);
#3351=ORIENTED_EDGE('',*,*,#2597,.T.);
#3352=ORIENTED_EDGE('',*,*,#2466,.F.);
#3353=ORIENTED_EDGE('',*,*,#2600,.T.);
#3354=ORIENTED_EDGE('',*,*,#2601,.T.);
#3355=ORIENTED_EDGE('',*,*,#2602,.T.);
#3356=ORIENTED_EDGE('',*,*,#2464,.F.);
#3357=ORIENTED_EDGE('',*,*,#2603,.T.);
#3358=ORIENTED_EDGE('',*,*,#2604,.T.);
#3359=ORIENTED_EDGE('',*,*,#2605,.T.);
#3360=ORIENTED_EDGE('',*,*,#2606,.F.);
#3361=ORIENTED_EDGE('',*,*,#2527,.F.);
#3362=ORIENTED_EDGE('',*,*,#2607,.F.);
#3363=ORIENTED_EDGE('',*,*,#2601,.F.);
#3364=ORIENTED_EDGE('',*,*,#2465,.F.);
#3365=ORIENTED_EDGE('',*,*,#2605,.F.);
#3366=ORIENTED_EDGE('',*,*,#2608,.T.);
#3367=ORIENTED_EDGE('',*,*,#2609,.F.);
#3368=ORIENTED_EDGE('',*,*,#2610,.F.);
#3369=ORIENTED_EDGE('',*,*,#2528,.F.);
#3370=ORIENTED_EDGE('',*,*,#2606,.T.);
#3371=ORIENTED_EDGE('',*,*,#2600,.F.);
#3372=ORIENTED_EDGE('',*,*,#2611,.F.);
#3373=ORIENTED_EDGE('',*,*,#2612,.F.);
#3374=ORIENTED_EDGE('',*,*,#2608,.F.);
#3375=ORIENTED_EDGE('',*,*,#2604,.F.);
#3376=ORIENTED_EDGE('',*,*,#2467,.F.);
#3377=ORIENTED_EDGE('',*,*,#2602,.F.);
#3378=ORIENTED_EDGE('',*,*,#2607,.T.);
#3379=ORIENTED_EDGE('',*,*,#2526,.F.);
#3380=ORIENTED_EDGE('',*,*,#2613,.F.);
#3381=ORIENTED_EDGE('',*,*,#2614,.F.);
#3382=ORIENTED_EDGE('',*,*,#2611,.T.);
#3383=ORIENTED_EDGE('',*,*,#2603,.F.);
#3384=ORIENTED_EDGE('',*,*,#2525,.T.);
#3385=ORIENTED_EDGE('',*,*,#2615,.F.);
#3386=ORIENTED_EDGE('',*,*,#2616,.T.);
#3387=ORIENTED_EDGE('',*,*,#2613,.T.);
#3388=ORIENTED_EDGE('',*,*,#2480,.T.);
#3389=ORIENTED_EDGE('',*,*,#2617,.T.);
#3390=ORIENTED_EDGE('',*,*,#2615,.T.);
#3391=ORIENTED_EDGE('',*,*,#2524,.T.);
#3392=ORIENTED_EDGE('',*,*,#2529,.T.);
#3393=ORIENTED_EDGE('',*,*,#2610,.T.);
#3394=ORIENTED_EDGE('',*,*,#2618,.T.);
#3395=ORIENTED_EDGE('',*,*,#2522,.T.);
#3396=ORIENTED_EDGE('',*,*,#2483,.T.);
#3397=ORIENTED_EDGE('',*,*,#2523,.F.);
#3398=ORIENTED_EDGE('',*,*,#2618,.F.);
#3399=ORIENTED_EDGE('',*,*,#2609,.T.);
#3400=ORIENTED_EDGE('',*,*,#2612,.T.);
#3401=ORIENTED_EDGE('',*,*,#2614,.T.);
#3402=ORIENTED_EDGE('',*,*,#2616,.F.);
#3403=ORIENTED_EDGE('',*,*,#2617,.F.);
#3404=ORIENTED_EDGE('',*,*,#2462,.F.);
#3405=ORIENTED_EDGE('',*,*,#2619,.T.);
#3406=ORIENTED_EDGE('',*,*,#2620,.T.);
#3407=ORIENTED_EDGE('',*,*,#2621,.T.);
#3408=ORIENTED_EDGE('',*,*,#2460,.F.);
#3409=ORIENTED_EDGE('',*,*,#2622,.T.);
#3410=ORIENTED_EDGE('',*,*,#2623,.T.);
#3411=ORIENTED_EDGE('',*,*,#2624,.T.);
#3412=ORIENTED_EDGE('',*,*,#2625,.F.);
#3413=ORIENTED_EDGE('',*,*,#2536,.F.);
#3414=ORIENTED_EDGE('',*,*,#2626,.F.);
#3415=ORIENTED_EDGE('',*,*,#2620,.F.);
#3416=ORIENTED_EDGE('',*,*,#2461,.F.);
#3417=ORIENTED_EDGE('',*,*,#2624,.F.);
#3418=ORIENTED_EDGE('',*,*,#2627,.T.);
#3419=ORIENTED_EDGE('',*,*,#2628,.F.);
#3420=ORIENTED_EDGE('',*,*,#2629,.F.);
#3421=ORIENTED_EDGE('',*,*,#2537,.F.);
#3422=ORIENTED_EDGE('',*,*,#2625,.T.);
#3423=ORIENTED_EDGE('',*,*,#2619,.F.);
#3424=ORIENTED_EDGE('',*,*,#2630,.F.);
#3425=ORIENTED_EDGE('',*,*,#2631,.F.);
#3426=ORIENTED_EDGE('',*,*,#2627,.F.);
#3427=ORIENTED_EDGE('',*,*,#2623,.F.);
#3428=ORIENTED_EDGE('',*,*,#2463,.F.);
#3429=ORIENTED_EDGE('',*,*,#2621,.F.);
#3430=ORIENTED_EDGE('',*,*,#2626,.T.);
#3431=ORIENTED_EDGE('',*,*,#2535,.F.);
#3432=ORIENTED_EDGE('',*,*,#2632,.F.);
#3433=ORIENTED_EDGE('',*,*,#2633,.F.);
#3434=ORIENTED_EDGE('',*,*,#2630,.T.);
#3435=ORIENTED_EDGE('',*,*,#2622,.F.);
#3436=ORIENTED_EDGE('',*,*,#2534,.T.);
#3437=ORIENTED_EDGE('',*,*,#2634,.F.);
#3438=ORIENTED_EDGE('',*,*,#2635,.T.);
#3439=ORIENTED_EDGE('',*,*,#2632,.T.);
#3440=ORIENTED_EDGE('',*,*,#2484,.T.);
#3441=ORIENTED_EDGE('',*,*,#2636,.T.);
#3442=ORIENTED_EDGE('',*,*,#2634,.T.);
#3443=ORIENTED_EDGE('',*,*,#2533,.T.);
#3444=ORIENTED_EDGE('',*,*,#2538,.T.);
#3445=ORIENTED_EDGE('',*,*,#2629,.T.);
#3446=ORIENTED_EDGE('',*,*,#2637,.T.);
#3447=ORIENTED_EDGE('',*,*,#2531,.T.);
#3448=ORIENTED_EDGE('',*,*,#2487,.T.);
#3449=ORIENTED_EDGE('',*,*,#2532,.F.);
#3450=ORIENTED_EDGE('',*,*,#2637,.F.);
#3451=ORIENTED_EDGE('',*,*,#2628,.T.);
#3452=ORIENTED_EDGE('',*,*,#2631,.T.);
#3453=ORIENTED_EDGE('',*,*,#2633,.T.);
#3454=ORIENTED_EDGE('',*,*,#2635,.F.);
#3455=ORIENTED_EDGE('',*,*,#2636,.F.);
#3456=ORIENTED_EDGE('',*,*,#2638,.F.);
#3457=ORIENTED_EDGE('',*,*,#2639,.T.);
#3458=ORIENTED_EDGE('',*,*,#2640,.T.);
#3459=ORIENTED_EDGE('',*,*,#2641,.T.);
#3460=ORIENTED_EDGE('',*,*,#2642,.F.);
#3461=ORIENTED_EDGE('',*,*,#2643,.T.);
#3462=ORIENTED_EDGE('',*,*,#2644,.T.);
#3463=ORIENTED_EDGE('',*,*,#2645,.T.);
#3464=ORIENTED_EDGE('',*,*,#2646,.F.);
#3465=ORIENTED_EDGE('',*,*,#2545,.F.);
#3466=ORIENTED_EDGE('',*,*,#2647,.F.);
#3467=ORIENTED_EDGE('',*,*,#2640,.F.);
#3468=ORIENTED_EDGE('',*,*,#2648,.F.);
#3469=ORIENTED_EDGE('',*,*,#2645,.F.);
#3470=ORIENTED_EDGE('',*,*,#2649,.T.);
#3471=ORIENTED_EDGE('',*,*,#2650,.F.);
#3472=ORIENTED_EDGE('',*,*,#2651,.F.);
#3473=ORIENTED_EDGE('',*,*,#2546,.F.);
#3474=ORIENTED_EDGE('',*,*,#2646,.T.);
#3475=ORIENTED_EDGE('',*,*,#2639,.F.);
#3476=ORIENTED_EDGE('',*,*,#2652,.F.);
#3477=ORIENTED_EDGE('',*,*,#2653,.F.);
#3478=ORIENTED_EDGE('',*,*,#2649,.F.);
#3479=ORIENTED_EDGE('',*,*,#2644,.F.);
#3480=ORIENTED_EDGE('',*,*,#2654,.F.);
#3481=ORIENTED_EDGE('',*,*,#2641,.F.);
#3482=ORIENTED_EDGE('',*,*,#2647,.T.);
#3483=ORIENTED_EDGE('',*,*,#2544,.F.);
#3484=ORIENTED_EDGE('',*,*,#2655,.F.);
#3485=ORIENTED_EDGE('',*,*,#2656,.F.);
#3486=ORIENTED_EDGE('',*,*,#2652,.T.);
#3487=ORIENTED_EDGE('',*,*,#2643,.F.);
#3488=ORIENTED_EDGE('',*,*,#2543,.T.);
#3489=ORIENTED_EDGE('',*,*,#2657,.F.);
#3490=ORIENTED_EDGE('',*,*,#2658,.T.);
#3491=ORIENTED_EDGE('',*,*,#2655,.T.);
#3492=ORIENTED_EDGE('',*,*,#2488,.T.);
#3493=ORIENTED_EDGE('',*,*,#2659,.T.);
#3494=ORIENTED_EDGE('',*,*,#2657,.T.);
#3495=ORIENTED_EDGE('',*,*,#2542,.T.);
#3496=ORIENTED_EDGE('',*,*,#2547,.T.);
#3497=ORIENTED_EDGE('',*,*,#2651,.T.);
#3498=ORIENTED_EDGE('',*,*,#2660,.T.);
#3499=ORIENTED_EDGE('',*,*,#2540,.T.);
#3500=ORIENTED_EDGE('',*,*,#2491,.T.);
#3501=ORIENTED_EDGE('',*,*,#2541,.F.);
#3502=ORIENTED_EDGE('',*,*,#2660,.F.);
#3503=ORIENTED_EDGE('',*,*,#2650,.T.);
#3504=ORIENTED_EDGE('',*,*,#2653,.T.);
#3505=ORIENTED_EDGE('',*,*,#2656,.T.);
#3506=ORIENTED_EDGE('',*,*,#2658,.F.);
#3507=ORIENTED_EDGE('',*,*,#2659,.F.);
#3508=ORIENTED_EDGE('',*,*,#2661,.F.);
#3509=ORIENTED_EDGE('',*,*,#2662,.T.);
#3510=ORIENTED_EDGE('',*,*,#2663,.T.);
#3511=ORIENTED_EDGE('',*,*,#2664,.T.);
#3512=ORIENTED_EDGE('',*,*,#2665,.F.);
#3513=ORIENTED_EDGE('',*,*,#2666,.T.);
#3514=ORIENTED_EDGE('',*,*,#2667,.T.);
#3515=ORIENTED_EDGE('',*,*,#2668,.T.);
#3516=ORIENTED_EDGE('',*,*,#2669,.F.);
#3517=ORIENTED_EDGE('',*,*,#2554,.F.);
#3518=ORIENTED_EDGE('',*,*,#2670,.F.);
#3519=ORIENTED_EDGE('',*,*,#2663,.F.);
#3520=ORIENTED_EDGE('',*,*,#2671,.F.);
#3521=ORIENTED_EDGE('',*,*,#2668,.F.);
#3522=ORIENTED_EDGE('',*,*,#2672,.T.);
#3523=ORIENTED_EDGE('',*,*,#2673,.F.);
#3524=ORIENTED_EDGE('',*,*,#2674,.F.);
#3525=ORIENTED_EDGE('',*,*,#2555,.F.);
#3526=ORIENTED_EDGE('',*,*,#2669,.T.);
#3527=ORIENTED_EDGE('',*,*,#2662,.F.);
#3528=ORIENTED_EDGE('',*,*,#2675,.F.);
#3529=ORIENTED_EDGE('',*,*,#2676,.F.);
#3530=ORIENTED_EDGE('',*,*,#2672,.F.);
#3531=ORIENTED_EDGE('',*,*,#2667,.F.);
#3532=ORIENTED_EDGE('',*,*,#2677,.F.);
#3533=ORIENTED_EDGE('',*,*,#2664,.F.);
#3534=ORIENTED_EDGE('',*,*,#2670,.T.);
#3535=ORIENTED_EDGE('',*,*,#2553,.F.);
#3536=ORIENTED_EDGE('',*,*,#2678,.F.);
#3537=ORIENTED_EDGE('',*,*,#2679,.F.);
#3538=ORIENTED_EDGE('',*,*,#2675,.T.);
#3539=ORIENTED_EDGE('',*,*,#2666,.F.);
#3540=ORIENTED_EDGE('',*,*,#2552,.T.);
#3541=ORIENTED_EDGE('',*,*,#2680,.F.);
#3542=ORIENTED_EDGE('',*,*,#2681,.T.);
#3543=ORIENTED_EDGE('',*,*,#2678,.T.);
#3544=ORIENTED_EDGE('',*,*,#2492,.T.);
#3545=ORIENTED_EDGE('',*,*,#2682,.T.);
#3546=ORIENTED_EDGE('',*,*,#2680,.T.);
#3547=ORIENTED_EDGE('',*,*,#2551,.T.);
#3548=ORIENTED_EDGE('',*,*,#2556,.T.);
#3549=ORIENTED_EDGE('',*,*,#2674,.T.);
#3550=ORIENTED_EDGE('',*,*,#2683,.T.);
#3551=ORIENTED_EDGE('',*,*,#2549,.T.);
#3552=ORIENTED_EDGE('',*,*,#2495,.T.);
#3553=ORIENTED_EDGE('',*,*,#2550,.F.);
#3554=ORIENTED_EDGE('',*,*,#2683,.F.);
#3555=ORIENTED_EDGE('',*,*,#2673,.T.);
#3556=ORIENTED_EDGE('',*,*,#2676,.T.);
#3557=ORIENTED_EDGE('',*,*,#2679,.T.);
#3558=ORIENTED_EDGE('',*,*,#2681,.F.);
#3559=ORIENTED_EDGE('',*,*,#2682,.F.);
#3560=ORIENTED_EDGE('',*,*,#2684,.F.);
#3561=ORIENTED_EDGE('',*,*,#2685,.T.);
#3562=ORIENTED_EDGE('',*,*,#2686,.T.);
#3563=ORIENTED_EDGE('',*,*,#2687,.T.);
#3564=ORIENTED_EDGE('',*,*,#2688,.F.);
#3565=ORIENTED_EDGE('',*,*,#2689,.T.);
#3566=ORIENTED_EDGE('',*,*,#2690,.T.);
#3567=ORIENTED_EDGE('',*,*,#2691,.T.);
#3568=ORIENTED_EDGE('',*,*,#2692,.F.);
#3569=ORIENTED_EDGE('',*,*,#2563,.F.);
#3570=ORIENTED_EDGE('',*,*,#2693,.F.);
#3571=ORIENTED_EDGE('',*,*,#2686,.F.);
#3572=ORIENTED_EDGE('',*,*,#2694,.F.);
#3573=ORIENTED_EDGE('',*,*,#2691,.F.);
#3574=ORIENTED_EDGE('',*,*,#2695,.T.);
#3575=ORIENTED_EDGE('',*,*,#2696,.F.);
#3576=ORIENTED_EDGE('',*,*,#2697,.F.);
#3577=ORIENTED_EDGE('',*,*,#2564,.F.);
#3578=ORIENTED_EDGE('',*,*,#2692,.T.);
#3579=ORIENTED_EDGE('',*,*,#2685,.F.);
#3580=ORIENTED_EDGE('',*,*,#2698,.F.);
#3581=ORIENTED_EDGE('',*,*,#2699,.F.);
#3582=ORIENTED_EDGE('',*,*,#2695,.F.);
#3583=ORIENTED_EDGE('',*,*,#2690,.F.);
#3584=ORIENTED_EDGE('',*,*,#2700,.F.);
#3585=ORIENTED_EDGE('',*,*,#2687,.F.);
#3586=ORIENTED_EDGE('',*,*,#2693,.T.);
#3587=ORIENTED_EDGE('',*,*,#2562,.F.);
#3588=ORIENTED_EDGE('',*,*,#2701,.F.);
#3589=ORIENTED_EDGE('',*,*,#2702,.F.);
#3590=ORIENTED_EDGE('',*,*,#2698,.T.);
#3591=ORIENTED_EDGE('',*,*,#2689,.F.);
#3592=ORIENTED_EDGE('',*,*,#2561,.T.);
#3593=ORIENTED_EDGE('',*,*,#2703,.F.);
#3594=ORIENTED_EDGE('',*,*,#2704,.T.);
#3595=ORIENTED_EDGE('',*,*,#2701,.T.);
#3596=ORIENTED_EDGE('',*,*,#2496,.T.);
#3597=ORIENTED_EDGE('',*,*,#2705,.T.);
#3598=ORIENTED_EDGE('',*,*,#2703,.T.);
#3599=ORIENTED_EDGE('',*,*,#2560,.T.);
#3600=ORIENTED_EDGE('',*,*,#2565,.T.);
#3601=ORIENTED_EDGE('',*,*,#2697,.T.);
#3602=ORIENTED_EDGE('',*,*,#2706,.T.);
#3603=ORIENTED_EDGE('',*,*,#2558,.T.);
#3604=ORIENTED_EDGE('',*,*,#2499,.T.);
#3605=ORIENTED_EDGE('',*,*,#2559,.F.);
#3606=ORIENTED_EDGE('',*,*,#2706,.F.);
#3607=ORIENTED_EDGE('',*,*,#2696,.T.);
#3608=ORIENTED_EDGE('',*,*,#2699,.T.);
#3609=ORIENTED_EDGE('',*,*,#2702,.T.);
#3610=ORIENTED_EDGE('',*,*,#2704,.F.);
#3611=ORIENTED_EDGE('',*,*,#2705,.F.);
#3612=ORIENTED_EDGE('',*,*,#2500,.T.);
#3613=ORIENTED_EDGE('',*,*,#2707,.T.);
#3614=ORIENTED_EDGE('',*,*,#2708,.F.);
#3615=ORIENTED_EDGE('',*,*,#2569,.T.);
#3616=ORIENTED_EDGE('',*,*,#2709,.F.);
#3617=ORIENTED_EDGE('',*,*,#2710,.F.);
#3618=ORIENTED_EDGE('',*,*,#2711,.T.);
#3619=ORIENTED_EDGE('',*,*,#2712,.F.);
#3620=ORIENTED_EDGE('',*,*,#2713,.F.);
#3621=ORIENTED_EDGE('',*,*,#2573,.F.);
#3622=ORIENTED_EDGE('',*,*,#2714,.T.);
#3623=ORIENTED_EDGE('',*,*,#2715,.F.);
#3624=ORIENTED_EDGE('',*,*,#2716,.F.);
#3625=ORIENTED_EDGE('',*,*,#2715,.T.);
#3626=ORIENTED_EDGE('',*,*,#2717,.T.);
#3627=ORIENTED_EDGE('',*,*,#2718,.T.);
#3628=ORIENTED_EDGE('',*,*,#2503,.T.);
#3629=ORIENTED_EDGE('',*,*,#2568,.F.);
#3630=ORIENTED_EDGE('',*,*,#2719,.F.);
#3631=ORIENTED_EDGE('',*,*,#2712,.T.);
#3632=ORIENTED_EDGE('',*,*,#2720,.T.);
#3633=ORIENTED_EDGE('',*,*,#2721,.T.);
#3634=ORIENTED_EDGE('',*,*,#2722,.F.);
#3635=ORIENTED_EDGE('',*,*,#2707,.F.);
#3636=ORIENTED_EDGE('',*,*,#2723,.F.);
#3637=ORIENTED_EDGE('',*,*,#2718,.F.);
#3638=ORIENTED_EDGE('',*,*,#2724,.T.);
#3639=ORIENTED_EDGE('',*,*,#2571,.F.);
#3640=ORIENTED_EDGE('',*,*,#2725,.F.);
#3641=ORIENTED_EDGE('',*,*,#2721,.F.);
#3642=ORIENTED_EDGE('',*,*,#2726,.T.);
#3643=ORIENTED_EDGE('',*,*,#2727,.F.);
#3644=ORIENTED_EDGE('',*,*,#2726,.F.);
#3645=ORIENTED_EDGE('',*,*,#2720,.F.);
#3646=ORIENTED_EDGE('',*,*,#2711,.F.);
#3647=ORIENTED_EDGE('',*,*,#2728,.F.);
#3648=ORIENTED_EDGE('',*,*,#2729,.F.);
#3649=ORIENTED_EDGE('',*,*,#2727,.T.);
#3650=ORIENTED_EDGE('',*,*,#2728,.T.);
#3651=ORIENTED_EDGE('',*,*,#2710,.T.);
#3652=ORIENTED_EDGE('',*,*,#2714,.F.);
#3653=ORIENTED_EDGE('',*,*,#2572,.F.);
#3654=ORIENTED_EDGE('',*,*,#2724,.F.);
#3655=ORIENTED_EDGE('',*,*,#2717,.F.);
#3656=ORIENTED_EDGE('',*,*,#2722,.T.);
#3657=ORIENTED_EDGE('',*,*,#2725,.T.);
#3658=ORIENTED_EDGE('',*,*,#2570,.T.);
#3659=ORIENTED_EDGE('',*,*,#2708,.T.);
#3660=ORIENTED_EDGE('',*,*,#2719,.T.);
#3661=ORIENTED_EDGE('',*,*,#2567,.F.);
#3662=ORIENTED_EDGE('',*,*,#2574,.T.);
#3663=ORIENTED_EDGE('',*,*,#2713,.T.);
#3664=ORIENTED_EDGE('',*,*,#2504,.T.);
#3665=ORIENTED_EDGE('',*,*,#2730,.T.);
#3666=ORIENTED_EDGE('',*,*,#2731,.F.);
#3667=ORIENTED_EDGE('',*,*,#2578,.T.);
#3668=ORIENTED_EDGE('',*,*,#2458,.F.);
#3669=ORIENTED_EDGE('',*,*,#2732,.F.);
#3670=ORIENTED_EDGE('',*,*,#2733,.T.);
#3671=ORIENTED_EDGE('',*,*,#2734,.F.);
#3672=ORIENTED_EDGE('',*,*,#2735,.F.);
#3673=ORIENTED_EDGE('',*,*,#2582,.F.);
#3674=ORIENTED_EDGE('',*,*,#2736,.T.);
#3675=ORIENTED_EDGE('',*,*,#2737,.F.);
#3676=ORIENTED_EDGE('',*,*,#2459,.F.);
#3677=ORIENTED_EDGE('',*,*,#2737,.T.);
#3678=ORIENTED_EDGE('',*,*,#2738,.T.);
#3679=ORIENTED_EDGE('',*,*,#2739,.T.);
#3680=ORIENTED_EDGE('',*,*,#2507,.T.);
#3681=ORIENTED_EDGE('',*,*,#2577,.F.);
#3682=ORIENTED_EDGE('',*,*,#2740,.F.);
#3683=ORIENTED_EDGE('',*,*,#2734,.T.);
#3684=ORIENTED_EDGE('',*,*,#2741,.T.);
#3685=ORIENTED_EDGE('',*,*,#2742,.T.);
#3686=ORIENTED_EDGE('',*,*,#2743,.F.);
#3687=ORIENTED_EDGE('',*,*,#2730,.F.);
#3688=ORIENTED_EDGE('',*,*,#2456,.F.);
#3689=ORIENTED_EDGE('',*,*,#2739,.F.);
#3690=ORIENTED_EDGE('',*,*,#2744,.T.);
#3691=ORIENTED_EDGE('',*,*,#2580,.F.);
#3692=ORIENTED_EDGE('',*,*,#2745,.F.);
#3693=ORIENTED_EDGE('',*,*,#2742,.F.);
#3694=ORIENTED_EDGE('',*,*,#2746,.T.);
#3695=ORIENTED_EDGE('',*,*,#2747,.F.);
#3696=ORIENTED_EDGE('',*,*,#2746,.F.);
#3697=ORIENTED_EDGE('',*,*,#2741,.F.);
#3698=ORIENTED_EDGE('',*,*,#2733,.F.);
#3699=ORIENTED_EDGE('',*,*,#2748,.F.);
#3700=ORIENTED_EDGE('',*,*,#2457,.F.);
#3701=ORIENTED_EDGE('',*,*,#2747,.T.);
#3702=ORIENTED_EDGE('',*,*,#2748,.T.);
#3703=ORIENTED_EDGE('',*,*,#2732,.T.);
#3704=ORIENTED_EDGE('',*,*,#2736,.F.);
#3705=ORIENTED_EDGE('',*,*,#2581,.F.);
#3706=ORIENTED_EDGE('',*,*,#2744,.F.);
#3707=ORIENTED_EDGE('',*,*,#2738,.F.);
#3708=ORIENTED_EDGE('',*,*,#2743,.T.);
#3709=ORIENTED_EDGE('',*,*,#2745,.T.);
#3710=ORIENTED_EDGE('',*,*,#2579,.T.);
#3711=ORIENTED_EDGE('',*,*,#2731,.T.);
#3712=ORIENTED_EDGE('',*,*,#2740,.T.);
#3713=ORIENTED_EDGE('',*,*,#2576,.F.);
#3714=ORIENTED_EDGE('',*,*,#2583,.T.);
#3715=ORIENTED_EDGE('',*,*,#2735,.T.);
#3716=ORIENTED_EDGE('',*,*,#2510,.T.);
#3717=ORIENTED_EDGE('',*,*,#2514,.F.);
#3718=ORIENTED_EDGE('',*,*,#2749,.F.);
#3719=ORIENTED_EDGE('',*,*,#2750,.T.);
#3720=ORIENTED_EDGE('',*,*,#2511,.T.);
#3721=ORIENTED_EDGE('',*,*,#2750,.F.);
#3722=ORIENTED_EDGE('',*,*,#2751,.F.);
#3723=ORIENTED_EDGE('',*,*,#2515,.T.);
#3724=ORIENTED_EDGE('',*,*,#2441,.T.);
#3725=ORIENTED_EDGE('',*,*,#2455,.F.);
#3726=ORIENTED_EDGE('',*,*,#2598,.F.);
#3727=ORIENTED_EDGE('',*,*,#2752,.F.);
#3728=ORIENTED_EDGE('',*,*,#2442,.T.);
#3729=ORIENTED_EDGE('',*,*,#2752,.T.);
#3730=ORIENTED_EDGE('',*,*,#2599,.F.);
#3731=ORIENTED_EDGE('',*,*,#2468,.F.);
#3732=ORIENTED_EDGE('',*,*,#2642,.T.);
#3733=ORIENTED_EDGE('',*,*,#2648,.T.);
#3734=ORIENTED_EDGE('',*,*,#2638,.T.);
#3735=ORIENTED_EDGE('',*,*,#2654,.T.);
#3736=ORIENTED_EDGE('',*,*,#2665,.T.);
#3737=ORIENTED_EDGE('',*,*,#2671,.T.);
#3738=ORIENTED_EDGE('',*,*,#2661,.T.);
#3739=ORIENTED_EDGE('',*,*,#2677,.T.);
#3740=ORIENTED_EDGE('',*,*,#2688,.T.);
#3741=ORIENTED_EDGE('',*,*,#2694,.T.);
#3742=ORIENTED_EDGE('',*,*,#2684,.T.);
#3743=ORIENTED_EDGE('',*,*,#2700,.T.);
#3744=ORIENTED_EDGE('',*,*,#2723,.T.);
#3745=ORIENTED_EDGE('',*,*,#2729,.T.);
#3746=ORIENTED_EDGE('',*,*,#2709,.T.);
#3747=ORIENTED_EDGE('',*,*,#2716,.T.);
#3748=ORIENTED_EDGE('',*,*,#2516,.T.);
#3749=ORIENTED_EDGE('',*,*,#2751,.T.);
#3750=ORIENTED_EDGE('',*,*,#2749,.T.);
#3751=ORIENTED_EDGE('',*,*,#2513,.T.);
#3752=ORIENTED_EDGE('',*,*,#2593,.T.);
#3753=ORIENTED_EDGE('',*,*,#2596,.T.);
#3754=ORIENTED_EDGE('',*,*,#2586,.T.);
#3755=ORIENTED_EDGE('',*,*,#2590,.T.);
#3756=ORIENTED_EDGE('',*,*,#2753,.F.);
#3757=ORIENTED_EDGE('',*,*,#2754,.F.);
#3758=ORIENTED_EDGE('',*,*,#2755,.F.);
#3759=ORIENTED_EDGE('',*,*,#2756,.F.);
#3760=ORIENTED_EDGE('',*,*,#2756,.T.);
#3761=ORIENTED_EDGE('',*,*,#2757,.F.);
#3762=ORIENTED_EDGE('',*,*,#2758,.F.);
#3763=ORIENTED_EDGE('',*,*,#2759,.F.);
#3764=ORIENTED_EDGE('',*,*,#2755,.T.);
#3765=ORIENTED_EDGE('',*,*,#2760,.T.);
#3766=ORIENTED_EDGE('',*,*,#2761,.T.);
#3767=ORIENTED_EDGE('',*,*,#2762,.F.);
#3768=ORIENTED_EDGE('',*,*,#2763,.F.);
#3769=ORIENTED_EDGE('',*,*,#2764,.F.);
#3770=ORIENTED_EDGE('',*,*,#2765,.T.);
#3771=ORIENTED_EDGE('',*,*,#2757,.T.);
#3772=ORIENTED_EDGE('',*,*,#2766,.F.);
#3773=ORIENTED_EDGE('',*,*,#2767,.T.);
#3774=ORIENTED_EDGE('',*,*,#2768,.F.);
#3775=ORIENTED_EDGE('',*,*,#2769,.F.);
#3776=ORIENTED_EDGE('',*,*,#2770,.F.);
#3777=ORIENTED_EDGE('',*,*,#2771,.F.);
#3778=ORIENTED_EDGE('',*,*,#2767,.F.);
#3779=ORIENTED_EDGE('',*,*,#2772,.F.);
#3780=ORIENTED_EDGE('',*,*,#2773,.F.);
#3781=ORIENTED_EDGE('',*,*,#2774,.F.);
#3782=ORIENTED_EDGE('',*,*,#2775,.F.);
#3783=ORIENTED_EDGE('',*,*,#2770,.T.);
#3784=ORIENTED_EDGE('',*,*,#2776,.F.);
#3785=ORIENTED_EDGE('',*,*,#2777,.F.);
#3786=ORIENTED_EDGE('',*,*,#2778,.F.);
#3787=ORIENTED_EDGE('',*,*,#2779,.T.);
#3788=ORIENTED_EDGE('',*,*,#2779,.F.);
#3789=ORIENTED_EDGE('',*,*,#2780,.F.);
#3790=ORIENTED_EDGE('',*,*,#2781,.T.);
#3791=ORIENTED_EDGE('',*,*,#2782,.F.);
#3792=ORIENTED_EDGE('',*,*,#2783,.F.);
#3793=ORIENTED_EDGE('',*,*,#2781,.F.);
#3794=ORIENTED_EDGE('',*,*,#2784,.F.);
#3795=ORIENTED_EDGE('',*,*,#2785,.F.);
#3796=ORIENTED_EDGE('',*,*,#2769,.T.);
#3797=ORIENTED_EDGE('',*,*,#2786,.T.);
#3798=ORIENTED_EDGE('',*,*,#2787,.F.);
#3799=ORIENTED_EDGE('',*,*,#2788,.T.);
#3800=ORIENTED_EDGE('',*,*,#2789,.F.);
#3801=ORIENTED_EDGE('',*,*,#2790,.T.);
#3802=ORIENTED_EDGE('',*,*,#2791,.T.);
#3803=ORIENTED_EDGE('',*,*,#2764,.T.);
#3804=ORIENTED_EDGE('',*,*,#2792,.F.);
#3805=ORIENTED_EDGE('',*,*,#2793,.T.);
#3806=ORIENTED_EDGE('',*,*,#2794,.F.);
#3807=ORIENTED_EDGE('',*,*,#2795,.T.);
#3808=ORIENTED_EDGE('',*,*,#2773,.T.);
#3809=ORIENTED_EDGE('',*,*,#2796,.F.);
#3810=ORIENTED_EDGE('',*,*,#2783,.T.);
#3811=ORIENTED_EDGE('',*,*,#2797,.F.);
#3812=ORIENTED_EDGE('',*,*,#2772,.T.);
#3813=ORIENTED_EDGE('',*,*,#2798,.T.);
#3814=ORIENTED_EDGE('',*,*,#2782,.T.);
#3815=ORIENTED_EDGE('',*,*,#2796,.T.);
#3816=ORIENTED_EDGE('',*,*,#2766,.T.);
#3817=ORIENTED_EDGE('',*,*,#2795,.F.);
#3818=ORIENTED_EDGE('',*,*,#2799,.F.);
#3819=ORIENTED_EDGE('',*,*,#2800,.F.);
#3820=ORIENTED_EDGE('',*,*,#2776,.T.);
#3821=ORIENTED_EDGE('',*,*,#2798,.F.);
#3822=ORIENTED_EDGE('',*,*,#2777,.T.);
#3823=ORIENTED_EDGE('',*,*,#2800,.T.);
#3824=ORIENTED_EDGE('',*,*,#2801,.F.);
#3825=ORIENTED_EDGE('',*,*,#2802,.T.);
#3826=ORIENTED_EDGE('',*,*,#2803,.F.);
#3827=ORIENTED_EDGE('',*,*,#2762,.T.);
#3828=ORIENTED_EDGE('',*,*,#2804,.T.);
#3829=ORIENTED_EDGE('',*,*,#2805,.T.);
#3830=ORIENTED_EDGE('',*,*,#2806,.F.);
#3831=ORIENTED_EDGE('',*,*,#2807,.T.);
#3832=ORIENTED_EDGE('',*,*,#2808,.F.);
#3833=ORIENTED_EDGE('',*,*,#2809,.T.);
#3834=ORIENTED_EDGE('',*,*,#2808,.T.);
#3835=ORIENTED_EDGE('',*,*,#2810,.T.);
#3836=ORIENTED_EDGE('',*,*,#2787,.T.);
#3837=ORIENTED_EDGE('',*,*,#2811,.T.);
#3838=ORIENTED_EDGE('',*,*,#2768,.T.);
#3839=ORIENTED_EDGE('',*,*,#2812,.F.);
#3840=ORIENTED_EDGE('',*,*,#2778,.T.);
#3841=ORIENTED_EDGE('',*,*,#2809,.F.);
#3842=ORIENTED_EDGE('',*,*,#2811,.F.);
#3843=ORIENTED_EDGE('',*,*,#2786,.F.);
#3844=ORIENTED_EDGE('',*,*,#2803,.T.);
#3845=ORIENTED_EDGE('',*,*,#2813,.T.);
#3846=ORIENTED_EDGE('',*,*,#2792,.T.);
#3847=ORIENTED_EDGE('',*,*,#2763,.T.);
#3848=ORIENTED_EDGE('',*,*,#2813,.F.);
#3849=ORIENTED_EDGE('',*,*,#2802,.F.);
#3850=ORIENTED_EDGE('',*,*,#2814,.F.);
#3851=ORIENTED_EDGE('',*,*,#2793,.F.);
#3852=ORIENTED_EDGE('',*,*,#2771,.T.);
#3853=ORIENTED_EDGE('',*,*,#2815,.T.);
#3854=ORIENTED_EDGE('',*,*,#2780,.T.);
#3855=ORIENTED_EDGE('',*,*,#2812,.T.);
#3856=ORIENTED_EDGE('',*,*,#2775,.T.);
#3857=ORIENTED_EDGE('',*,*,#2816,.T.);
#3858=ORIENTED_EDGE('',*,*,#2784,.T.);
#3859=ORIENTED_EDGE('',*,*,#2815,.F.);
#3860=ORIENTED_EDGE('',*,*,#2794,.T.);
#3861=ORIENTED_EDGE('',*,*,#2814,.T.);
#3862=ORIENTED_EDGE('',*,*,#2801,.T.);
#3863=ORIENTED_EDGE('',*,*,#2799,.T.);
#3864=ORIENTED_EDGE('',*,*,#2789,.T.);
#3865=ORIENTED_EDGE('',*,*,#2817,.T.);
#3866=ORIENTED_EDGE('',*,*,#2806,.T.);
#3867=ORIENTED_EDGE('',*,*,#2818,.T.);
#3868=ORIENTED_EDGE('',*,*,#2810,.F.);
#3869=ORIENTED_EDGE('',*,*,#2807,.F.);
#3870=ORIENTED_EDGE('',*,*,#2817,.F.);
#3871=ORIENTED_EDGE('',*,*,#2788,.F.);
#3872=ORIENTED_EDGE('',*,*,#2761,.F.);
#3873=ORIENTED_EDGE('',*,*,#2819,.F.);
#3874=ORIENTED_EDGE('',*,*,#2820,.F.);
#3875=ORIENTED_EDGE('',*,*,#2804,.F.);
#3876=ORIENTED_EDGE('',*,*,#2754,.T.);
#3877=ORIENTED_EDGE('',*,*,#2821,.F.);
#3878=ORIENTED_EDGE('',*,*,#2819,.T.);
#3879=ORIENTED_EDGE('',*,*,#2760,.F.);
#3880=ORIENTED_EDGE('',*,*,#2765,.F.);
#3881=ORIENTED_EDGE('',*,*,#2791,.F.);
#3882=ORIENTED_EDGE('',*,*,#2822,.F.);
#3883=ORIENTED_EDGE('',*,*,#2758,.T.);
#3884=ORIENTED_EDGE('',*,*,#2774,.T.);
#3885=ORIENTED_EDGE('',*,*,#2797,.T.);
#3886=ORIENTED_EDGE('',*,*,#2785,.T.);
#3887=ORIENTED_EDGE('',*,*,#2816,.F.);
#3888=ORIENTED_EDGE('',*,*,#2753,.T.);
#3889=ORIENTED_EDGE('',*,*,#2759,.T.);
#3890=ORIENTED_EDGE('',*,*,#2822,.T.);
#3891=ORIENTED_EDGE('',*,*,#2790,.F.);
#3892=ORIENTED_EDGE('',*,*,#2818,.F.);
#3893=ORIENTED_EDGE('',*,*,#2805,.F.);
#3894=ORIENTED_EDGE('',*,*,#2820,.T.);
#3895=ORIENTED_EDGE('',*,*,#2821,.T.);
#3896=ORIENTED_EDGE('',*,*,#2823,.F.);
#3897=ORIENTED_EDGE('',*,*,#2824,.T.);
#3898=ORIENTED_EDGE('',*,*,#2825,.T.);
#3899=ORIENTED_EDGE('',*,*,#2826,.F.);
#3900=ORIENTED_EDGE('',*,*,#2827,.F.);
#3901=ORIENTED_EDGE('',*,*,#2828,.T.);
#3902=ORIENTED_EDGE('',*,*,#2829,.T.);
#3903=ORIENTED_EDGE('',*,*,#2824,.F.);
#3904=ORIENTED_EDGE('',*,*,#2830,.F.);
#3905=ORIENTED_EDGE('',*,*,#2831,.T.);
#3906=ORIENTED_EDGE('',*,*,#2832,.T.);
#3907=ORIENTED_EDGE('',*,*,#2828,.F.);
#3908=ORIENTED_EDGE('',*,*,#2833,.F.);
#3909=ORIENTED_EDGE('',*,*,#2834,.T.);
#3910=ORIENTED_EDGE('',*,*,#2835,.T.);
#3911=ORIENTED_EDGE('',*,*,#2831,.F.);
#3912=ORIENTED_EDGE('',*,*,#2836,.F.);
#3913=ORIENTED_EDGE('',*,*,#2837,.T.);
#3914=ORIENTED_EDGE('',*,*,#2838,.T.);
#3915=ORIENTED_EDGE('',*,*,#2834,.F.);
#3916=ORIENTED_EDGE('',*,*,#2839,.F.);
#3917=ORIENTED_EDGE('',*,*,#2826,.T.);
#3918=ORIENTED_EDGE('',*,*,#2840,.T.);
#3919=ORIENTED_EDGE('',*,*,#2837,.F.);
#3920=ORIENTED_EDGE('',*,*,#2840,.F.);
#3921=ORIENTED_EDGE('',*,*,#2825,.F.);
#3922=ORIENTED_EDGE('',*,*,#2829,.F.);
#3923=ORIENTED_EDGE('',*,*,#2832,.F.);
#3924=ORIENTED_EDGE('',*,*,#2835,.F.);
#3925=ORIENTED_EDGE('',*,*,#2838,.F.);
#3926=ORIENTED_EDGE('',*,*,#2841,.F.);
#3927=ORIENTED_EDGE('',*,*,#2842,.T.);
#3928=ORIENTED_EDGE('',*,*,#2843,.T.);
#3929=ORIENTED_EDGE('',*,*,#2844,.F.);
#3930=ORIENTED_EDGE('',*,*,#2845,.F.);
#3931=ORIENTED_EDGE('',*,*,#2844,.T.);
#3932=ORIENTED_EDGE('',*,*,#2846,.T.);
#3933=ORIENTED_EDGE('',*,*,#2847,.F.);
#3934=ORIENTED_EDGE('',*,*,#2848,.F.);
#3935=ORIENTED_EDGE('',*,*,#2847,.T.);
#3936=ORIENTED_EDGE('',*,*,#2849,.T.);
#3937=ORIENTED_EDGE('',*,*,#2850,.F.);
#3938=ORIENTED_EDGE('',*,*,#2851,.F.);
#3939=ORIENTED_EDGE('',*,*,#2850,.T.);
#3940=ORIENTED_EDGE('',*,*,#2852,.T.);
#3941=ORIENTED_EDGE('',*,*,#2853,.F.);
#3942=ORIENTED_EDGE('',*,*,#2854,.F.);
#3943=ORIENTED_EDGE('',*,*,#2853,.T.);
#3944=ORIENTED_EDGE('',*,*,#2855,.T.);
#3945=ORIENTED_EDGE('',*,*,#2856,.F.);
#3946=ORIENTED_EDGE('',*,*,#2857,.F.);
#3947=ORIENTED_EDGE('',*,*,#2856,.T.);
#3948=ORIENTED_EDGE('',*,*,#2858,.T.);
#3949=ORIENTED_EDGE('',*,*,#2859,.F.);
#3950=ORIENTED_EDGE('',*,*,#2860,.F.);
#3951=ORIENTED_EDGE('',*,*,#2859,.T.);
#3952=ORIENTED_EDGE('',*,*,#2861,.T.);
#3953=ORIENTED_EDGE('',*,*,#2862,.F.);
#3954=ORIENTED_EDGE('',*,*,#2863,.F.);
#3955=ORIENTED_EDGE('',*,*,#2862,.T.);
#3956=ORIENTED_EDGE('',*,*,#2864,.T.);
#3957=ORIENTED_EDGE('',*,*,#2842,.F.);
#3958=ORIENTED_EDGE('',*,*,#2865,.F.);
#3959=ORIENTED_EDGE('',*,*,#2866,.T.);
#3960=ORIENTED_EDGE('',*,*,#2867,.T.);
#3961=ORIENTED_EDGE('',*,*,#2868,.F.);
#3962=ORIENTED_EDGE('',*,*,#2869,.F.);
#3963=ORIENTED_EDGE('',*,*,#2868,.T.);
#3964=ORIENTED_EDGE('',*,*,#2870,.T.);
#3965=ORIENTED_EDGE('',*,*,#2871,.F.);
#3966=ORIENTED_EDGE('',*,*,#2872,.F.);
#3967=ORIENTED_EDGE('',*,*,#2871,.T.);
#3968=ORIENTED_EDGE('',*,*,#2873,.T.);
#3969=ORIENTED_EDGE('',*,*,#2874,.F.);
#3970=ORIENTED_EDGE('',*,*,#2875,.F.);
#3971=ORIENTED_EDGE('',*,*,#2874,.T.);
#3972=ORIENTED_EDGE('',*,*,#2876,.T.);
#3973=ORIENTED_EDGE('',*,*,#2877,.F.);
#3974=ORIENTED_EDGE('',*,*,#2878,.F.);
#3975=ORIENTED_EDGE('',*,*,#2877,.T.);
#3976=ORIENTED_EDGE('',*,*,#2879,.T.);
#3977=ORIENTED_EDGE('',*,*,#2880,.F.);
#3978=ORIENTED_EDGE('',*,*,#2881,.F.);
#3979=ORIENTED_EDGE('',*,*,#2880,.T.);
#3980=ORIENTED_EDGE('',*,*,#2882,.T.);
#3981=ORIENTED_EDGE('',*,*,#2883,.F.);
#3982=ORIENTED_EDGE('',*,*,#2884,.F.);
#3983=ORIENTED_EDGE('',*,*,#2883,.T.);
#3984=ORIENTED_EDGE('',*,*,#2885,.T.);
#3985=ORIENTED_EDGE('',*,*,#2886,.F.);
#3986=ORIENTED_EDGE('',*,*,#2887,.F.);
#3987=ORIENTED_EDGE('',*,*,#2886,.T.);
#3988=ORIENTED_EDGE('',*,*,#2888,.T.);
#3989=ORIENTED_EDGE('',*,*,#2889,.F.);
#3990=ORIENTED_EDGE('',*,*,#2890,.F.);
#3991=ORIENTED_EDGE('',*,*,#2889,.T.);
#3992=ORIENTED_EDGE('',*,*,#2891,.T.);
#3993=ORIENTED_EDGE('',*,*,#2892,.F.);
#3994=ORIENTED_EDGE('',*,*,#2893,.F.);
#3995=ORIENTED_EDGE('',*,*,#2892,.T.);
#3996=ORIENTED_EDGE('',*,*,#2894,.T.);
#3997=ORIENTED_EDGE('',*,*,#2895,.F.);
#3998=ORIENTED_EDGE('',*,*,#2896,.F.);
#3999=ORIENTED_EDGE('',*,*,#2895,.T.);
#4000=ORIENTED_EDGE('',*,*,#2897,.T.);
#4001=ORIENTED_EDGE('',*,*,#2898,.F.);
#4002=ORIENTED_EDGE('',*,*,#2899,.F.);
#4003=ORIENTED_EDGE('',*,*,#2898,.T.);
#4004=ORIENTED_EDGE('',*,*,#2900,.T.);
#4005=ORIENTED_EDGE('',*,*,#2866,.F.);
#4006=ORIENTED_EDGE('',*,*,#2901,.F.);
#4007=ORIENTED_EDGE('',*,*,#2902,.T.);
#4008=ORIENTED_EDGE('',*,*,#2903,.T.);
#4009=ORIENTED_EDGE('',*,*,#2904,.F.);
#4010=ORIENTED_EDGE('',*,*,#2905,.F.);
#4011=ORIENTED_EDGE('',*,*,#2904,.T.);
#4012=ORIENTED_EDGE('',*,*,#2906,.T.);
#4013=ORIENTED_EDGE('',*,*,#2907,.F.);
#4014=ORIENTED_EDGE('',*,*,#2908,.F.);
#4015=ORIENTED_EDGE('',*,*,#2907,.T.);
#4016=ORIENTED_EDGE('',*,*,#2909,.T.);
#4017=ORIENTED_EDGE('',*,*,#2910,.F.);
#4018=ORIENTED_EDGE('',*,*,#2911,.F.);
#4019=ORIENTED_EDGE('',*,*,#2910,.T.);
#4020=ORIENTED_EDGE('',*,*,#2912,.T.);
#4021=ORIENTED_EDGE('',*,*,#2913,.F.);
#4022=ORIENTED_EDGE('',*,*,#2914,.F.);
#4023=ORIENTED_EDGE('',*,*,#2913,.T.);
#4024=ORIENTED_EDGE('',*,*,#2915,.T.);
#4025=ORIENTED_EDGE('',*,*,#2916,.F.);
#4026=ORIENTED_EDGE('',*,*,#2917,.F.);
#4027=ORIENTED_EDGE('',*,*,#2916,.T.);
#4028=ORIENTED_EDGE('',*,*,#2918,.T.);
#4029=ORIENTED_EDGE('',*,*,#2919,.F.);
#4030=ORIENTED_EDGE('',*,*,#2920,.F.);
#4031=ORIENTED_EDGE('',*,*,#2919,.T.);
#4032=ORIENTED_EDGE('',*,*,#2921,.T.);
#4033=ORIENTED_EDGE('',*,*,#2922,.F.);
#4034=ORIENTED_EDGE('',*,*,#2923,.F.);
#4035=ORIENTED_EDGE('',*,*,#2922,.T.);
#4036=ORIENTED_EDGE('',*,*,#2924,.T.);
#4037=ORIENTED_EDGE('',*,*,#2925,.F.);
#4038=ORIENTED_EDGE('',*,*,#2926,.F.);
#4039=ORIENTED_EDGE('',*,*,#2925,.T.);
#4040=ORIENTED_EDGE('',*,*,#2927,.T.);
#4041=ORIENTED_EDGE('',*,*,#2928,.F.);
#4042=ORIENTED_EDGE('',*,*,#2929,.F.);
#4043=ORIENTED_EDGE('',*,*,#2928,.T.);
#4044=ORIENTED_EDGE('',*,*,#2930,.T.);
#4045=ORIENTED_EDGE('',*,*,#2931,.F.);
#4046=ORIENTED_EDGE('',*,*,#2932,.F.);
#4047=ORIENTED_EDGE('',*,*,#2931,.T.);
#4048=ORIENTED_EDGE('',*,*,#2933,.T.);
#4049=ORIENTED_EDGE('',*,*,#2934,.F.);
#4050=ORIENTED_EDGE('',*,*,#2935,.F.);
#4051=ORIENTED_EDGE('',*,*,#2934,.T.);
#4052=ORIENTED_EDGE('',*,*,#2936,.T.);
#4053=ORIENTED_EDGE('',*,*,#2937,.F.);
#4054=ORIENTED_EDGE('',*,*,#2938,.F.);
#4055=ORIENTED_EDGE('',*,*,#2937,.T.);
#4056=ORIENTED_EDGE('',*,*,#2939,.T.);
#4057=ORIENTED_EDGE('',*,*,#2902,.F.);
#4058=ORIENTED_EDGE('',*,*,#2940,.F.);
#4059=ORIENTED_EDGE('',*,*,#2941,.T.);
#4060=ORIENTED_EDGE('',*,*,#2942,.T.);
#4061=ORIENTED_EDGE('',*,*,#2943,.F.);
#4062=ORIENTED_EDGE('',*,*,#2944,.F.);
#4063=ORIENTED_EDGE('',*,*,#2943,.T.);
#4064=ORIENTED_EDGE('',*,*,#2945,.T.);
#4065=ORIENTED_EDGE('',*,*,#2946,.F.);
#4066=ORIENTED_EDGE('',*,*,#2947,.F.);
#4067=ORIENTED_EDGE('',*,*,#2946,.T.);
#4068=ORIENTED_EDGE('',*,*,#2948,.T.);
#4069=ORIENTED_EDGE('',*,*,#2949,.F.);
#4070=ORIENTED_EDGE('',*,*,#2950,.F.);
#4071=ORIENTED_EDGE('',*,*,#2949,.T.);
#4072=ORIENTED_EDGE('',*,*,#2951,.T.);
#4073=ORIENTED_EDGE('',*,*,#2952,.F.);
#4074=ORIENTED_EDGE('',*,*,#2953,.F.);
#4075=ORIENTED_EDGE('',*,*,#2952,.T.);
#4076=ORIENTED_EDGE('',*,*,#2954,.T.);
#4077=ORIENTED_EDGE('',*,*,#2955,.F.);
#4078=ORIENTED_EDGE('',*,*,#2956,.F.);
#4079=ORIENTED_EDGE('',*,*,#2955,.T.);
#4080=ORIENTED_EDGE('',*,*,#2957,.T.);
#4081=ORIENTED_EDGE('',*,*,#2958,.F.);
#4082=ORIENTED_EDGE('',*,*,#2959,.F.);
#4083=ORIENTED_EDGE('',*,*,#2958,.T.);
#4084=ORIENTED_EDGE('',*,*,#2960,.T.);
#4085=ORIENTED_EDGE('',*,*,#2961,.F.);
#4086=ORIENTED_EDGE('',*,*,#2962,.F.);
#4087=ORIENTED_EDGE('',*,*,#2961,.T.);
#4088=ORIENTED_EDGE('',*,*,#2963,.T.);
#4089=ORIENTED_EDGE('',*,*,#2964,.F.);
#4090=ORIENTED_EDGE('',*,*,#2965,.F.);
#4091=ORIENTED_EDGE('',*,*,#2964,.T.);
#4092=ORIENTED_EDGE('',*,*,#2966,.T.);
#4093=ORIENTED_EDGE('',*,*,#2967,.F.);
#4094=ORIENTED_EDGE('',*,*,#2968,.F.);
#4095=ORIENTED_EDGE('',*,*,#2967,.T.);
#4096=ORIENTED_EDGE('',*,*,#2969,.T.);
#4097=ORIENTED_EDGE('',*,*,#2970,.F.);
#4098=ORIENTED_EDGE('',*,*,#2971,.F.);
#4099=ORIENTED_EDGE('',*,*,#2970,.T.);
#4100=ORIENTED_EDGE('',*,*,#2972,.T.);
#4101=ORIENTED_EDGE('',*,*,#2973,.F.);
#4102=ORIENTED_EDGE('',*,*,#2974,.F.);
#4103=ORIENTED_EDGE('',*,*,#2973,.T.);
#4104=ORIENTED_EDGE('',*,*,#2975,.T.);
#4105=ORIENTED_EDGE('',*,*,#2941,.F.);
#4106=ORIENTED_EDGE('',*,*,#2976,.F.);
#4107=ORIENTED_EDGE('',*,*,#2977,.T.);
#4108=ORIENTED_EDGE('',*,*,#2978,.T.);
#4109=ORIENTED_EDGE('',*,*,#2979,.F.);
#4110=ORIENTED_EDGE('',*,*,#2980,.F.);
#4111=ORIENTED_EDGE('',*,*,#2979,.T.);
#4112=ORIENTED_EDGE('',*,*,#2981,.T.);
#4113=ORIENTED_EDGE('',*,*,#2982,.F.);
#4114=ORIENTED_EDGE('',*,*,#2983,.F.);
#4115=ORIENTED_EDGE('',*,*,#2982,.T.);
#4116=ORIENTED_EDGE('',*,*,#2984,.T.);
#4117=ORIENTED_EDGE('',*,*,#2985,.F.);
#4118=ORIENTED_EDGE('',*,*,#2986,.F.);
#4119=ORIENTED_EDGE('',*,*,#2985,.T.);
#4120=ORIENTED_EDGE('',*,*,#2987,.T.);
#4121=ORIENTED_EDGE('',*,*,#2988,.F.);
#4122=ORIENTED_EDGE('',*,*,#2989,.F.);
#4123=ORIENTED_EDGE('',*,*,#2988,.T.);
#4124=ORIENTED_EDGE('',*,*,#2990,.T.);
#4125=ORIENTED_EDGE('',*,*,#2991,.F.);
#4126=ORIENTED_EDGE('',*,*,#2992,.F.);
#4127=ORIENTED_EDGE('',*,*,#2991,.T.);
#4128=ORIENTED_EDGE('',*,*,#2993,.T.);
#4129=ORIENTED_EDGE('',*,*,#2994,.F.);
#4130=ORIENTED_EDGE('',*,*,#2995,.F.);
#4131=ORIENTED_EDGE('',*,*,#2994,.T.);
#4132=ORIENTED_EDGE('',*,*,#2996,.T.);
#4133=ORIENTED_EDGE('',*,*,#2997,.F.);
#4134=ORIENTED_EDGE('',*,*,#2998,.F.);
#4135=ORIENTED_EDGE('',*,*,#2997,.T.);
#4136=ORIENTED_EDGE('',*,*,#2999,.T.);
#4137=ORIENTED_EDGE('',*,*,#3000,.F.);
#4138=ORIENTED_EDGE('',*,*,#3001,.F.);
#4139=ORIENTED_EDGE('',*,*,#3000,.T.);
#4140=ORIENTED_EDGE('',*,*,#3002,.T.);
#4141=ORIENTED_EDGE('',*,*,#3003,.F.);
#4142=ORIENTED_EDGE('',*,*,#3004,.F.);
#4143=ORIENTED_EDGE('',*,*,#3003,.T.);
#4144=ORIENTED_EDGE('',*,*,#3005,.T.);
#4145=ORIENTED_EDGE('',*,*,#3006,.F.);
#4146=ORIENTED_EDGE('',*,*,#3007,.F.);
#4147=ORIENTED_EDGE('',*,*,#3006,.T.);
#4148=ORIENTED_EDGE('',*,*,#3008,.T.);
#4149=ORIENTED_EDGE('',*,*,#3009,.F.);
#4150=ORIENTED_EDGE('',*,*,#3010,.F.);
#4151=ORIENTED_EDGE('',*,*,#3009,.T.);
#4152=ORIENTED_EDGE('',*,*,#3011,.T.);
#4153=ORIENTED_EDGE('',*,*,#3012,.F.);
#4154=ORIENTED_EDGE('',*,*,#3013,.F.);
#4155=ORIENTED_EDGE('',*,*,#3012,.T.);
#4156=ORIENTED_EDGE('',*,*,#3014,.T.);
#4157=ORIENTED_EDGE('',*,*,#3015,.F.);
#4158=ORIENTED_EDGE('',*,*,#3016,.F.);
#4159=ORIENTED_EDGE('',*,*,#3015,.T.);
#4160=ORIENTED_EDGE('',*,*,#3017,.T.);
#4161=ORIENTED_EDGE('',*,*,#3018,.F.);
#4162=ORIENTED_EDGE('',*,*,#3019,.F.);
#4163=ORIENTED_EDGE('',*,*,#3018,.T.);
#4164=ORIENTED_EDGE('',*,*,#3020,.T.);
#4165=ORIENTED_EDGE('',*,*,#3021,.F.);
#4166=ORIENTED_EDGE('',*,*,#3022,.F.);
#4167=ORIENTED_EDGE('',*,*,#3021,.T.);
#4168=ORIENTED_EDGE('',*,*,#3023,.T.);
#4169=ORIENTED_EDGE('',*,*,#2977,.F.);
#4170=ORIENTED_EDGE('',*,*,#3024,.F.);
#4171=ORIENTED_EDGE('',*,*,#3025,.T.);
#4172=ORIENTED_EDGE('',*,*,#3026,.T.);
#4173=ORIENTED_EDGE('',*,*,#3027,.F.);
#4174=ORIENTED_EDGE('',*,*,#3028,.F.);
#4175=ORIENTED_EDGE('',*,*,#3027,.T.);
#4176=ORIENTED_EDGE('',*,*,#3029,.T.);
#4177=ORIENTED_EDGE('',*,*,#3030,.F.);
#4178=ORIENTED_EDGE('',*,*,#3031,.F.);
#4179=ORIENTED_EDGE('',*,*,#3030,.T.);
#4180=ORIENTED_EDGE('',*,*,#3032,.T.);
#4181=ORIENTED_EDGE('',*,*,#3033,.F.);
#4182=ORIENTED_EDGE('',*,*,#3034,.F.);
#4183=ORIENTED_EDGE('',*,*,#3033,.T.);
#4184=ORIENTED_EDGE('',*,*,#3035,.T.);
#4185=ORIENTED_EDGE('',*,*,#3025,.F.);
#4186=ORIENTED_EDGE('',*,*,#3036,.F.);
#4187=ORIENTED_EDGE('',*,*,#3037,.T.);
#4188=ORIENTED_EDGE('',*,*,#3038,.T.);
#4189=ORIENTED_EDGE('',*,*,#3039,.F.);
#4190=ORIENTED_EDGE('',*,*,#3040,.F.);
#4191=ORIENTED_EDGE('',*,*,#3039,.T.);
#4192=ORIENTED_EDGE('',*,*,#3041,.T.);
#4193=ORIENTED_EDGE('',*,*,#3042,.F.);
#4194=ORIENTED_EDGE('',*,*,#3043,.F.);
#4195=ORIENTED_EDGE('',*,*,#3042,.T.);
#4196=ORIENTED_EDGE('',*,*,#3044,.T.);
#4197=ORIENTED_EDGE('',*,*,#3045,.F.);
#4198=ORIENTED_EDGE('',*,*,#3046,.F.);
#4199=ORIENTED_EDGE('',*,*,#3045,.T.);
#4200=ORIENTED_EDGE('',*,*,#3047,.T.);
#4201=ORIENTED_EDGE('',*,*,#3037,.F.);
#4202=ORIENTED_EDGE('',*,*,#3048,.F.);
#4203=ORIENTED_EDGE('',*,*,#3049,.T.);
#4204=ORIENTED_EDGE('',*,*,#3050,.T.);
#4205=ORIENTED_EDGE('',*,*,#3051,.F.);
#4206=ORIENTED_EDGE('',*,*,#3052,.F.);
#4207=ORIENTED_EDGE('',*,*,#3051,.T.);
#4208=ORIENTED_EDGE('',*,*,#3053,.T.);
#4209=ORIENTED_EDGE('',*,*,#3054,.F.);
#4210=ORIENTED_EDGE('',*,*,#3055,.F.);
#4211=ORIENTED_EDGE('',*,*,#3054,.T.);
#4212=ORIENTED_EDGE('',*,*,#3056,.T.);
#4213=ORIENTED_EDGE('',*,*,#3057,.F.);
#4214=ORIENTED_EDGE('',*,*,#3058,.F.);
#4215=ORIENTED_EDGE('',*,*,#3057,.T.);
#4216=ORIENTED_EDGE('',*,*,#3059,.T.);
#4217=ORIENTED_EDGE('',*,*,#3049,.F.);
#4218=ORIENTED_EDGE('',*,*,#3060,.F.);
#4219=ORIENTED_EDGE('',*,*,#3061,.T.);
#4220=ORIENTED_EDGE('',*,*,#3062,.T.);
#4221=ORIENTED_EDGE('',*,*,#3063,.F.);
#4222=ORIENTED_EDGE('',*,*,#3064,.F.);
#4223=ORIENTED_EDGE('',*,*,#3065,.T.);
#4224=ORIENTED_EDGE('',*,*,#3066,.T.);
#4225=ORIENTED_EDGE('',*,*,#3061,.F.);
#4226=ORIENTED_EDGE('',*,*,#3067,.F.);
#4227=ORIENTED_EDGE('',*,*,#3068,.T.);
#4228=ORIENTED_EDGE('',*,*,#3069,.T.);
#4229=ORIENTED_EDGE('',*,*,#3065,.F.);
#4230=ORIENTED_EDGE('',*,*,#3070,.F.);
#4231=ORIENTED_EDGE('',*,*,#3063,.T.);
#4232=ORIENTED_EDGE('',*,*,#3071,.T.);
#4233=ORIENTED_EDGE('',*,*,#3068,.F.);
#4234=ORIENTED_EDGE('',*,*,#3071,.F.);
#4235=ORIENTED_EDGE('',*,*,#3062,.F.);
#4236=ORIENTED_EDGE('',*,*,#3066,.F.);
#4237=ORIENTED_EDGE('',*,*,#3069,.F.);
#4238=ORIENTED_EDGE('',*,*,#2843,.F.);
#4239=ORIENTED_EDGE('',*,*,#2864,.F.);
#4240=ORIENTED_EDGE('',*,*,#2861,.F.);
#4241=ORIENTED_EDGE('',*,*,#2858,.F.);
#4242=ORIENTED_EDGE('',*,*,#2855,.F.);
#4243=ORIENTED_EDGE('',*,*,#2852,.F.);
#4244=ORIENTED_EDGE('',*,*,#2849,.F.);
#4245=ORIENTED_EDGE('',*,*,#2846,.F.);
#4246=ORIENTED_EDGE('',*,*,#2867,.F.);
#4247=ORIENTED_EDGE('',*,*,#2900,.F.);
#4248=ORIENTED_EDGE('',*,*,#2897,.F.);
#4249=ORIENTED_EDGE('',*,*,#2894,.F.);
#4250=ORIENTED_EDGE('',*,*,#2891,.F.);
#4251=ORIENTED_EDGE('',*,*,#2888,.F.);
#4252=ORIENTED_EDGE('',*,*,#2885,.F.);
#4253=ORIENTED_EDGE('',*,*,#2882,.F.);
#4254=ORIENTED_EDGE('',*,*,#2879,.F.);
#4255=ORIENTED_EDGE('',*,*,#2876,.F.);
#4256=ORIENTED_EDGE('',*,*,#2873,.F.);
#4257=ORIENTED_EDGE('',*,*,#2870,.F.);
#4258=ORIENTED_EDGE('',*,*,#2903,.F.);
#4259=ORIENTED_EDGE('',*,*,#2939,.F.);
#4260=ORIENTED_EDGE('',*,*,#2936,.F.);
#4261=ORIENTED_EDGE('',*,*,#2933,.F.);
#4262=ORIENTED_EDGE('',*,*,#2930,.F.);
#4263=ORIENTED_EDGE('',*,*,#2927,.F.);
#4264=ORIENTED_EDGE('',*,*,#2924,.F.);
#4265=ORIENTED_EDGE('',*,*,#2921,.F.);
#4266=ORIENTED_EDGE('',*,*,#2918,.F.);
#4267=ORIENTED_EDGE('',*,*,#2915,.F.);
#4268=ORIENTED_EDGE('',*,*,#2912,.F.);
#4269=ORIENTED_EDGE('',*,*,#2909,.F.);
#4270=ORIENTED_EDGE('',*,*,#2906,.F.);
#4271=ORIENTED_EDGE('',*,*,#2942,.F.);
#4272=ORIENTED_EDGE('',*,*,#2975,.F.);
#4273=ORIENTED_EDGE('',*,*,#2972,.F.);
#4274=ORIENTED_EDGE('',*,*,#2969,.F.);
#4275=ORIENTED_EDGE('',*,*,#2966,.F.);
#4276=ORIENTED_EDGE('',*,*,#2963,.F.);
#4277=ORIENTED_EDGE('',*,*,#2960,.F.);
#4278=ORIENTED_EDGE('',*,*,#2957,.F.);
#4279=ORIENTED_EDGE('',*,*,#2954,.F.);
#4280=ORIENTED_EDGE('',*,*,#2951,.F.);
#4281=ORIENTED_EDGE('',*,*,#2948,.F.);
#4282=ORIENTED_EDGE('',*,*,#2945,.F.);
#4283=ORIENTED_EDGE('',*,*,#2978,.F.);
#4284=ORIENTED_EDGE('',*,*,#3023,.F.);
#4285=ORIENTED_EDGE('',*,*,#3020,.F.);
#4286=ORIENTED_EDGE('',*,*,#3017,.F.);
#4287=ORIENTED_EDGE('',*,*,#3014,.F.);
#4288=ORIENTED_EDGE('',*,*,#3011,.F.);
#4289=ORIENTED_EDGE('',*,*,#3008,.F.);
#4290=ORIENTED_EDGE('',*,*,#3005,.F.);
#4291=ORIENTED_EDGE('',*,*,#3002,.F.);
#4292=ORIENTED_EDGE('',*,*,#2999,.F.);
#4293=ORIENTED_EDGE('',*,*,#2996,.F.);
#4294=ORIENTED_EDGE('',*,*,#2993,.F.);
#4295=ORIENTED_EDGE('',*,*,#2990,.F.);
#4296=ORIENTED_EDGE('',*,*,#2987,.F.);
#4297=ORIENTED_EDGE('',*,*,#2984,.F.);
#4298=ORIENTED_EDGE('',*,*,#2981,.F.);
#4299=ORIENTED_EDGE('',*,*,#3026,.F.);
#4300=ORIENTED_EDGE('',*,*,#3035,.F.);
#4301=ORIENTED_EDGE('',*,*,#3032,.F.);
#4302=ORIENTED_EDGE('',*,*,#3029,.F.);
#4303=ORIENTED_EDGE('',*,*,#3038,.F.);
#4304=ORIENTED_EDGE('',*,*,#3047,.F.);
#4305=ORIENTED_EDGE('',*,*,#3044,.F.);
#4306=ORIENTED_EDGE('',*,*,#3041,.F.);
#4307=ORIENTED_EDGE('',*,*,#3050,.F.);
#4308=ORIENTED_EDGE('',*,*,#3059,.F.);
#4309=ORIENTED_EDGE('',*,*,#3056,.F.);
#4310=ORIENTED_EDGE('',*,*,#3053,.F.);
#4311=ORIENTED_EDGE('',*,*,#3072,.F.);
#4312=ORIENTED_EDGE('',*,*,#3073,.T.);
#4313=ORIENTED_EDGE('',*,*,#3074,.T.);
#4314=ORIENTED_EDGE('',*,*,#3075,.F.);
#4315=ORIENTED_EDGE('',*,*,#3076,.F.);
#4316=ORIENTED_EDGE('',*,*,#3077,.T.);
#4317=ORIENTED_EDGE('',*,*,#3078,.T.);
#4318=ORIENTED_EDGE('',*,*,#3073,.F.);
#4319=ORIENTED_EDGE('',*,*,#3079,.F.);
#4320=ORIENTED_EDGE('',*,*,#3080,.T.);
#4321=ORIENTED_EDGE('',*,*,#3081,.T.);
#4322=ORIENTED_EDGE('',*,*,#3077,.F.);
#4323=ORIENTED_EDGE('',*,*,#3082,.F.);
#4324=ORIENTED_EDGE('',*,*,#3075,.T.);
#4325=ORIENTED_EDGE('',*,*,#3083,.T.);
#4326=ORIENTED_EDGE('',*,*,#3080,.F.);
#4327=ORIENTED_EDGE('',*,*,#3083,.F.);
#4328=ORIENTED_EDGE('',*,*,#3074,.F.);
#4329=ORIENTED_EDGE('',*,*,#3078,.F.);
#4330=ORIENTED_EDGE('',*,*,#3081,.F.);
#4331=ORIENTED_EDGE('',*,*,#3084,.T.);
#4332=ORIENTED_EDGE('',*,*,#3085,.T.);
#4333=ORIENTED_EDGE('',*,*,#3086,.T.);
#4334=ORIENTED_EDGE('',*,*,#3087,.T.);
#4335=ORIENTED_EDGE('',*,*,#3060,.T.);
#4336=ORIENTED_EDGE('',*,*,#3070,.T.);
#4337=ORIENTED_EDGE('',*,*,#3067,.T.);
#4338=ORIENTED_EDGE('',*,*,#3064,.T.);
#4339=ORIENTED_EDGE('',*,*,#3048,.T.);
#4340=ORIENTED_EDGE('',*,*,#3052,.T.);
#4341=ORIENTED_EDGE('',*,*,#3055,.T.);
#4342=ORIENTED_EDGE('',*,*,#3058,.T.);
#4343=ORIENTED_EDGE('',*,*,#3036,.T.);
#4344=ORIENTED_EDGE('',*,*,#3040,.T.);
#4345=ORIENTED_EDGE('',*,*,#3043,.T.);
#4346=ORIENTED_EDGE('',*,*,#3046,.T.);
#4347=ORIENTED_EDGE('',*,*,#3024,.T.);
#4348=ORIENTED_EDGE('',*,*,#3028,.T.);
#4349=ORIENTED_EDGE('',*,*,#3031,.T.);
#4350=ORIENTED_EDGE('',*,*,#3034,.T.);
#4351=ORIENTED_EDGE('',*,*,#2976,.T.);
#4352=ORIENTED_EDGE('',*,*,#2980,.T.);
#4353=ORIENTED_EDGE('',*,*,#2983,.T.);
#4354=ORIENTED_EDGE('',*,*,#2986,.T.);
#4355=ORIENTED_EDGE('',*,*,#2989,.T.);
#4356=ORIENTED_EDGE('',*,*,#2992,.T.);
#4357=ORIENTED_EDGE('',*,*,#2995,.T.);
#4358=ORIENTED_EDGE('',*,*,#2998,.T.);
#4359=ORIENTED_EDGE('',*,*,#3001,.T.);
#4360=ORIENTED_EDGE('',*,*,#3004,.T.);
#4361=ORIENTED_EDGE('',*,*,#3007,.T.);
#4362=ORIENTED_EDGE('',*,*,#3010,.T.);
#4363=ORIENTED_EDGE('',*,*,#3013,.T.);
#4364=ORIENTED_EDGE('',*,*,#3016,.T.);
#4365=ORIENTED_EDGE('',*,*,#3019,.T.);
#4366=ORIENTED_EDGE('',*,*,#3022,.T.);
#4367=ORIENTED_EDGE('',*,*,#2940,.T.);
#4368=ORIENTED_EDGE('',*,*,#2944,.T.);
#4369=ORIENTED_EDGE('',*,*,#2947,.T.);
#4370=ORIENTED_EDGE('',*,*,#2950,.T.);
#4371=ORIENTED_EDGE('',*,*,#2953,.T.);
#4372=ORIENTED_EDGE('',*,*,#2956,.T.);
#4373=ORIENTED_EDGE('',*,*,#2959,.T.);
#4374=ORIENTED_EDGE('',*,*,#2962,.T.);
#4375=ORIENTED_EDGE('',*,*,#2965,.T.);
#4376=ORIENTED_EDGE('',*,*,#2968,.T.);
#4377=ORIENTED_EDGE('',*,*,#2971,.T.);
#4378=ORIENTED_EDGE('',*,*,#2974,.T.);
#4379=ORIENTED_EDGE('',*,*,#2901,.T.);
#4380=ORIENTED_EDGE('',*,*,#2905,.T.);
#4381=ORIENTED_EDGE('',*,*,#2908,.T.);
#4382=ORIENTED_EDGE('',*,*,#2911,.T.);
#4383=ORIENTED_EDGE('',*,*,#2914,.T.);
#4384=ORIENTED_EDGE('',*,*,#2917,.T.);
#4385=ORIENTED_EDGE('',*,*,#2920,.T.);
#4386=ORIENTED_EDGE('',*,*,#2923,.T.);
#4387=ORIENTED_EDGE('',*,*,#2926,.T.);
#4388=ORIENTED_EDGE('',*,*,#2929,.T.);
#4389=ORIENTED_EDGE('',*,*,#2932,.T.);
#4390=ORIENTED_EDGE('',*,*,#2935,.T.);
#4391=ORIENTED_EDGE('',*,*,#2938,.T.);
#4392=ORIENTED_EDGE('',*,*,#2865,.T.);
#4393=ORIENTED_EDGE('',*,*,#2869,.T.);
#4394=ORIENTED_EDGE('',*,*,#2872,.T.);
#4395=ORIENTED_EDGE('',*,*,#2875,.T.);
#4396=ORIENTED_EDGE('',*,*,#2878,.T.);
#4397=ORIENTED_EDGE('',*,*,#2881,.T.);
#4398=ORIENTED_EDGE('',*,*,#2884,.T.);
#4399=ORIENTED_EDGE('',*,*,#2887,.T.);
#4400=ORIENTED_EDGE('',*,*,#2890,.T.);
#4401=ORIENTED_EDGE('',*,*,#2893,.T.);
#4402=ORIENTED_EDGE('',*,*,#2896,.T.);
#4403=ORIENTED_EDGE('',*,*,#2899,.T.);
#4404=ORIENTED_EDGE('',*,*,#2823,.T.);
#4405=ORIENTED_EDGE('',*,*,#2839,.T.);
#4406=ORIENTED_EDGE('',*,*,#2836,.T.);
#4407=ORIENTED_EDGE('',*,*,#2833,.T.);
#4408=ORIENTED_EDGE('',*,*,#2830,.T.);
#4409=ORIENTED_EDGE('',*,*,#2827,.T.);
#4410=ORIENTED_EDGE('',*,*,#3088,.F.);
#4411=ORIENTED_EDGE('',*,*,#3089,.F.);
#4412=ORIENTED_EDGE('',*,*,#3090,.F.);
#4413=ORIENTED_EDGE('',*,*,#3091,.T.);
#4414=ORIENTED_EDGE('',*,*,#3092,.T.);
#4415=ORIENTED_EDGE('',*,*,#3089,.T.);
#4416=ORIENTED_EDGE('',*,*,#3093,.T.);
#4417=ORIENTED_EDGE('',*,*,#3094,.F.);
#4418=ORIENTED_EDGE('',*,*,#3095,.F.);
#4419=ORIENTED_EDGE('',*,*,#3096,.F.);
#4420=ORIENTED_EDGE('',*,*,#3097,.T.);
#4421=ORIENTED_EDGE('',*,*,#3098,.T.);
#4422=ORIENTED_EDGE('',*,*,#3095,.T.);
#4423=ORIENTED_EDGE('',*,*,#3099,.T.);
#4424=ORIENTED_EDGE('',*,*,#3096,.T.);
#4425=ORIENTED_EDGE('',*,*,#3100,.T.);
#4426=ORIENTED_EDGE('',*,*,#3088,.T.);
#4427=ORIENTED_EDGE('',*,*,#3101,.T.);
#4428=ORIENTED_EDGE('',*,*,#3102,.F.);
#4429=ORIENTED_EDGE('',*,*,#3103,.F.);
#4430=ORIENTED_EDGE('',*,*,#3104,.F.);
#4431=ORIENTED_EDGE('',*,*,#3105,.T.);
#4432=ORIENTED_EDGE('',*,*,#3106,.T.);
#4433=ORIENTED_EDGE('',*,*,#3103,.T.);
#4434=ORIENTED_EDGE('',*,*,#3107,.T.);
#4435=ORIENTED_EDGE('',*,*,#3108,.F.);
#4436=ORIENTED_EDGE('',*,*,#3109,.F.);
#4437=ORIENTED_EDGE('',*,*,#3110,.F.);
#4438=ORIENTED_EDGE('',*,*,#3111,.T.);
#4439=ORIENTED_EDGE('',*,*,#3112,.T.);
#4440=ORIENTED_EDGE('',*,*,#3109,.T.);
#4441=ORIENTED_EDGE('',*,*,#3113,.T.);
#4442=ORIENTED_EDGE('',*,*,#3110,.T.);
#4443=ORIENTED_EDGE('',*,*,#3114,.T.);
#4444=ORIENTED_EDGE('',*,*,#3094,.T.);
#4445=ORIENTED_EDGE('',*,*,#3115,.T.);
#4446=ORIENTED_EDGE('',*,*,#3104,.T.);
#4447=ORIENTED_EDGE('',*,*,#3116,.T.);
#4448=ORIENTED_EDGE('',*,*,#3108,.T.);
#4449=ORIENTED_EDGE('',*,*,#3117,.T.);
#4450=ORIENTED_EDGE('',*,*,#3090,.T.);
#4451=ORIENTED_EDGE('',*,*,#3118,.T.);
#4452=ORIENTED_EDGE('',*,*,#3102,.T.);
#4453=ORIENTED_EDGE('',*,*,#3119,.T.);
#4454=ORIENTED_EDGE('',*,*,#3093,.F.);
#4455=ORIENTED_EDGE('',*,*,#3100,.F.);
#4456=ORIENTED_EDGE('',*,*,#3098,.F.);
#4457=ORIENTED_EDGE('',*,*,#3120,.F.);
#4458=ORIENTED_EDGE('',*,*,#3099,.F.);
#4459=ORIENTED_EDGE('',*,*,#3114,.F.);
#4460=ORIENTED_EDGE('',*,*,#3112,.F.);
#4461=ORIENTED_EDGE('',*,*,#3121,.F.);
#4462=ORIENTED_EDGE('',*,*,#3101,.F.);
#4463=ORIENTED_EDGE('',*,*,#3119,.F.);
#4464=ORIENTED_EDGE('',*,*,#3117,.F.);
#4465=ORIENTED_EDGE('',*,*,#3115,.F.);
#4466=ORIENTED_EDGE('',*,*,#3092,.F.);
#4467=ORIENTED_EDGE('',*,*,#3122,.F.);
#4468=ORIENTED_EDGE('',*,*,#3107,.F.);
#4469=ORIENTED_EDGE('',*,*,#3118,.F.);
#4470=ORIENTED_EDGE('',*,*,#3106,.F.);
#4471=ORIENTED_EDGE('',*,*,#3123,.F.);
#4472=ORIENTED_EDGE('',*,*,#3113,.F.);
#4473=ORIENTED_EDGE('',*,*,#3116,.F.);
#4474=ORIENTED_EDGE('',*,*,#3124,.F.);
#4475=ORIENTED_EDGE('',*,*,#3125,.T.);
#4476=ORIENTED_EDGE('',*,*,#3087,.F.);
#4477=ORIENTED_EDGE('',*,*,#3126,.F.);
#4478=ORIENTED_EDGE('',*,*,#3127,.F.);
#4479=ORIENTED_EDGE('',*,*,#3126,.T.);
#4480=ORIENTED_EDGE('',*,*,#3086,.F.);
#4481=ORIENTED_EDGE('',*,*,#3128,.F.);
#4482=ORIENTED_EDGE('',*,*,#3129,.F.);
#4483=ORIENTED_EDGE('',*,*,#3128,.T.);
#4484=ORIENTED_EDGE('',*,*,#3085,.F.);
#4485=ORIENTED_EDGE('',*,*,#3130,.F.);
#4486=ORIENTED_EDGE('',*,*,#3131,.F.);
#4487=ORIENTED_EDGE('',*,*,#3130,.T.);
#4488=ORIENTED_EDGE('',*,*,#3084,.F.);
#4489=ORIENTED_EDGE('',*,*,#3125,.F.);
#4490=ORIENTED_EDGE('',*,*,#3131,.T.);
#4491=ORIENTED_EDGE('',*,*,#3124,.T.);
#4492=ORIENTED_EDGE('',*,*,#3127,.T.);
#4493=ORIENTED_EDGE('',*,*,#3129,.T.);
#4494=ORIENTED_EDGE('',*,*,#3121,.T.);
#4495=ORIENTED_EDGE('',*,*,#3111,.F.);
#4496=ORIENTED_EDGE('',*,*,#3123,.T.);
#4497=ORIENTED_EDGE('',*,*,#3105,.F.);
#4498=ORIENTED_EDGE('',*,*,#3122,.T.);
#4499=ORIENTED_EDGE('',*,*,#3091,.F.);
#4500=ORIENTED_EDGE('',*,*,#3120,.T.);
#4501=ORIENTED_EDGE('',*,*,#3097,.F.);
#4502=ORIENTED_EDGE('',*,*,#2841,.T.);
#4503=ORIENTED_EDGE('',*,*,#2845,.T.);
#4504=ORIENTED_EDGE('',*,*,#2848,.T.);
#4505=ORIENTED_EDGE('',*,*,#2851,.T.);
#4506=ORIENTED_EDGE('',*,*,#2854,.T.);
#4507=ORIENTED_EDGE('',*,*,#2857,.T.);
#4508=ORIENTED_EDGE('',*,*,#2860,.T.);
#4509=ORIENTED_EDGE('',*,*,#2863,.T.);
#4510=ORIENTED_EDGE('',*,*,#3072,.T.);
#4511=ORIENTED_EDGE('',*,*,#3082,.T.);
#4512=ORIENTED_EDGE('',*,*,#3079,.T.);
#4513=ORIENTED_EDGE('',*,*,#3076,.T.);
#4514=PLANE('',#5044);
#4515=PLANE('',#5049);
#4516=PLANE('',#5050);
#4517=PLANE('',#5051);
#4518=PLANE('',#5052);
#4519=PLANE('',#5057);
#4520=PLANE('',#5058);
#4521=PLANE('',#5059);
#4522=PLANE('',#5061);
#4523=PLANE('',#5063);
#4524=PLANE('',#5064);
#4525=PLANE('',#5065);
#4526=PLANE('',#5066);
#4527=PLANE('',#5067);
#4528=PLANE('',#5068);
#4529=PLANE('',#5069);
#4530=PLANE('',#5070);
#4531=PLANE('',#5071);
#4532=PLANE('',#5072);
#4533=PLANE('',#5073);
#4534=PLANE('',#5074);
#4535=PLANE('',#5075);
#4536=PLANE('',#5076);
#4537=PLANE('',#5078);
#4538=PLANE('',#5080);
#4539=PLANE('',#5081);
#4540=PLANE('',#5082);
#4541=PLANE('',#5083);
#4542=PLANE('',#5084);
#4543=PLANE('',#5085);
#4544=PLANE('',#5086);
#4545=PLANE('',#5090);
#4546=PLANE('',#5094);
#4547=PLANE('',#5095);
#4548=PLANE('',#5096);
#4549=PLANE('',#5097);
#4550=PLANE('',#5098);
#4551=PLANE('',#5099);
#4552=PLANE('',#5100);
#4553=PLANE('',#5104);
#4554=PLANE('',#5108);
#4555=PLANE('',#5109);
#4556=PLANE('',#5110);
#4557=PLANE('',#5111);
#4558=PLANE('',#5112);
#4559=PLANE('',#5113);
#4560=PLANE('',#5114);
#4561=PLANE('',#5118);
#4562=PLANE('',#5122);
#4563=PLANE('',#5123);
#4564=PLANE('',#5124);
#4565=PLANE('',#5125);
#4566=PLANE('',#5126);
#4567=PLANE('',#5127);
#4568=PLANE('',#5128);
#4569=PLANE('',#5132);
#4570=PLANE('',#5136);
#4571=PLANE('',#5137);
#4572=PLANE('',#5138);
#4573=PLANE('',#5139);
#4574=PLANE('',#5140);
#4575=PLANE('',#5141);
#4576=PLANE('',#5142);
#4577=PLANE('',#5146);
#4578=PLANE('',#5150);
#4579=PLANE('',#5151);
#4580=PLANE('',#5152);
#4581=PLANE('',#5153);
#4582=PLANE('',#5154);
#4583=PLANE('',#5155);
#4584=PLANE('',#5156);
#4585=PLANE('',#5159);
#4586=PLANE('',#5160);
#4587=PLANE('',#5161);
#4588=PLANE('',#5165);
#4589=PLANE('',#5167);
#4590=PLANE('',#5168);
#4591=PLANE('',#5169);
#4592=PLANE('',#5170);
#4593=PLANE('',#5173);
#4594=PLANE('',#5174);
#4595=PLANE('',#5175);
#4596=PLANE('',#5179);
#4597=PLANE('',#5181);
#4598=PLANE('',#5182);
#4599=PLANE('',#5183);
#4600=PLANE('',#5184);
#4601=PLANE('',#5185);
#4602=PLANE('',#5186);
#4603=PLANE('',#5187);
#4604=PLANE('',#5189);
#4605=PLANE('',#5190);
#4606=PLANE('',#5191);
#4607=PLANE('',#5192);
#4608=PLANE('',#5193);
#4609=PLANE('',#5196);
#4610=PLANE('',#5197);
#4611=PLANE('',#5198);
#4612=PLANE('',#5201);
#4613=PLANE('',#5202);
#4614=PLANE('',#5207);
#4615=PLANE('',#5209);
#4616=PLANE('',#5210);
#4617=PLANE('',#5216);
#4618=PLANE('',#5218);
#4619=PLANE('',#5220);
#4620=PLANE('',#5223);
#4621=PLANE('',#5224);
#4622=PLANE('',#5225);
#4623=PLANE('',#5226);
#4624=PLANE('',#5227);
#4625=PLANE('',#5228);
#4626=PLANE('',#5238);
#4627=PLANE('',#5239);
#4628=PLANE('',#5243);
#4629=PLANE('',#5247);
#4630=PLANE('',#5248);
#4631=PLANE('',#5252);
#4632=PLANE('',#5256);
#4633=PLANE('',#5260);
#4634=PLANE('',#5264);
#4635=PLANE('',#5265);
#4636=PLANE('',#5266);
#4637=PLANE('',#5267);
#4638=PLANE('',#5268);
#4639=PLANE('',#5269);
#4640=PLANE('',#5270);
#4641=PLANE('',#5271);
#4642=PLANE('',#5275);
#4643=PLANE('',#5279);
#4644=PLANE('',#5280);
#4645=PLANE('',#5281);
#4646=PLANE('',#5282);
#4647=PLANE('',#5283);
#4648=PLANE('',#5284);
#4649=PLANE('',#5285);
#4650=PLANE('',#5286);
#4651=PLANE('',#5287);
#4652=PLANE('',#5288);
#4653=PLANE('',#5289);
#4654=PLANE('',#5290);
#4655=PLANE('',#5291);
#4656=PLANE('',#5292);
#4657=PLANE('',#5293);
#4658=PLANE('',#5294);
#4659=PLANE('',#5295);
#4660=PLANE('',#5296);
#4661=PLANE('',#5297);
#4662=PLANE('',#5298);
#4663=PLANE('',#5299);
#4664=PLANE('',#5300);
#4665=PLANE('',#5301);
#4666=PLANE('',#5302);
#4667=PLANE('',#5303);
#4668=PLANE('',#5304);
#4669=PLANE('',#5305);
#4670=PLANE('',#5306);
#4671=PLANE('',#5307);
#4672=PLANE('',#5308);
#4673=PLANE('',#5312);
#4674=PLANE('',#5316);
#4675=PLANE('',#5320);
#4676=PLANE('',#5324);
#4677=PLANE('',#5325);
#4678=PLANE('',#5326);
#4679=PLANE('',#5327);
#4680=PLANE('',#5328);
#4681=PLANE('',#5329);
#4682=PLANE('',#5330);
#4683=PLANE('',#5331);
#4684=PLANE('',#5332);
#4685=PLANE('',#5333);
#4686=PLANE('',#5334);
#4687=PLANE('',#5335);
#4688=PLANE('',#5336);
#4689=PLANE('',#5337);
#4690=PLANE('',#5338);
#4691=PLANE('',#5339);
#4692=PLANE('',#5340);
#4693=PLANE('',#5341);
#4694=PLANE('',#5342);
#4695=PLANE('',#5343);
#4696=PLANE('',#5344);
#4697=PLANE('',#5345);
#4698=PLANE('',#5346);
#4699=PLANE('',#5347);
#4700=PLANE('',#5348);
#4701=PLANE('',#5349);
#4702=PLANE('',#5350);
#4703=PLANE('',#5351);
#4704=PLANE('',#5352);
#4705=PLANE('',#5353);
#4706=PLANE('',#5354);
#4707=PLANE('',#5355);
#4708=PLANE('',#5356);
#4709=PLANE('',#5357);
#4710=PLANE('',#5358);
#4711=PLANE('',#5359);
#4712=PLANE('',#5388);
#4713=PLANE('',#5389);
#4714=PLANE('',#5390);
#4715=PLANE('',#5391);
#4716=PLANE('',#5392);
#4717=PLANE('',#5393);
#4718=PLANE('',#5394);
#4719=PLANE('',#5395);
#4720=PLANE('',#5396);
#4721=PLANE('',#5397);
#4722=PLANE('',#5398);
#4723=ADVANCED_FACE('',(#237,#119),#4514,.F.);
#4724=ADVANCED_FACE('',(#238,#120,#121,#122),#4515,.T.);
#4725=ADVANCED_FACE('',(#239),#4516,.T.);
#4726=ADVANCED_FACE('',(#240),#4517,.T.);
#4727=ADVANCED_FACE('',(#241,#123,#124,#125,#126,#127,#128,#129,#130),#4518,
 .T.);
#4728=ADVANCED_FACE('',(#242),#4519,.F.);
#4729=ADVANCED_FACE('',(#243),#4520,.F.);
#4730=ADVANCED_FACE('',(#244),#4521,.T.);
#4731=ADVANCED_FACE('',(#245),#75,.T.);
#4732=ADVANCED_FACE('',(#246),#4522,.T.);
#4733=ADVANCED_FACE('',(#247),#76,.T.);
#4734=ADVANCED_FACE('',(#248),#4523,.T.);
#4735=ADVANCED_FACE('',(#249),#4524,.F.);
#4736=ADVANCED_FACE('',(#250),#4525,.T.);
#4737=ADVANCED_FACE('',(#251),#4526,.F.);
#4738=ADVANCED_FACE('',(#252),#4527,.T.);
#4739=ADVANCED_FACE('',(#253),#4528,.F.);
#4740=ADVANCED_FACE('',(#254),#4529,.T.);
#4741=ADVANCED_FACE('',(#255),#4530,.F.);
#4742=ADVANCED_FACE('',(#256),#4531,.T.);
#4743=ADVANCED_FACE('',(#257),#4532,.F.);
#4744=ADVANCED_FACE('',(#258),#4533,.T.);
#4745=ADVANCED_FACE('',(#259),#4534,.F.);
#4746=ADVANCED_FACE('',(#260),#4535,.T.);
#4747=ADVANCED_FACE('',(#261),#4536,.F.);
#4748=ADVANCED_FACE('',(#262),#77,.T.);
#4749=ADVANCED_FACE('',(#263),#4537,.T.);
#4750=ADVANCED_FACE('',(#264),#78,.T.);
#4751=ADVANCED_FACE('',(#265),#4538,.F.);
#4752=ADVANCED_FACE('',(#266),#4539,.F.);
#4753=ADVANCED_FACE('',(#267),#4540,.F.);
#4754=ADVANCED_FACE('',(#268),#4541,.F.);
#4755=ADVANCED_FACE('',(#269,#131),#4542,.T.);
#4756=ADVANCED_FACE('',(#270),#4543,.F.);
#4757=ADVANCED_FACE('',(#271),#4544,.F.);
#4758=ADVANCED_FACE('',(#272),#79,.F.);
#4759=ADVANCED_FACE('',(#273),#4545,.F.);
#4760=ADVANCED_FACE('',(#274),#80,.T.);
#4761=ADVANCED_FACE('',(#275),#4546,.F.);
#4762=ADVANCED_FACE('',(#276),#4547,.T.);
#4763=ADVANCED_FACE('',(#277),#4548,.T.);
#4764=ADVANCED_FACE('',(#278),#4549,.T.);
#4765=ADVANCED_FACE('',(#279),#4550,.F.);
#4766=ADVANCED_FACE('',(#280),#4551,.F.);
#4767=ADVANCED_FACE('',(#281),#4552,.F.);
#4768=ADVANCED_FACE('',(#282),#81,.F.);
#4769=ADVANCED_FACE('',(#283),#4553,.F.);
#4770=ADVANCED_FACE('',(#284),#82,.T.);
#4771=ADVANCED_FACE('',(#285),#4554,.F.);
#4772=ADVANCED_FACE('',(#286),#4555,.T.);
#4773=ADVANCED_FACE('',(#287),#4556,.T.);
#4774=ADVANCED_FACE('',(#288),#4557,.T.);
#4775=ADVANCED_FACE('',(#289),#4558,.F.);
#4776=ADVANCED_FACE('',(#290),#4559,.F.);
#4777=ADVANCED_FACE('',(#291),#4560,.F.);
#4778=ADVANCED_FACE('',(#292),#83,.F.);
#4779=ADVANCED_FACE('',(#293),#4561,.F.);
#4780=ADVANCED_FACE('',(#294),#84,.T.);
#4781=ADVANCED_FACE('',(#295),#4562,.F.);
#4782=ADVANCED_FACE('',(#296),#4563,.T.);
#4783=ADVANCED_FACE('',(#297),#4564,.T.);
#4784=ADVANCED_FACE('',(#298),#4565,.T.);
#4785=ADVANCED_FACE('',(#299),#4566,.F.);
#4786=ADVANCED_FACE('',(#300),#4567,.F.);
#4787=ADVANCED_FACE('',(#301),#4568,.F.);
#4788=ADVANCED_FACE('',(#302),#85,.F.);
#4789=ADVANCED_FACE('',(#303),#4569,.F.);
#4790=ADVANCED_FACE('',(#304),#86,.T.);
#4791=ADVANCED_FACE('',(#305),#4570,.F.);
#4792=ADVANCED_FACE('',(#306),#4571,.T.);
#4793=ADVANCED_FACE('',(#307),#4572,.T.);
#4794=ADVANCED_FACE('',(#308),#4573,.T.);
#4795=ADVANCED_FACE('',(#309),#4574,.F.);
#4796=ADVANCED_FACE('',(#310),#4575,.F.);
#4797=ADVANCED_FACE('',(#311),#4576,.F.);
#4798=ADVANCED_FACE('',(#312),#87,.F.);
#4799=ADVANCED_FACE('',(#313),#4577,.F.);
#4800=ADVANCED_FACE('',(#314),#88,.T.);
#4801=ADVANCED_FACE('',(#315),#4578,.F.);
#4802=ADVANCED_FACE('',(#316),#4579,.T.);
#4803=ADVANCED_FACE('',(#317),#4580,.T.);
#4804=ADVANCED_FACE('',(#318),#4581,.T.);
#4805=ADVANCED_FACE('',(#319),#4582,.F.);
#4806=ADVANCED_FACE('',(#320),#4583,.T.);
#4807=ADVANCED_FACE('',(#321),#4584,.F.);
#4808=ADVANCED_FACE('',(#322),#4585,.F.);
#4809=ADVANCED_FACE('',(#323),#4586,.F.);
#4810=ADVANCED_FACE('',(#324),#4587,.F.);
#4811=ADVANCED_FACE('',(#325),#89,.F.);
#4812=ADVANCED_FACE('',(#326),#4588,.F.);
#4813=ADVANCED_FACE('',(#327),#90,.T.);
#4814=ADVANCED_FACE('',(#328),#4589,.T.);
#4815=ADVANCED_FACE('',(#329),#4590,.T.);
#4816=ADVANCED_FACE('',(#330),#4591,.T.);
#4817=ADVANCED_FACE('',(#331),#4592,.F.);
#4818=ADVANCED_FACE('',(#332),#4593,.F.);
#4819=ADVANCED_FACE('',(#333),#4594,.F.);
#4820=ADVANCED_FACE('',(#334),#4595,.F.);
#4821=ADVANCED_FACE('',(#335),#91,.F.);
#4822=ADVANCED_FACE('',(#336),#4596,.F.);
#4823=ADVANCED_FACE('',(#337),#92,.T.);
#4824=ADVANCED_FACE('',(#338),#4597,.T.);
#4825=ADVANCED_FACE('',(#339),#4598,.T.);
#4826=ADVANCED_FACE('',(#340),#4599,.F.);
#4827=ADVANCED_FACE('',(#341),#4600,.F.);
#4828=ADVANCED_FACE('',(#342),#4601,.T.);
#4829=ADVANCED_FACE('',(#343,#132,#133,#134,#135),#4602,.T.);
#4830=ADVANCED_FACE('',(#344,#136),#4603,.T.);
#4831=ADVANCED_FACE('',(#345),#4604,.F.);
#4832=ADVANCED_FACE('',(#346),#4605,.F.);
#4833=ADVANCED_FACE('',(#347),#4606,.T.);
#4834=ADVANCED_FACE('',(#348),#4607,.F.);
#4835=ADVANCED_FACE('',(#349),#4608,.T.);
#4836=ADVANCED_FACE('',(#350),#4609,.F.);
#4837=ADVANCED_FACE('',(#351),#4610,.F.);
#4838=ADVANCED_FACE('',(#352),#4611,.T.);
#4839=ADVANCED_FACE('',(#353),#4612,.F.);
#4840=ADVANCED_FACE('',(#354),#4613,.T.);
#4841=ADVANCED_FACE('',(#355),#4614,.T.);
#4842=ADVANCED_FACE('',(#356),#93,.T.);
#4843=ADVANCED_FACE('',(#357),#4615,.T.);
#4844=ADVANCED_FACE('',(#358),#4616,.T.);
#4845=ADVANCED_FACE('',(#359),#94,.T.);
#4846=ADVANCED_FACE('',(#360),#4617,.T.);
#4847=ADVANCED_FACE('',(#361),#95,.T.);
#4848=ADVANCED_FACE('',(#362),#4618,.T.);
#4849=ADVANCED_FACE('',(#363),#96,.F.);
#4850=ADVANCED_FACE('',(#364),#4619,.T.);
#4851=ADVANCED_FACE('',(#365),#97,.F.);
#4852=ADVANCED_FACE('',(#366),#98,.F.);
#4853=ADVANCED_FACE('',(#367),#4620,.T.);
#4854=ADVANCED_FACE('',(#368),#4621,.F.);
#4855=ADVANCED_FACE('',(#369),#4622,.F.);
#4856=ADVANCED_FACE('',(#370),#4623,.F.);
#4857=ADVANCED_FACE('',(#371),#4624,.T.);
#4858=ADVANCED_FACE('',(#372),#4625,.T.);
#4859=ADVANCED_FACE('',(#373),#4626,.F.);
#4860=ADVANCED_FACE('',(#374),#4627,.F.);
#4861=ADVANCED_FACE('',(#375),#99,.F.);
#4862=ADVANCED_FACE('',(#376),#4628,.F.);
#4863=ADVANCED_FACE('',(#377),#100,.F.);
#4864=ADVANCED_FACE('',(#378),#4629,.F.);
#4865=ADVANCED_FACE('',(#379),#4630,.F.);
#4866=ADVANCED_FACE('',(#380),#101,.T.);
#4867=ADVANCED_FACE('',(#381),#4631,.T.);
#4868=ADVANCED_FACE('',(#382),#102,.T.);
#4869=ADVANCED_FACE('',(#383),#4632,.T.);
#4870=ADVANCED_FACE('',(#384),#103,.T.);
#4871=ADVANCED_FACE('',(#385),#4633,.T.);
#4872=ADVANCED_FACE('',(#386),#104,.T.);
#4873=ADVANCED_FACE('',(#387),#4634,.T.);
#4874=ADVANCED_FACE('',(#388),#4635,.T.);
#4875=ADVANCED_FACE('',(#389),#4636,.T.);
#4876=ADVANCED_FACE('',(#390),#4637,.T.);
#4877=ADVANCED_FACE('',(#391),#4638,.T.);
#4878=ADVANCED_FACE('',(#392),#4639,.T.);
#4879=ADVANCED_FACE('',(#393),#4640,.T.);
#4880=ADVANCED_FACE('',(#394),#4641,.T.);
#4881=ADVANCED_FACE('',(#395),#105,.T.);
#4882=ADVANCED_FACE('',(#396),#4642,.T.);
#4883=ADVANCED_FACE('',(#397),#106,.T.);
#4884=ADVANCED_FACE('',(#398),#4643,.T.);
#4885=ADVANCED_FACE('',(#399),#4644,.T.);
#4886=ADVANCED_FACE('',(#400),#4645,.T.);
#4887=ADVANCED_FACE('',(#401),#4646,.T.);
#4888=ADVANCED_FACE('',(#402),#4647,.T.);
#4889=ADVANCED_FACE('',(#403),#4648,.T.);
#4890=ADVANCED_FACE('',(#404),#4649,.T.);
#4891=ADVANCED_FACE('',(#405),#4650,.T.);
#4892=ADVANCED_FACE('',(#406),#4651,.T.);
#4893=ADVANCED_FACE('',(#407),#4652,.T.);
#4894=ADVANCED_FACE('',(#408),#4653,.T.);
#4895=ADVANCED_FACE('',(#409),#4654,.T.);
#4896=ADVANCED_FACE('',(#410),#4655,.T.);
#4897=ADVANCED_FACE('',(#411),#4656,.T.);
#4898=ADVANCED_FACE('',(#412),#4657,.T.);
#4899=ADVANCED_FACE('',(#413),#4658,.T.);
#4900=ADVANCED_FACE('',(#414),#4659,.T.);
#4901=ADVANCED_FACE('',(#415),#4660,.T.);
#4902=ADVANCED_FACE('',(#416),#4661,.T.);
#4903=ADVANCED_FACE('',(#417),#4662,.T.);
#4904=ADVANCED_FACE('',(#418),#4663,.T.);
#4905=ADVANCED_FACE('',(#419),#4664,.T.);
#4906=ADVANCED_FACE('',(#420),#4665,.T.);
#4907=ADVANCED_FACE('',(#421),#4666,.T.);
#4908=ADVANCED_FACE('',(#422),#4667,.T.);
#4909=ADVANCED_FACE('',(#423),#4668,.T.);
#4910=ADVANCED_FACE('',(#424),#4669,.T.);
#4911=ADVANCED_FACE('',(#425),#4670,.T.);
#4912=ADVANCED_FACE('',(#426),#4671,.T.);
#4913=ADVANCED_FACE('',(#427),#4672,.T.);
#4914=ADVANCED_FACE('',(#428),#107,.T.);
#4915=ADVANCED_FACE('',(#429),#4673,.T.);
#4916=ADVANCED_FACE('',(#430),#108,.T.);
#4917=ADVANCED_FACE('',(#431),#4674,.T.);
#4918=ADVANCED_FACE('',(#432),#109,.T.);
#4919=ADVANCED_FACE('',(#433),#4675,.T.);
#4920=ADVANCED_FACE('',(#434),#110,.T.);
#4921=ADVANCED_FACE('',(#435),#4676,.T.);
#4922=ADVANCED_FACE('',(#436),#4677,.T.);
#4923=ADVANCED_FACE('',(#437),#4678,.T.);
#4924=ADVANCED_FACE('',(#438),#4679,.T.);
#4925=ADVANCED_FACE('',(#439),#4680,.T.);
#4926=ADVANCED_FACE('',(#440),#4681,.T.);
#4927=ADVANCED_FACE('',(#441),#4682,.T.);
#4928=ADVANCED_FACE('',(#442),#4683,.T.);
#4929=ADVANCED_FACE('',(#443),#4684,.T.);
#4930=ADVANCED_FACE('',(#444),#4685,.T.);
#4931=ADVANCED_FACE('',(#445),#4686,.T.);
#4932=ADVANCED_FACE('',(#446),#4687,.T.);
#4933=ADVANCED_FACE('',(#447),#4688,.T.);
#4934=ADVANCED_FACE('',(#448),#4689,.T.);
#4935=ADVANCED_FACE('',(#449),#4690,.T.);
#4936=ADVANCED_FACE('',(#450),#4691,.T.);
#4937=ADVANCED_FACE('',(#451),#4692,.T.);
#4938=ADVANCED_FACE('',(#452),#4693,.T.);
#4939=ADVANCED_FACE('',(#453),#4694,.F.);
#4940=ADVANCED_FACE('',(#454),#4695,.F.);
#4941=ADVANCED_FACE('',(#455),#4696,.F.);
#4942=ADVANCED_FACE('',(#456),#4697,.F.);
#4943=ADVANCED_FACE('',(#457,#137,#138,#139,#140,#141,#142,#143,#144),#4698,
 .T.);
#4944=ADVANCED_FACE('',(#458),#4699,.F.);
#4945=ADVANCED_FACE('',(#459),#4700,.F.);
#4946=ADVANCED_FACE('',(#460),#4701,.F.);
#4947=ADVANCED_FACE('',(#461),#4702,.F.);
#4948=ADVANCED_FACE('',(#462),#4703,.T.);
#4949=ADVANCED_FACE('',(#463,#145),#4704,.T.);
#4950=ADVANCED_FACE('',(#464),#4705,.T.);
#4951=ADVANCED_FACE('',(#465),#4706,.T.);
#4952=ADVANCED_FACE('',(#466),#4707,.T.);
#4953=ADVANCED_FACE('',(#467),#4708,.T.);
#4954=ADVANCED_FACE('',(#468),#4709,.T.);
#4955=ADVANCED_FACE('',(#469),#4710,.T.);
#4956=ADVANCED_FACE('',(#470,#146),#4711,.T.);
#4957=ADVANCED_FACE('',(#471),#11,.F.);
#4958=ADVANCED_FACE('',(#472),#111,.F.);
#4959=ADVANCED_FACE('',(#473),#12,.F.);
#4960=ADVANCED_FACE('',(#474),#112,.F.);
#4961=ADVANCED_FACE('',(#475),#113,.F.);
#4962=ADVANCED_FACE('',(#476),#13,.F.);
#4963=ADVANCED_FACE('',(#477),#114,.F.);
#4964=ADVANCED_FACE('',(#478),#14,.F.);
#4965=ADVANCED_FACE('',(#479),#115,.F.);
#4966=ADVANCED_FACE('',(#480),#116,.F.);
#4967=ADVANCED_FACE('',(#481),#117,.F.);
#4968=ADVANCED_FACE('',(#482),#118,.F.);
#4969=ADVANCED_FACE('',(#483),#4712,.F.);
#4970=ADVANCED_FACE('',(#484),#4713,.F.);
#4971=ADVANCED_FACE('',(#485),#4714,.F.);
#4972=ADVANCED_FACE('',(#486),#4715,.F.);
#4973=ADVANCED_FACE('',(#487),#4716,.F.);
#4974=ADVANCED_FACE('',(#488),#4717,.T.);
#4975=ADVANCED_FACE('',(#489),#4718,.T.);
#4976=ADVANCED_FACE('',(#490),#4719,.T.);
#4977=ADVANCED_FACE('',(#491),#4720,.T.);
#4978=ADVANCED_FACE('',(#492,#147),#4721,.F.);
#4979=ADVANCED_FACE('',(#493,#148),#4722,.T.);
#4980=CLOSED_SHELL('',(#4723,#4724,#4725,#4726,#4727,#4728,#4729,#4730,
#4731,#4732,#4733,#4734,#4735,#4736,#4737,#4738,#4739,#4740,#4741,#4742,
#4743,#4744,#4745,#4746,#4747,#4748,#4749,#4750,#4751,#4752,#4753,#4754,
#4755,#4756,#4757,#4758,#4759,#4760,#4761,#4762,#4763,#4764,#4765,#4766,
#4767,#4768,#4769,#4770,#4771,#4772,#4773,#4774,#4775,#4776,#4777,#4778,
#4779,#4780,#4781,#4782,#4783,#4784,#4785,#4786,#4787,#4788,#4789,#4790,
#4791,#4792,#4793,#4794,#4795,#4796,#4797,#4798,#4799,#4800,#4801,#4802,
#4803,#4804,#4805,#4806,#4807,#4808,#4809,#4810,#4811,#4812,#4813,#4814,
#4815,#4816,#4817,#4818,#4819,#4820,#4821,#4822,#4823,#4824,#4825,#4826,
#4827,#4828,#4829,#4830));
#4981=CLOSED_SHELL('',(#4831,#4832,#4833,#4834,#4835,#4836,#4837,#4838,
#4839,#4840,#4841,#4842,#4843,#4844,#4845,#4846,#4847,#4848,#4849,#4850,
#4851,#4852,#4853,#4854,#4855,#4856,#4857,#4858));
#4982=CLOSED_SHELL('',(#4859,#4860,#4861,#4862,#4863,#4864,#4865,#4866,
#4867,#4868,#4869,#4870,#4871,#4872,#4873,#4874,#4875,#4876,#4877,#4878,
#4879,#4880,#4881,#4882,#4883,#4884,#4885,#4886,#4887,#4888,#4889,#4890,
#4891,#4892,#4893,#4894,#4895,#4896,#4897,#4898,#4899,#4900,#4901,#4902,
#4903,#4904,#4905,#4906,#4907,#4908,#4909,#4910,#4911,#4912,#4913,#4914,
#4915,#4916,#4917,#4918,#4919,#4920,#4921,#4922,#4923,#4924,#4925,#4926,
#4927,#4928,#4929,#4930,#4931,#4932,#4933,#4934,#4935,#4936,#4937,#4938,
#4939,#4940,#4941,#4942,#4943,#4944,#4945,#4946,#4947,#4948,#4949,#4950,
#4951,#4952,#4953,#4954,#4955,#4956,#4957,#4958,#4959,#4960,#4961,#4962,
#4963,#4964,#4965,#4966,#4967,#4968,#4969,#4970,#4971,#4972,#4973,#4974,
#4975,#4976,#4977,#4978,#4979));
#4983=PRESENTATION_STYLE_ASSIGNMENT((#4987));
#4984=PRESENTATION_STYLE_ASSIGNMENT((#4988));
#4985=PRESENTATION_STYLE_ASSIGNMENT((#4989));
#4986=PRESENTATION_STYLE_ASSIGNMENT((#4990));
#4987=SURFACE_STYLE_USAGE(.BOTH.,#4991);
#4988=SURFACE_STYLE_USAGE(.BOTH.,#4992);
#4989=SURFACE_STYLE_USAGE(.BOTH.,#4993);
#4990=SURFACE_STYLE_USAGE(.BOTH.,#4994);
#4991=SURFACE_SIDE_STYLE('',(#4995));
#4992=SURFACE_SIDE_STYLE('',(#4996));
#4993=SURFACE_SIDE_STYLE('',(#4997));
#4994=SURFACE_SIDE_STYLE('',(#4998));
#4995=SURFACE_STYLE_FILL_AREA(#4999);
#4996=SURFACE_STYLE_FILL_AREA(#5000);
#4997=SURFACE_STYLE_FILL_AREA(#5001);
#4998=SURFACE_STYLE_FILL_AREA(#5002);
#4999=FILL_AREA_STYLE('',(#5003));
#5000=FILL_AREA_STYLE('',(#5004));
#5001=FILL_AREA_STYLE('',(#5005));
#5002=FILL_AREA_STYLE('',(#5006));
#5003=FILL_AREA_STYLE_COLOUR('',#5007);
#5004=FILL_AREA_STYLE_COLOUR('',#5008);
#5005=FILL_AREA_STYLE_COLOUR('',#5009);
#5006=FILL_AREA_STYLE_COLOUR('',#5010);
#5007=COLOUR_RGB('',0.180392156862745,0.180392156862745,0.180392156862745);
#5008=COLOUR_RGB('',0.956862745098039,0.956862745098039,0.956862745098039);
#5009=COLOUR_RGB('',0.0470588235294118,0.0470588235294118,0.0470588235294118);
#5010=COLOUR_RGB('',0.180392156862745,0.180392156862745,0.180392156862745);
#5011=DATE_TIME_ROLE('creation_date');
#5012=DATE_TIME_ROLE('creation_date');
#5013=DATE_TIME_ROLE('creation_date');
#5014=DATE_TIME_ROLE('creation_date');
#5015=DATE_TIME_ROLE('creation_date');
#5016=APPLIED_DATE_AND_TIME_ASSIGNMENT(#5021,#5011,(#8185));
#5017=APPLIED_DATE_AND_TIME_ASSIGNMENT(#5022,#5012,(#8186));
#5018=APPLIED_DATE_AND_TIME_ASSIGNMENT(#5023,#5013,(#8187));
#5019=APPLIED_DATE_AND_TIME_ASSIGNMENT(#5024,#5014,(#8188));
#5020=APPLIED_DATE_AND_TIME_ASSIGNMENT(#5025,#5015,(#8189));
#5021=DATE_AND_TIME(#5026,#5031);
#5022=DATE_AND_TIME(#5027,#5032);
#5023=DATE_AND_TIME(#5028,#5033);
#5024=DATE_AND_TIME(#5029,#5034);
#5025=DATE_AND_TIME(#5030,#5035);
#5026=CALENDAR_DATE(2018,6,8);
#5027=CALENDAR_DATE(2018,31,1);
#5028=CALENDAR_DATE(2018,31,1);
#5029=CALENDAR_DATE(2018,30,1);
#5030=CALENDAR_DATE(2018,26,7);
#5031=LOCAL_TIME(6,43,58.,#5036);
#5032=LOCAL_TIME(2,0,18.,#5037);
#5033=LOCAL_TIME(1,50,35.,#5038);
#5034=LOCAL_TIME(8,5,41.,#5039);
#5035=LOCAL_TIME(8,2,13.,#5040);
#5036=COORDINATED_UNIVERSAL_TIME_OFFSET(0,0,.BEHIND.);
#5037=COORDINATED_UNIVERSAL_TIME_OFFSET(0,0,.BEHIND.);
#5038=COORDINATED_UNIVERSAL_TIME_OFFSET(0,0,.BEHIND.);
#5039=COORDINATED_UNIVERSAL_TIME_OFFSET(0,0,.BEHIND.);
#5040=COORDINATED_UNIVERSAL_TIME_OFFSET(0,0,.BEHIND.);
#5041=AXIS2_PLACEMENT_3D('placement',#6724,#5401,#5402);
#5042=AXIS2_PLACEMENT_3D('placement',#6725,#5403,#5404);
#5043=AXIS2_PLACEMENT_3D('placement',#6726,#5405,#5406);
#5044=AXIS2_PLACEMENT_3D('',#6727,#5407,#5408);
#5045=AXIS2_PLACEMENT_3D('',#6738,#5413,#5414);
#5046=AXIS2_PLACEMENT_3D('',#6742,#5416,#5417);
#5047=AXIS2_PLACEMENT_3D('',#6746,#5419,#5420);
#5048=AXIS2_PLACEMENT_3D('',#6750,#5422,#5423);
#5049=AXIS2_PLACEMENT_3D('',#6752,#5425,#5426);
#5050=AXIS2_PLACEMENT_3D('',#6782,#5442,#5443);
#5051=AXIS2_PLACEMENT_3D('',#6786,#5446,#5447);
#5052=AXIS2_PLACEMENT_3D('',#6792,#5451,#5452);
#5053=AXIS2_PLACEMENT_3D('',#6794,#5453,#5454);
#5054=AXIS2_PLACEMENT_3D('',#6798,#5456,#5457);
#5055=AXIS2_PLACEMENT_3D('',#6802,#5459,#5460);
#5056=AXIS2_PLACEMENT_3D('',#6805,#5462,#5463);
#5057=AXIS2_PLACEMENT_3D('',#6870,#5496,#5497);
#5058=AXIS2_PLACEMENT_3D('',#6876,#5501,#5502);
#5059=AXIS2_PLACEMENT_3D('',#6880,#5505,#5506);
#5060=AXIS2_PLACEMENT_3D('',#6883,#5509,#5510);
#5061=AXIS2_PLACEMENT_3D('',#6885,#5512,#5513);
#5062=AXIS2_PLACEMENT_3D('',#6887,#5515,#5516);
#5063=AXIS2_PLACEMENT_3D('',#6888,#5517,#5518);
#5064=AXIS2_PLACEMENT_3D('',#6894,#5522,#5523);
#5065=AXIS2_PLACEMENT_3D('',#6906,#5530,#5531);
#5066=AXIS2_PLACEMENT_3D('',#6912,#5535,#5536);
#5067=AXIS2_PLACEMENT_3D('',#6924,#5543,#5544);
#5068=AXIS2_PLACEMENT_3D('',#6930,#5548,#5549);
#5069=AXIS2_PLACEMENT_3D('',#6942,#5556,#5557);
#5070=AXIS2_PLACEMENT_3D('',#6948,#5561,#5562);
#5071=AXIS2_PLACEMENT_3D('',#6960,#5569,#5570);
#5072=AXIS2_PLACEMENT_3D('',#6966,#5574,#5575);
#5073=AXIS2_PLACEMENT_3D('',#6978,#5582,#5583);
#5074=AXIS2_PLACEMENT_3D('',#6984,#5587,#5588);
#5075=AXIS2_PLACEMENT_3D('',#6996,#5595,#5596);
#5076=AXIS2_PLACEMENT_3D('',#7002,#5600,#5601);
#5077=AXIS2_PLACEMENT_3D('',#7014,#5608,#5609);
#5078=AXIS2_PLACEMENT_3D('',#7016,#5611,#5612);
#5079=AXIS2_PLACEMENT_3D('',#7018,#5614,#5615);
#5080=AXIS2_PLACEMENT_3D('',#7019,#5616,#5617);
#5081=AXIS2_PLACEMENT_3D('',#7028,#5622,#5623);
#5082=AXIS2_PLACEMENT_3D('',#7034,#5627,#5628);
#5083=AXIS2_PLACEMENT_3D('',#7040,#5632,#5633);
#5084=AXIS2_PLACEMENT_3D('',#7043,#5636,#5637);
#5085=AXIS2_PLACEMENT_3D('',#7047,#5640,#5641);
#5086=AXIS2_PLACEMENT_3D('',#7053,#5645,#5646);
#5087=AXIS2_PLACEMENT_3D('',#7059,#5650,#5651);
#5088=AXIS2_PLACEMENT_3D('',#7060,#5652,#5653);
#5089=AXIS2_PLACEMENT_3D('',#7061,#5654,#5655);
#5090=AXIS2_PLACEMENT_3D('',#7062,#5656,#5657);
#5091=AXIS2_PLACEMENT_3D('',#7064,#5658,#5659);
#5092=AXIS2_PLACEMENT_3D('',#7068,#5662,#5663);
#5093=AXIS2_PLACEMENT_3D('',#7070,#5664,#5665);
#5094=AXIS2_PLACEMENT_3D('',#7072,#5667,#5668);
#5095=AXIS2_PLACEMENT_3D('',#7076,#5671,#5672);
#5096=AXIS2_PLACEMENT_3D('',#7080,#5675,#5676);
#5097=AXIS2_PLACEMENT_3D('',#7082,#5678,#5679);
#5098=AXIS2_PLACEMENT_3D('',#7084,#5681,#5682);
#5099=AXIS2_PLACEMENT_3D('',#7085,#5683,#5684);
#5100=AXIS2_PLACEMENT_3D('',#7091,#5688,#5689);
#5101=AXIS2_PLACEMENT_3D('',#7097,#5693,#5694);
#5102=AXIS2_PLACEMENT_3D('',#7098,#5695,#5696);
#5103=AXIS2_PLACEMENT_3D('',#7099,#5697,#5698);
#5104=AXIS2_PLACEMENT_3D('',#7100,#5699,#5700);
#5105=AXIS2_PLACEMENT_3D('',#7102,#5701,#5702);
#5106=AXIS2_PLACEMENT_3D('',#7106,#5705,#5706);
#5107=AXIS2_PLACEMENT_3D('',#7108,#5707,#5708);
#5108=AXIS2_PLACEMENT_3D('',#7110,#5710,#5711);
#5109=AXIS2_PLACEMENT_3D('',#7114,#5714,#5715);
#5110=AXIS2_PLACEMENT_3D('',#7118,#5718,#5719);
#5111=AXIS2_PLACEMENT_3D('',#7120,#5721,#5722);
#5112=AXIS2_PLACEMENT_3D('',#7122,#5724,#5725);
#5113=AXIS2_PLACEMENT_3D('',#7123,#5726,#5727);
#5114=AXIS2_PLACEMENT_3D('',#7132,#5732,#5733);
#5115=AXIS2_PLACEMENT_3D('',#7141,#5738,#5739);
#5116=AXIS2_PLACEMENT_3D('',#7142,#5740,#5741);
#5117=AXIS2_PLACEMENT_3D('',#7143,#5742,#5743);
#5118=AXIS2_PLACEMENT_3D('',#7144,#5744,#5745);
#5119=AXIS2_PLACEMENT_3D('',#7147,#5747,#5748);
#5120=AXIS2_PLACEMENT_3D('',#7151,#5751,#5752);
#5121=AXIS2_PLACEMENT_3D('',#7153,#5753,#5754);
#5122=AXIS2_PLACEMENT_3D('',#7155,#5756,#5757);
#5123=AXIS2_PLACEMENT_3D('',#7160,#5761,#5762);
#5124=AXIS2_PLACEMENT_3D('',#7164,#5765,#5766);
#5125=AXIS2_PLACEMENT_3D('',#7166,#5768,#5769);
#5126=AXIS2_PLACEMENT_3D('',#7168,#5771,#5772);
#5127=AXIS2_PLACEMENT_3D('',#7169,#5773,#5774);
#5128=AXIS2_PLACEMENT_3D('',#7178,#5779,#5780);
#5129=AXIS2_PLACEMENT_3D('',#7187,#5785,#5786);
#5130=AXIS2_PLACEMENT_3D('',#7188,#5787,#5788);
#5131=AXIS2_PLACEMENT_3D('',#7189,#5789,#5790);
#5132=AXIS2_PLACEMENT_3D('',#7190,#5791,#5792);
#5133=AXIS2_PLACEMENT_3D('',#7193,#5794,#5795);
#5134=AXIS2_PLACEMENT_3D('',#7197,#5798,#5799);
#5135=AXIS2_PLACEMENT_3D('',#7199,#5800,#5801);
#5136=AXIS2_PLACEMENT_3D('',#7201,#5803,#5804);
#5137=AXIS2_PLACEMENT_3D('',#7206,#5808,#5809);
#5138=AXIS2_PLACEMENT_3D('',#7210,#5812,#5813);
#5139=AXIS2_PLACEMENT_3D('',#7212,#5815,#5816);
#5140=AXIS2_PLACEMENT_3D('',#7214,#5818,#5819);
#5141=AXIS2_PLACEMENT_3D('',#7215,#5820,#5821);
#5142=AXIS2_PLACEMENT_3D('',#7224,#5826,#5827);
#5143=AXIS2_PLACEMENT_3D('',#7233,#5832,#5833);
#5144=AXIS2_PLACEMENT_3D('',#7234,#5834,#5835);
#5145=AXIS2_PLACEMENT_3D('',#7235,#5836,#5837);
#5146=AXIS2_PLACEMENT_3D('',#7236,#5838,#5839);
#5147=AXIS2_PLACEMENT_3D('',#7239,#5841,#5842);
#5148=AXIS2_PLACEMENT_3D('',#7243,#5845,#5846);
#5149=AXIS2_PLACEMENT_3D('',#7245,#5847,#5848);
#5150=AXIS2_PLACEMENT_3D('',#7247,#5850,#5851);
#5151=AXIS2_PLACEMENT_3D('',#7252,#5855,#5856);
#5152=AXIS2_PLACEMENT_3D('',#7256,#5859,#5860);
#5153=AXIS2_PLACEMENT_3D('',#7258,#5862,#5863);
#5154=AXIS2_PLACEMENT_3D('',#7260,#5865,#5866);
#5155=AXIS2_PLACEMENT_3D('',#7261,#5867,#5868);
#5156=AXIS2_PLACEMENT_3D('',#7265,#5871,#5872);
#5157=AXIS2_PLACEMENT_3D('',#7272,#5875,#5876);
#5158=AXIS2_PLACEMENT_3D('',#7277,#5879,#5880);
#5159=AXIS2_PLACEMENT_3D('',#7279,#5882,#5883);
#5160=AXIS2_PLACEMENT_3D('',#7285,#5887,#5888);
#5161=AXIS2_PLACEMENT_3D('',#7292,#5893,#5894);
#5162=AXIS2_PLACEMENT_3D('',#7295,#5896,#5897);
#5163=AXIS2_PLACEMENT_3D('',#7298,#5899,#5900);
#5164=AXIS2_PLACEMENT_3D('',#7300,#5902,#5903);
#5165=AXIS2_PLACEMENT_3D('',#7302,#5905,#5906);
#5166=AXIS2_PLACEMENT_3D('',#7304,#5908,#5909);
#5167=AXIS2_PLACEMENT_3D('',#7305,#5910,#5911);
#5168=AXIS2_PLACEMENT_3D('',#7306,#5912,#5913);
#5169=AXIS2_PLACEMENT_3D('',#7307,#5914,#5915);
#5170=AXIS2_PLACEMENT_3D('',#7311,#5918,#5919);
#5171=AXIS2_PLACEMENT_3D('',#7315,#5921,#5922);
#5172=AXIS2_PLACEMENT_3D('',#7320,#5925,#5926);
#5173=AXIS2_PLACEMENT_3D('',#7322,#5928,#5929);
#5174=AXIS2_PLACEMENT_3D('',#7326,#5932,#5933);
#5175=AXIS2_PLACEMENT_3D('',#7333,#5938,#5939);
#5176=AXIS2_PLACEMENT_3D('',#7334,#5940,#5941);
#5177=AXIS2_PLACEMENT_3D('',#7337,#5943,#5944);
#5178=AXIS2_PLACEMENT_3D('',#7339,#5946,#5947);
#5179=AXIS2_PLACEMENT_3D('',#7341,#5949,#5950);
#5180=AXIS2_PLACEMENT_3D('',#7342,#5951,#5952);
#5181=AXIS2_PLACEMENT_3D('',#7343,#5953,#5954);
#5182=AXIS2_PLACEMENT_3D('',#7344,#5955,#5956);
#5183=AXIS2_PLACEMENT_3D('',#7345,#5957,#5958);
#5184=AXIS2_PLACEMENT_3D('',#7349,#5961,#5962);
#5185=AXIS2_PLACEMENT_3D('',#7351,#5964,#5965);
#5186=AXIS2_PLACEMENT_3D('',#7353,#5967,#5968);
#5187=AXIS2_PLACEMENT_3D('',#7354,#5969,#5970);
#5188=AXIS2_PLACEMENT_3D('placement',#7355,#5971,#5972);
#5189=AXIS2_PLACEMENT_3D('',#7356,#5973,#5974);
#5190=AXIS2_PLACEMENT_3D('',#7365,#5979,#5980);
#5191=AXIS2_PLACEMENT_3D('',#7371,#5984,#5985);
#5192=AXIS2_PLACEMENT_3D('',#7383,#5992,#5993);
#5193=AXIS2_PLACEMENT_3D('',#7392,#5998,#5999);
#5194=AXIS2_PLACEMENT_3D('',#7396,#6001,#6002);
#5195=AXIS2_PLACEMENT_3D('',#7397,#6003,#6004);
#5196=AXIS2_PLACEMENT_3D('',#7398,#6005,#6006);
#5197=AXIS2_PLACEMENT_3D('',#7404,#6010,#6011);
#5198=AXIS2_PLACEMENT_3D('',#7413,#6016,#6017);
#5199=AXIS2_PLACEMENT_3D('',#7415,#6018,#6019);
#5200=AXIS2_PLACEMENT_3D('',#7418,#6021,#6022);
#5201=AXIS2_PLACEMENT_3D('',#7419,#6023,#6024);
#5202=AXIS2_PLACEMENT_3D('',#7425,#6028,#6029);
#5203=AXIS2_PLACEMENT_3D('',#7429,#6031,#6032);
#5204=AXIS2_PLACEMENT_3D('',#7433,#6034,#6035);
#5205=AXIS2_PLACEMENT_3D('',#7438,#6038,#6039);
#5206=AXIS2_PLACEMENT_3D('',#7442,#6041,#6042);
#5207=AXIS2_PLACEMENT_3D('',#7444,#6044,#6045);
#5208=AXIS2_PLACEMENT_3D('',#7447,#6048,#6049);
#5209=AXIS2_PLACEMENT_3D('',#7449,#6051,#6052);
#5210=AXIS2_PLACEMENT_3D('',#7453,#6055,#6056);
#5211=AXIS2_PLACEMENT_3D('',#7455,#6057,#6058);
#5212=AXIS2_PLACEMENT_3D('',#7458,#6060,#6061);
#5213=AXIS2_PLACEMENT_3D('',#7464,#6064,#6065);
#5214=AXIS2_PLACEMENT_3D('',#7468,#6067,#6068);
#5215=AXIS2_PLACEMENT_3D('',#7470,#6070,#6071);
#5216=AXIS2_PLACEMENT_3D('',#7473,#6074,#6075);
#5217=AXIS2_PLACEMENT_3D('',#7475,#6077,#6078);
#5218=AXIS2_PLACEMENT_3D('',#7477,#6080,#6081);
#5219=AXIS2_PLACEMENT_3D('',#7479,#6083,#6084);
#5220=AXIS2_PLACEMENT_3D('',#7481,#6086,#6087);
#5221=AXIS2_PLACEMENT_3D('',#7483,#6089,#6090);
#5222=AXIS2_PLACEMENT_3D('',#7484,#6091,#6092);
#5223=AXIS2_PLACEMENT_3D('',#7487,#6095,#6096);
#5224=AXIS2_PLACEMENT_3D('',#7488,#6097,#6098);
#5225=AXIS2_PLACEMENT_3D('',#7492,#6101,#6102);
#5226=AXIS2_PLACEMENT_3D('',#7494,#6104,#6105);
#5227=AXIS2_PLACEMENT_3D('',#7496,#6107,#6108);
#5228=AXIS2_PLACEMENT_3D('',#7497,#6109,#6110);
#5229=AXIS2_PLACEMENT_3D('',#7498,#6111,#6112);
#5230=AXIS2_PLACEMENT_3D('',#7499,#6113,#6114);
#5231=AXIS2_PLACEMENT_3D('',#7500,#6115,#6116);
#5232=AXIS2_PLACEMENT_3D('',#7501,#6117,#6118);
#5233=AXIS2_PLACEMENT_3D('',#7502,#6119,#6120);
#5234=AXIS2_PLACEMENT_3D('',#7503,#6121,#6122);
#5235=AXIS2_PLACEMENT_3D('',#7504,#6123,#6124);
#5236=AXIS2_PLACEMENT_3D('',#7505,#6125,#6126);
#5237=AXIS2_PLACEMENT_3D('placement',#7506,#6127,#6128);
#5238=AXIS2_PLACEMENT_3D('',#7507,#6129,#6130);
#5239=AXIS2_PLACEMENT_3D('',#7516,#6135,#6136);
#5240=AXIS2_PLACEMENT_3D('',#7522,#6140,#6141);
#5241=AXIS2_PLACEMENT_3D('',#7524,#6142,#6143);
#5242=AXIS2_PLACEMENT_3D('',#7527,#6145,#6146);
#5243=AXIS2_PLACEMENT_3D('',#7528,#6147,#6148);
#5244=AXIS2_PLACEMENT_3D('',#7534,#6152,#6153);
#5245=AXIS2_PLACEMENT_3D('',#7536,#6154,#6155);
#5246=AXIS2_PLACEMENT_3D('',#7539,#6157,#6158);
#5247=AXIS2_PLACEMENT_3D('',#7540,#6159,#6160);
#5248=AXIS2_PLACEMENT_3D('',#7543,#6163,#6164);
#5249=AXIS2_PLACEMENT_3D('',#7544,#6165,#6166);
#5250=AXIS2_PLACEMENT_3D('',#7547,#6167,#6168);
#5251=AXIS2_PLACEMENT_3D('',#7551,#6170,#6171);
#5252=AXIS2_PLACEMENT_3D('',#7553,#6173,#6174);
#5253=AXIS2_PLACEMENT_3D('',#7559,#6178,#6179);
#5254=AXIS2_PLACEMENT_3D('',#7561,#6180,#6181);
#5255=AXIS2_PLACEMENT_3D('',#7563,#6182,#6183);
#5256=AXIS2_PLACEMENT_3D('',#7565,#6185,#6186);
#5257=AXIS2_PLACEMENT_3D('',#7571,#6190,#6191);
#5258=AXIS2_PLACEMENT_3D('',#7573,#6192,#6193);
#5259=AXIS2_PLACEMENT_3D('',#7575,#6194,#6195);
#5260=AXIS2_PLACEMENT_3D('',#7577,#6197,#6198);
#5261=AXIS2_PLACEMENT_3D('',#7583,#6202,#6203);
#5262=AXIS2_PLACEMENT_3D('',#7585,#6204,#6205);
#5263=AXIS2_PLACEMENT_3D('',#7587,#6206,#6207);
#5264=AXIS2_PLACEMENT_3D('',#7589,#6209,#6210);
#5265=AXIS2_PLACEMENT_3D('',#7592,#6213,#6214);
#5266=AXIS2_PLACEMENT_3D('',#7601,#6219,#6220);
#5267=AXIS2_PLACEMENT_3D('',#7607,#6224,#6225);
#5268=AXIS2_PLACEMENT_3D('',#7613,#6229,#6230);
#5269=AXIS2_PLACEMENT_3D('',#7619,#6234,#6235);
#5270=AXIS2_PLACEMENT_3D('',#7625,#6239,#6240);
#5271=AXIS2_PLACEMENT_3D('',#7631,#6244,#6245);
#5272=AXIS2_PLACEMENT_3D('',#7637,#6249,#6250);
#5273=AXIS2_PLACEMENT_3D('',#7639,#6251,#6252);
#5274=AXIS2_PLACEMENT_3D('',#7641,#6253,#6254);
#5275=AXIS2_PLACEMENT_3D('',#7643,#6256,#6257);
#5276=AXIS2_PLACEMENT_3D('',#7649,#6261,#6262);
#5277=AXIS2_PLACEMENT_3D('',#7651,#6263,#6264);
#5278=AXIS2_PLACEMENT_3D('',#7653,#6265,#6266);
#5279=AXIS2_PLACEMENT_3D('',#7655,#6268,#6269);
#5280=AXIS2_PLACEMENT_3D('',#7661,#6273,#6274);
#5281=AXIS2_PLACEMENT_3D('',#7664,#6277,#6278);
#5282=AXIS2_PLACEMENT_3D('',#7673,#6283,#6284);
#5283=AXIS2_PLACEMENT_3D('',#7679,#6288,#6289);
#5284=AXIS2_PLACEMENT_3D('',#7685,#6293,#6294);
#5285=AXIS2_PLACEMENT_3D('',#7691,#6298,#6299);
#5286=AXIS2_PLACEMENT_3D('',#7697,#6303,#6304);
#5287=AXIS2_PLACEMENT_3D('',#7703,#6308,#6309);
#5288=AXIS2_PLACEMENT_3D('',#7709,#6313,#6314);
#5289=AXIS2_PLACEMENT_3D('',#7715,#6318,#6319);
#5290=AXIS2_PLACEMENT_3D('',#7721,#6323,#6324);
#5291=AXIS2_PLACEMENT_3D('',#7727,#6328,#6329);
#5292=AXIS2_PLACEMENT_3D('',#7733,#6333,#6334);
#5293=AXIS2_PLACEMENT_3D('',#7739,#6338,#6339);
#5294=AXIS2_PLACEMENT_3D('',#7742,#6342,#6343);
#5295=AXIS2_PLACEMENT_3D('',#7751,#6348,#6349);
#5296=AXIS2_PLACEMENT_3D('',#7757,#6353,#6354);
#5297=AXIS2_PLACEMENT_3D('',#7763,#6358,#6359);
#5298=AXIS2_PLACEMENT_3D('',#7769,#6363,#6364);
#5299=AXIS2_PLACEMENT_3D('',#7775,#6368,#6369);
#5300=AXIS2_PLACEMENT_3D('',#7781,#6373,#6374);
#5301=AXIS2_PLACEMENT_3D('',#7787,#6378,#6379);
#5302=AXIS2_PLACEMENT_3D('',#7793,#6383,#6384);
#5303=AXIS2_PLACEMENT_3D('',#7799,#6388,#6389);
#5304=AXIS2_PLACEMENT_3D('',#7805,#6393,#6394);
#5305=AXIS2_PLACEMENT_3D('',#7811,#6398,#6399);
#5306=AXIS2_PLACEMENT_3D('',#7814,#6402,#6403);
#5307=AXIS2_PLACEMENT_3D('',#7823,#6408,#6409);
#5308=AXIS2_PLACEMENT_3D('',#7829,#6413,#6414);
#5309=AXIS2_PLACEMENT_3D('',#7835,#6418,#6419);
#5310=AXIS2_PLACEMENT_3D('',#7837,#6420,#6421);
#5311=AXIS2_PLACEMENT_3D('',#7839,#6422,#6423);
#5312=AXIS2_PLACEMENT_3D('',#7841,#6425,#6426);
#5313=AXIS2_PLACEMENT_3D('',#7847,#6430,#6431);
#5314=AXIS2_PLACEMENT_3D('',#7849,#6432,#6433);
#5315=AXIS2_PLACEMENT_3D('',#7851,#6434,#6435);
#5316=AXIS2_PLACEMENT_3D('',#7853,#6437,#6438);
#5317=AXIS2_PLACEMENT_3D('',#7859,#6442,#6443);
#5318=AXIS2_PLACEMENT_3D('',#7861,#6444,#6445);
#5319=AXIS2_PLACEMENT_3D('',#7863,#6446,#6447);
#5320=AXIS2_PLACEMENT_3D('',#7865,#6449,#6450);
#5321=AXIS2_PLACEMENT_3D('',#7871,#6454,#6455);
#5322=AXIS2_PLACEMENT_3D('',#7873,#6456,#6457);
#5323=AXIS2_PLACEMENT_3D('',#7875,#6458,#6459);
#5324=AXIS2_PLACEMENT_3D('',#7877,#6461,#6462);
#5325=AXIS2_PLACEMENT_3D('',#7883,#6466,#6467);
#5326=AXIS2_PLACEMENT_3D('',#7889,#6471,#6472);
#5327=AXIS2_PLACEMENT_3D('',#7895,#6476,#6477);
#5328=AXIS2_PLACEMENT_3D('',#7901,#6481,#6482);
#5329=AXIS2_PLACEMENT_3D('',#7907,#6486,#6487);
#5330=AXIS2_PLACEMENT_3D('',#7910,#6490,#6491);
#5331=AXIS2_PLACEMENT_3D('',#7919,#6496,#6497);
#5332=AXIS2_PLACEMENT_3D('',#7925,#6501,#6502);
#5333=AXIS2_PLACEMENT_3D('',#7931,#6506,#6507);
#5334=AXIS2_PLACEMENT_3D('',#7934,#6510,#6511);
#5335=AXIS2_PLACEMENT_3D('',#7943,#6516,#6517);
#5336=AXIS2_PLACEMENT_3D('',#7949,#6521,#6522);
#5337=AXIS2_PLACEMENT_3D('',#7955,#6526,#6527);
#5338=AXIS2_PLACEMENT_3D('',#7958,#6530,#6531);
#5339=AXIS2_PLACEMENT_3D('',#7967,#6536,#6537);
#5340=AXIS2_PLACEMENT_3D('',#7973,#6541,#6542);
#5341=AXIS2_PLACEMENT_3D('',#7979,#6546,#6547);
#5342=AXIS2_PLACEMENT_3D('',#7982,#6550,#6551);
#5343=AXIS2_PLACEMENT_3D('',#7991,#6556,#6557);
#5344=AXIS2_PLACEMENT_3D('',#7997,#6561,#6562);
#5345=AXIS2_PLACEMENT_3D('',#8003,#6566,#6567);
#5346=AXIS2_PLACEMENT_3D('',#8006,#6570,#6571);
#5347=AXIS2_PLACEMENT_3D('',#8007,#6572,#6573);
#5348=AXIS2_PLACEMENT_3D('',#8016,#6578,#6579);
#5349=AXIS2_PLACEMENT_3D('',#8022,#6583,#6584);
#5350=AXIS2_PLACEMENT_3D('',#8028,#6588,#6589);
#5351=AXIS2_PLACEMENT_3D('',#8031,#6592,#6593);
#5352=AXIS2_PLACEMENT_3D('',#8032,#6594,#6595);
#5353=AXIS2_PLACEMENT_3D('',#8041,#6600,#6601);
#5354=AXIS2_PLACEMENT_3D('',#8042,#6602,#6603);
#5355=AXIS2_PLACEMENT_3D('',#8043,#6604,#6605);
#5356=AXIS2_PLACEMENT_3D('',#8044,#6606,#6607);
#5357=AXIS2_PLACEMENT_3D('',#8045,#6608,#6609);
#5358=AXIS2_PLACEMENT_3D('',#8046,#6610,#6611);
#5359=AXIS2_PLACEMENT_3D('',#8047,#6612,#6613);
#5360=AXIS2_PLACEMENT_3D('',#8048,#6614,#6615);
#5361=AXIS2_PLACEMENT_3D('',#8051,#6616,#6617);
#5362=AXIS2_PLACEMENT_3D('',#8053,#6618,#6619);
#5363=AXIS2_PLACEMENT_3D('',#8054,#6620,#6621);
#5364=AXIS2_PLACEMENT_3D('',#8055,#6622,#6623);
#5365=AXIS2_PLACEMENT_3D('',#8058,#6624,#6625);
#5366=AXIS2_PLACEMENT_3D('',#8061,#6628,#6629);
#5367=AXIS2_PLACEMENT_3D('',#8064,#6630,#6631);
#5368=AXIS2_PLACEMENT_3D('',#8066,#6632,#6633);
#5369=AXIS2_PLACEMENT_3D('',#8067,#6634,#6635);
#5370=AXIS2_PLACEMENT_3D('',#8068,#6636,#6637);
#5371=AXIS2_PLACEMENT_3D('',#8071,#6638,#6639);
#5372=AXIS2_PLACEMENT_3D('',#8074,#6642,#6643);
#5373=AXIS2_PLACEMENT_3D('',#8077,#6646,#6647);
#5374=AXIS2_PLACEMENT_3D('',#8080,#6648,#6649);
#5375=AXIS2_PLACEMENT_3D('',#8082,#6650,#6651);
#5376=AXIS2_PLACEMENT_3D('',#8083,#6652,#6653);
#5377=AXIS2_PLACEMENT_3D('',#8084,#6654,#6655);
#5378=AXIS2_PLACEMENT_3D('',#8087,#6656,#6657);
#5379=AXIS2_PLACEMENT_3D('',#8090,#6660,#6661);
#5380=AXIS2_PLACEMENT_3D('',#8093,#6662,#6663);
#5381=AXIS2_PLACEMENT_3D('',#8095,#6664,#6665);
#5382=AXIS2_PLACEMENT_3D('',#8096,#6666,#6667);
#5383=AXIS2_PLACEMENT_3D('',#8097,#6668,#6669);
#5384=AXIS2_PLACEMENT_3D('',#8100,#6670,#6671);
#5385=AXIS2_PLACEMENT_3D('',#8103,#6674,#6675);
#5386=AXIS2_PLACEMENT_3D('',#8106,#6678,#6679);
#5387=AXIS2_PLACEMENT_3D('',#8109,#6682,#6683);
#5388=AXIS2_PLACEMENT_3D('',#8112,#6686,#6687);
#5389=AXIS2_PLACEMENT_3D('',#8114,#6689,#6690);
#5390=AXIS2_PLACEMENT_3D('',#8116,#6692,#6693);
#5391=AXIS2_PLACEMENT_3D('',#8117,#6694,#6695);
#5392=AXIS2_PLACEMENT_3D('',#8119,#6697,#6698);
#5393=AXIS2_PLACEMENT_3D('',#8121,#6700,#6701);
#5394=AXIS2_PLACEMENT_3D('',#8127,#6705,#6706);
#5395=AXIS2_PLACEMENT_3D('',#8131,#6709,#6710);
#5396=AXIS2_PLACEMENT_3D('',#8135,#6713,#6714);
#5397=AXIS2_PLACEMENT_3D('',#8137,#6716,#6717);
#5398=AXIS2_PLACEMENT_3D('',#8138,#6718,#6719);
#5399=AXIS2_PLACEMENT_3D('',#8139,#6720,#6721);
#5400=AXIS2_PLACEMENT_3D('',#8140,#6722,#6723);
#5401=DIRECTION('axis',(0.,0.,1.));
#5402=DIRECTION('refdir',(1.,0.,0.));
#5403=DIRECTION('axis',(0.,0.,1.));
#5404=DIRECTION('refdir',(1.,0.,0.));
#5405=DIRECTION('axis',(0.,0.,1.));
#5406=DIRECTION('refdir',(1.,0.,0.));
#5407=DIRECTION('center_axis',(0.,-1.,0.));
#5408=DIRECTION('ref_axis',(0.,0.,-1.));
#5409=DIRECTION('',(0.,0.,-1.));
#5410=DIRECTION('',(-1.,0.,0.));
#5411=DIRECTION('',(0.,0.,1.));
#5412=DIRECTION('',(1.,0.,0.));
#5413=DIRECTION('center_axis',(0.,1.,0.));
#5414=DIRECTION('ref_axis',(1.,0.,0.));
#5415=DIRECTION('',(0.,0.,1.));
#5416=DIRECTION('center_axis',(0.,1.,0.));
#5417=DIRECTION('ref_axis',(4.44089209850064E-15,0.,1.));
#5418=DIRECTION('',(-1.,0.,0.));
#5419=DIRECTION('center_axis',(0.,1.,0.));
#5420=DIRECTION('ref_axis',(-1.,0.,0.));
#5421=DIRECTION('',(9.61232055952516E-17,0.,-1.));
#5422=DIRECTION('center_axis',(0.,1.,0.));
#5423=DIRECTION('ref_axis',(-4.44089209850064E-15,0.,-1.));
#5424=DIRECTION('',(1.,0.,0.));
#5425=DIRECTION('center_axis',(0.,0.,-1.));
#5426=DIRECTION('ref_axis',(1.,0.,0.));
#5427=DIRECTION('',(0.,-1.,0.));
#5428=DIRECTION('',(1.,0.,0.));
#5429=DIRECTION('',(0.,1.,0.));
#5430=DIRECTION('',(0.,-1.,0.));
#5431=DIRECTION('',(1.,0.,0.));
#5432=DIRECTION('',(0.,1.,0.));
#5433=DIRECTION('',(-1.,0.,0.));
#5434=DIRECTION('',(-1.,0.,0.));
#5435=DIRECTION('',(0.,-1.,0.));
#5436=DIRECTION('',(1.,0.,0.));
#5437=DIRECTION('',(0.,1.,0.));
#5438=DIRECTION('',(-1.,0.,0.));
#5439=DIRECTION('',(0.,-1.,0.));
#5440=DIRECTION('',(1.,0.,0.));
#5441=DIRECTION('',(0.,1.,0.));
#5442=DIRECTION('center_axis',(1.,0.,0.));
#5443=DIRECTION('ref_axis',(0.,0.,1.));
#5444=DIRECTION('',(0.,-1.,0.));
#5445=DIRECTION('',(0.,0.,1.));
#5446=DIRECTION('center_axis',(1.,0.,0.));
#5447=DIRECTION('ref_axis',(0.,0.,-1.));
#5448=DIRECTION('',(0.,-1.,0.));
#5449=DIRECTION('',(0.,0.,1.));
#5450=DIRECTION('',(0.,1.,0.));
#5451=DIRECTION('center_axis',(0.,1.,0.));
#5452=DIRECTION('ref_axis',(0.,0.,1.));
#5453=DIRECTION('center_axis',(0.,-1.,0.));
#5454=DIRECTION('ref_axis',(0.707106781186548,0.,-0.707106781186548));
#5455=DIRECTION('',(1.,0.,0.));
#5456=DIRECTION('center_axis',(0.,-1.,0.));
#5457=DIRECTION('ref_axis',(-0.707106781186548,0.,-0.707106781186548));
#5458=DIRECTION('',(0.,0.,-1.));
#5459=DIRECTION('center_axis',(0.,-1.,0.));
#5460=DIRECTION('ref_axis',(-0.707106781186548,0.,0.707106781186548));
#5461=DIRECTION('',(-1.,0.,0.));
#5462=DIRECTION('center_axis',(0.,-1.,0.));
#5463=DIRECTION('ref_axis',(0.707106781186548,0.,0.707106781186548));
#5464=DIRECTION('',(0.,0.,-1.));
#5465=DIRECTION('',(1.,0.,0.));
#5466=DIRECTION('',(0.,0.,1.));
#5467=DIRECTION('',(-1.,0.,0.));
#5468=DIRECTION('',(0.,0.,-1.));
#5469=DIRECTION('',(1.,0.,0.));
#5470=DIRECTION('',(0.,0.,1.));
#5471=DIRECTION('',(-1.,0.,0.));
#5472=DIRECTION('',(-8.88375102652399E-18,0.,1.));
#5473=DIRECTION('',(-1.,0.,-8.88375102652399E-18));
#5474=DIRECTION('',(8.88375102652399E-18,0.,-1.));
#5475=DIRECTION('',(1.,0.,8.88375102652399E-18));
#5476=DIRECTION('',(-8.88375102652399E-18,0.,1.));
#5477=DIRECTION('',(-1.,0.,-8.88375102652399E-18));
#5478=DIRECTION('',(8.88375102652399E-18,0.,-1.));
#5479=DIRECTION('',(1.,0.,8.88375102652399E-18));
#5480=DIRECTION('',(-8.88375102652399E-18,0.,1.));
#5481=DIRECTION('',(-1.,0.,-8.88375102652399E-18));
#5482=DIRECTION('',(8.88375102652399E-18,0.,-1.));
#5483=DIRECTION('',(1.,0.,8.88375102652399E-18));
#5484=DIRECTION('',(8.88375102652399E-18,0.,-1.));
#5485=DIRECTION('',(1.,0.,8.88375102652399E-18));
#5486=DIRECTION('',(-8.88375102652399E-18,0.,1.));
#5487=DIRECTION('',(-1.,0.,-8.88375102652399E-18));
#5488=DIRECTION('',(0.,0.,1.));
#5489=DIRECTION('',(-1.,0.,0.));
#5490=DIRECTION('',(0.,0.,-1.));
#5491=DIRECTION('',(1.,0.,0.));
#5492=DIRECTION('',(0.,0.,-1.));
#5493=DIRECTION('',(1.,0.,0.));
#5494=DIRECTION('',(0.,0.,1.));
#5495=DIRECTION('',(-1.,0.,0.));
#5496=DIRECTION('center_axis',(0.,0.,1.));
#5497=DIRECTION('ref_axis',(1.,0.,0.));
#5498=DIRECTION('',(0.,1.,0.));
#5499=DIRECTION('',(1.,0.,0.));
#5500=DIRECTION('',(0.,1.,0.));
#5501=DIRECTION('center_axis',(1.,0.,0.));
#5502=DIRECTION('ref_axis',(0.,0.,-1.));
#5503=DIRECTION('',(0.,1.,0.));
#5504=DIRECTION('',(0.,0.,-1.));
#5505=DIRECTION('center_axis',(-1.,0.,0.));
#5506=DIRECTION('ref_axis',(0.,0.,1.));
#5507=DIRECTION('',(0.,-1.,0.));
#5508=DIRECTION('',(0.,1.,0.));
#5509=DIRECTION('center_axis',(0.,1.,0.));
#5510=DIRECTION('ref_axis',(-0.707106781186548,0.,-0.707106781186548));
#5511=DIRECTION('',(0.,-1.,0.));
#5512=DIRECTION('center_axis',(0.,0.,-1.));
#5513=DIRECTION('ref_axis',(-1.,0.,0.));
#5514=DIRECTION('',(0.,1.,0.));
#5515=DIRECTION('center_axis',(0.,1.,0.));
#5516=DIRECTION('ref_axis',(0.707106781186548,0.,-0.707106781186548));
#5517=DIRECTION('center_axis',(1.,-1.81014623580189E-16,0.));
#5518=DIRECTION('ref_axis',(1.77635683940025E-16,1.,0.));
#5519=DIRECTION('',(-1.81014623580189E-16,-1.,0.));
#5520=DIRECTION('',(0.,0.,1.));
#5521=DIRECTION('',(1.81014623580189E-16,1.,0.));
#5522=DIRECTION('center_axis',(0.,0.,1.));
#5523=DIRECTION('ref_axis',(0.,1.,0.));
#5524=DIRECTION('',(9.05073117900943E-17,1.,0.));
#5525=DIRECTION('',(-0.707106781186548,0.707106781186548,0.));
#5526=DIRECTION('',(0.,-1.,0.));
#5527=DIRECTION('',(-1.,0.,0.));
#5528=DIRECTION('',(0.,1.,0.));
#5529=DIRECTION('',(-0.707106781186548,-0.707106781186547,0.));
#5530=DIRECTION('center_axis',(1.,-1.81014623580189E-16,0.));
#5531=DIRECTION('ref_axis',(1.77635683940025E-16,1.,0.));
#5532=DIRECTION('',(-1.81014623580189E-16,-1.,0.));
#5533=DIRECTION('',(0.,0.,1.));
#5534=DIRECTION('',(1.81014623580189E-16,1.,0.));
#5535=DIRECTION('center_axis',(0.,0.,1.));
#5536=DIRECTION('ref_axis',(0.,1.,0.));
#5537=DIRECTION('',(9.05073117900943E-17,1.,0.));
#5538=DIRECTION('',(-0.707106781186548,0.707106781186548,0.));
#5539=DIRECTION('',(0.,-1.,0.));
#5540=DIRECTION('',(-1.,0.,0.));
#5541=DIRECTION('',(0.,1.,0.));
#5542=DIRECTION('',(-0.707106781186548,-0.707106781186547,0.));
#5543=DIRECTION('center_axis',(-1.,-8.47148438355287E-16,-8.88375102652399E-18));
#5544=DIRECTION('ref_axis',(-8.88178419700125E-16,1.,0.));
#5545=DIRECTION('',(8.47148438355287E-16,-1.,4.52100509792625E-32));
#5546=DIRECTION('',(8.88375102652399E-18,-3.76841951704055E-32,-1.));
#5547=DIRECTION('',(-8.47148438355287E-16,1.,-4.52100509792625E-32));
#5548=DIRECTION('center_axis',(8.88375102652399E-18,-3.76841951704055E-32,
-1.));
#5549=DIRECTION('ref_axis',(-7.105427357601E-16,1.,0.));
#5550=DIRECTION('',(-7.56641126565192E-16,1.,-4.44060065552393E-32));
#5551=DIRECTION('',(0.707106781186547,0.707106781186548,6.28176059322804E-18));
#5552=DIRECTION('',(6.66133814775098E-16,-1.,4.36019621312161E-32));
#5553=DIRECTION('',(1.,6.66133814775098E-16,8.88375102652399E-18));
#5554=DIRECTION('',(-6.66133814775098E-16,1.,-4.36019621312161E-32));
#5555=DIRECTION('',(0.707106781186548,-0.707106781186547,6.2817605932281E-18));
#5556=DIRECTION('center_axis',(-1.,-8.47148438355287E-16,-8.88375102652399E-18));
#5557=DIRECTION('ref_axis',(-8.88178419700125E-16,1.,0.));
#5558=DIRECTION('',(8.47148438355287E-16,-1.,4.52100509792625E-32));
#5559=DIRECTION('',(8.88375102652399E-18,-3.76841951704055E-32,-1.));
#5560=DIRECTION('',(-8.47148438355287E-16,1.,-4.52100509792625E-32));
#5561=DIRECTION('center_axis',(8.88375102652399E-18,-3.76841951704055E-32,
-1.));
#5562=DIRECTION('ref_axis',(-7.105427357601E-16,1.,0.));
#5563=DIRECTION('',(-7.56641126565192E-16,1.,-4.44060065552393E-32));
#5564=DIRECTION('',(0.707106781186547,0.707106781186548,6.28176059322804E-18));
#5565=DIRECTION('',(6.66133814775098E-16,-1.,4.36019621312161E-32));
#5566=DIRECTION('',(1.,6.66133814775098E-16,8.88375102652399E-18));
#5567=DIRECTION('',(-6.66133814775098E-16,1.,-4.36019621312161E-32));
#5568=DIRECTION('',(0.707106781186548,-0.707106781186547,6.2817605932281E-18));
#5569=DIRECTION('center_axis',(-1.,-8.47148438355287E-16,-8.88375102652399E-18));
#5570=DIRECTION('ref_axis',(-8.88178419700125E-16,1.,0.));
#5571=DIRECTION('',(8.47148438355287E-16,-1.,4.52100509792625E-32));
#5572=DIRECTION('',(8.88375102652399E-18,-3.76841951704055E-32,-1.));
#5573=DIRECTION('',(-8.47148438355287E-16,1.,-4.52100509792625E-32));
#5574=DIRECTION('center_axis',(8.88375102652399E-18,-3.76841951704055E-32,
-1.));
#5575=DIRECTION('ref_axis',(-7.105427357601E-16,1.,0.));
#5576=DIRECTION('',(-7.56641126565192E-16,1.,-4.44060065552393E-32));
#5577=DIRECTION('',(0.707106781186547,0.707106781186548,6.28176059322804E-18));
#5578=DIRECTION('',(6.66133814775098E-16,-1.,4.36019621312161E-32));
#5579=DIRECTION('',(1.,6.66133814775098E-16,8.88375102652399E-18));
#5580=DIRECTION('',(-6.66133814775098E-16,1.,-4.36019621312161E-32));
#5581=DIRECTION('',(0.707106781186548,-0.707106781186547,6.2817605932281E-18));
#5582=DIRECTION('center_axis',(1.,7.56641126565192E-16,8.88375102652399E-18));
#5583=DIRECTION('ref_axis',(7.105427357601E-16,-1.,0.));
#5584=DIRECTION('',(7.56641126565192E-16,-1.,4.44060065552393E-32));
#5585=DIRECTION('',(8.88375102652399E-18,-3.76841951704055E-32,-1.));
#5586=DIRECTION('',(-7.56641126565192E-16,1.,-4.44060065552393E-32));
#5587=DIRECTION('center_axis',(-8.88375102652399E-18,3.76841951704055E-32,
1.));
#5588=DIRECTION('ref_axis',(7.105427357601E-16,-1.,0.));
#5589=DIRECTION('',(-8.47148438355287E-16,1.,-4.52100509792625E-32));
#5590=DIRECTION('',(-0.707106781186548,0.707106781186547,-6.2817605932281E-18));
#5591=DIRECTION('',(6.66133814775098E-16,-1.,4.36019621312161E-32));
#5592=DIRECTION('',(-1.,-6.66133814775098E-16,-8.88375102652399E-18));
#5593=DIRECTION('',(-6.66133814775098E-16,1.,-4.36019621312161E-32));
#5594=DIRECTION('',(-0.707106781186547,-0.707106781186548,-6.28176059322804E-18));
#5595=DIRECTION('center_axis',(-1.,9.05073117900943E-17,0.));
#5596=DIRECTION('ref_axis',(-8.88178419700125E-17,-1.,0.));
#5597=DIRECTION('',(-9.05073117900943E-17,-1.,0.));
#5598=DIRECTION('',(0.,0.,1.));
#5599=DIRECTION('',(9.05073117900943E-17,1.,0.));
#5600=DIRECTION('center_axis',(0.,0.,-1.));
#5601=DIRECTION('ref_axis',(0.,-1.,0.));
#5602=DIRECTION('',(1.81014623580189E-16,1.,0.));
#5603=DIRECTION('',(0.707106781186548,0.707106781186547,0.));
#5604=DIRECTION('',(0.,-1.,0.));
#5605=DIRECTION('',(1.,0.,0.));
#5606=DIRECTION('',(0.,1.,0.));
#5607=DIRECTION('',(0.707106781186548,-0.707106781186548,0.));
#5608=DIRECTION('center_axis',(0.,1.,0.));
#5609=DIRECTION('ref_axis',(-0.707106781186548,0.,0.707106781186548));
#5610=DIRECTION('',(0.,1.,0.));
#5611=DIRECTION('center_axis',(0.,0.,1.));
#5612=DIRECTION('ref_axis',(1.,0.,0.));
#5613=DIRECTION('',(0.,-1.,0.));
#5614=DIRECTION('center_axis',(0.,1.,0.));
#5615=DIRECTION('ref_axis',(0.707106781186548,0.,0.707106781186548));
#5616=DIRECTION('center_axis',(1.,0.,0.));
#5617=DIRECTION('ref_axis',(0.,0.,-1.));
#5618=DIRECTION('',(0.,0.,1.));
#5619=DIRECTION('',(0.,1.,0.));
#5620=DIRECTION('',(0.,0.,-1.));
#5621=DIRECTION('',(0.,1.,0.));
#5622=DIRECTION('center_axis',(0.,0.,1.));
#5623=DIRECTION('ref_axis',(1.,0.,0.));
#5624=DIRECTION('',(-1.,0.,0.));
#5625=DIRECTION('',(1.,0.,0.));
#5626=DIRECTION('',(0.,1.,0.));
#5627=DIRECTION('center_axis',(-1.,0.,0.));
#5628=DIRECTION('ref_axis',(0.,0.,1.));
#5629=DIRECTION('',(0.,0.,-1.));
#5630=DIRECTION('',(0.,0.,1.));
#5631=DIRECTION('',(0.,1.,0.));
#5632=DIRECTION('center_axis',(0.,0.,-1.));
#5633=DIRECTION('ref_axis',(-1.,0.,0.));
#5634=DIRECTION('',(1.,0.,0.));
#5635=DIRECTION('',(-1.,0.,0.));
#5636=DIRECTION('center_axis',(0.,-1.,0.));
#5637=DIRECTION('ref_axis',(0.,0.,-1.));
#5638=DIRECTION('',(0.,0.,-1.));
#5639=DIRECTION('',(-1.,0.,0.));
#5640=DIRECTION('center_axis',(0.,-1.,2.15193404104069E-18));
#5641=DIRECTION('ref_axis',(0.,2.15193404104069E-18,1.));
#5642=DIRECTION('',(0.,2.15193404104069E-18,1.));
#5643=DIRECTION('',(1.,0.,0.));
#5644=DIRECTION('',(0.,-2.15193404104069E-18,-1.));
#5645=DIRECTION('center_axis',(0.,1.,-1.97494497239839E-16));
#5646=DIRECTION('ref_axis',(0.,-1.97064586870965E-16,-1.));
#5647=DIRECTION('',(0.,1.97494497239839E-16,1.));
#5648=DIRECTION('',(-1.,0.,0.));
#5649=DIRECTION('',(0.,-1.97494497239839E-16,-1.));
#5650=DIRECTION('center_axis',(-1.,0.,0.));
#5651=DIRECTION('ref_axis',(0.,-0.707106781186549,0.707106781186546));
#5652=DIRECTION('center_axis',(1.,0.,0.));
#5653=DIRECTION('ref_axis',(0.,-0.707106781186549,0.707106781186546));
#5654=DIRECTION('center_axis',(-1.,0.,0.));
#5655=DIRECTION('ref_axis',(0.,-0.707106781186549,0.707106781186546));
#5656=DIRECTION('center_axis',(-1.,0.,0.));
#5657=DIRECTION('ref_axis',(0.,0.,1.));
#5658=DIRECTION('center_axis',(-1.,0.,0.));
#5659=DIRECTION('ref_axis',(0.,-0.707106781186548,0.707106781186547));
#5660=DIRECTION('',(0.,-1.,0.));
#5661=DIRECTION('',(0.,0.,-1.));
#5662=DIRECTION('center_axis',(-1.,0.,0.));
#5663=DIRECTION('ref_axis',(0.,-0.707106781186548,0.707106781186547));
#5664=DIRECTION('center_axis',(1.,0.,0.));
#5665=DIRECTION('ref_axis',(0.,-0.707106781186548,0.707106781186547));
#5666=DIRECTION('',(1.,0.,0.));
#5667=DIRECTION('center_axis',(1.,0.,0.));
#5668=DIRECTION('ref_axis',(0.,0.,-1.));
#5669=DIRECTION('',(0.,0.,1.));
#5670=DIRECTION('',(0.,1.,0.));
#5671=DIRECTION('center_axis',(-0.707106781186548,-0.707106781186548,0.));
#5672=DIRECTION('ref_axis',(0.707106781186548,-0.707106781186548,0.));
#5673=DIRECTION('',(0.,0.,1.));
#5674=DIRECTION('',(0.707106781186548,-0.707106781186548,0.));
#5675=DIRECTION('center_axis',(-1.,9.05073117900943E-17,0.));
#5676=DIRECTION('ref_axis',(-1.77635683940025E-16,-1.,0.));
#5677=DIRECTION('',(-9.05073117900943E-17,-1.,0.));
#5678=DIRECTION('center_axis',(0.707106781186547,-0.707106781186548,0.));
#5679=DIRECTION('ref_axis',(0.707106781186548,0.707106781186547,0.));
#5680=DIRECTION('',(0.707106781186548,0.707106781186547,0.));
#5681=DIRECTION('center_axis',(0.,0.,-1.));
#5682=DIRECTION('ref_axis',(0.,-1.,0.));
#5683=DIRECTION('center_axis',(0.,-1.,2.15193404104069E-18));
#5684=DIRECTION('ref_axis',(0.,2.15193404104069E-18,1.));
#5685=DIRECTION('',(0.,2.15193404104069E-18,1.));
#5686=DIRECTION('',(1.,0.,0.));
#5687=DIRECTION('',(0.,-2.15193404104069E-18,-1.));
#5688=DIRECTION('center_axis',(0.,1.,-1.97494497239839E-16));
#5689=DIRECTION('ref_axis',(0.,-1.97064586870965E-16,-1.));
#5690=DIRECTION('',(0.,1.97494497239839E-16,1.));
#5691=DIRECTION('',(-1.,0.,0.));
#5692=DIRECTION('',(0.,-1.97494497239839E-16,-1.));
#5693=DIRECTION('center_axis',(-1.,0.,0.));
#5694=DIRECTION('ref_axis',(0.,-0.707106781186549,0.707106781186546));
#5695=DIRECTION('center_axis',(1.,0.,0.));
#5696=DIRECTION('ref_axis',(0.,-0.707106781186549,0.707106781186546));
#5697=DIRECTION('center_axis',(-1.,0.,0.));
#5698=DIRECTION('ref_axis',(0.,-0.707106781186549,0.707106781186546));
#5699=DIRECTION('center_axis',(-1.,0.,0.));
#5700=DIRECTION('ref_axis',(0.,0.,1.));
#5701=DIRECTION('center_axis',(-1.,0.,0.));
#5702=DIRECTION('ref_axis',(0.,-0.707106781186548,0.707106781186547));
#5703=DIRECTION('',(0.,-1.,0.));
#5704=DIRECTION('',(0.,0.,-1.));
#5705=DIRECTION('center_axis',(-1.,0.,0.));
#5706=DIRECTION('ref_axis',(0.,-0.707106781186548,0.707106781186547));
#5707=DIRECTION('center_axis',(1.,0.,0.));
#5708=DIRECTION('ref_axis',(0.,-0.707106781186548,0.707106781186547));
#5709=DIRECTION('',(1.,0.,0.));
#5710=DIRECTION('center_axis',(1.,0.,0.));
#5711=DIRECTION('ref_axis',(0.,0.,-1.));
#5712=DIRECTION('',(0.,0.,1.));
#5713=DIRECTION('',(0.,1.,0.));
#5714=DIRECTION('center_axis',(-0.707106781186548,-0.707106781186548,0.));
#5715=DIRECTION('ref_axis',(0.707106781186548,-0.707106781186548,0.));
#5716=DIRECTION('',(0.,0.,1.));
#5717=DIRECTION('',(0.707106781186548,-0.707106781186548,0.));
#5718=DIRECTION('center_axis',(-1.,9.05073117900943E-17,0.));
#5719=DIRECTION('ref_axis',(-8.88178419700125E-17,-1.,0.));
#5720=DIRECTION('',(-9.05073117900943E-17,-1.,0.));
#5721=DIRECTION('center_axis',(0.707106781186547,-0.707106781186548,0.));
#5722=DIRECTION('ref_axis',(0.707106781186548,0.707106781186547,0.));
#5723=DIRECTION('',(0.707106781186548,0.707106781186547,0.));
#5724=DIRECTION('center_axis',(0.,0.,-1.));
#5725=DIRECTION('ref_axis',(0.,-1.,0.));
#5726=DIRECTION('center_axis',(6.66133814775098E-16,-1.,-2.15193404104065E-18));
#5727=DIRECTION('ref_axis',(0.,2.15193404104062E-18,-1.));
#5728=DIRECTION('',(-1.,-6.66133814775098E-16,0.));
#5729=DIRECTION('',(8.88375102652399E-18,2.15193404104066E-18,-1.));
#5730=DIRECTION('',(-1.,-6.66133814775098E-16,-8.88375102652399E-18));
#5731=DIRECTION('',(-8.88375102652399E-18,-2.15193404104066E-18,1.));
#5732=DIRECTION('center_axis',(-6.66133814775098E-16,1.,1.97494497239839E-16));
#5733=DIRECTION('ref_axis',(0.,-1.97064586870965E-16,1.));
#5734=DIRECTION('',(1.,6.66133814775098E-16,0.));
#5735=DIRECTION('',(8.88375102652386E-18,1.97494497239839E-16,-1.));
#5736=DIRECTION('',(1.,6.66133814775098E-16,8.88375102652399E-18));
#5737=DIRECTION('',(-8.88375102652386E-18,-1.97494497239839E-16,1.));
#5738=DIRECTION('center_axis',(1.,6.66133814775098E-16,8.88375102652399E-18));
#5739=DIRECTION('ref_axis',(4.77309498198364E-16,-0.707106781186549,-0.707106781186546));
#5740=DIRECTION('center_axis',(-1.,-6.66133814775098E-16,-8.88375102652399E-18));
#5741=DIRECTION('ref_axis',(4.77309498198364E-16,-0.707106781186549,-0.707106781186546));
#5742=DIRECTION('center_axis',(1.,6.66133814775098E-16,8.88375102652399E-18));
#5743=DIRECTION('ref_axis',(4.77309498198364E-16,-0.707106781186549,-0.707106781186546));
#5744=DIRECTION('center_axis',(1.,6.66133814775098E-16,8.88375102652399E-18));
#5745=DIRECTION('ref_axis',(0.,0.,-1.));
#5746=DIRECTION('',(6.66133814775098E-16,-1.,0.));
#5747=DIRECTION('center_axis',(1.,6.66133814775098E-16,8.88375102652399E-18));
#5748=DIRECTION('ref_axis',(4.77309498198364E-16,-0.707106781186548,-0.707106781186547));
#5749=DIRECTION('',(6.66133814775098E-16,-1.,4.36019621312161E-32));
#5750=DIRECTION('',(-8.88375102652399E-18,3.76841951704055E-32,1.));
#5751=DIRECTION('center_axis',(1.,6.66133814775098E-16,8.88375102652399E-18));
#5752=DIRECTION('ref_axis',(4.77309498198364E-16,-0.707106781186548,-0.707106781186547));
#5753=DIRECTION('center_axis',(-1.,-6.66133814775098E-16,-8.88375102652399E-18));
#5754=DIRECTION('ref_axis',(4.77309498198364E-16,-0.707106781186548,-0.707106781186547));
#5755=DIRECTION('',(-1.,-6.66133814775098E-16,-8.88375102652399E-18));
#5756=DIRECTION('center_axis',(-1.,-6.66133814775098E-16,-8.88375102652399E-18));
#5757=DIRECTION('ref_axis',(0.,0.,1.));
#5758=DIRECTION('',(-6.66133814775098E-16,1.,0.));
#5759=DIRECTION('',(8.88375102652399E-18,-3.76841951704055E-32,-1.));
#5760=DIRECTION('',(-6.66133814775098E-16,1.,-4.36019621312161E-32));
#5761=DIRECTION('center_axis',(0.707106781186548,-0.707106781186547,6.2817605932281E-18));
#5762=DIRECTION('ref_axis',(-0.707106781186547,-0.707106781186548,0.));
#5763=DIRECTION('',(8.88375102652399E-18,-3.76841951704055E-32,-1.));
#5764=DIRECTION('',(-0.707106781186547,-0.707106781186548,-6.28176059322804E-18));
#5765=DIRECTION('center_axis',(1.,7.56641126565192E-16,8.88375102652399E-18));
#5766=DIRECTION('ref_axis',(7.99360577730113E-16,-1.,0.));
#5767=DIRECTION('',(7.56641126565192E-16,-1.,4.44060065552393E-32));
#5768=DIRECTION('center_axis',(-0.707106781186547,-0.707106781186548,-6.28176059322803E-18));
#5769=DIRECTION('ref_axis',(-0.707106781186548,0.707106781186547,0.));
#5770=DIRECTION('',(-0.707106781186548,0.707106781186547,-6.2817605932281E-18));
#5771=DIRECTION('center_axis',(-8.88375102652399E-18,3.76841951704055E-32,
1.));
#5772=DIRECTION('ref_axis',(7.105427357601E-16,-1.,0.));
#5773=DIRECTION('center_axis',(6.66133814775098E-16,-1.,-2.15193404104065E-18));
#5774=DIRECTION('ref_axis',(0.,2.15193404104062E-18,-1.));
#5775=DIRECTION('',(-1.,-6.66133814775098E-16,0.));
#5776=DIRECTION('',(8.88375102652399E-18,2.15193404104066E-18,-1.));
#5777=DIRECTION('',(-1.,-6.66133814775098E-16,-8.88375102652399E-18));
#5778=DIRECTION('',(-8.88375102652399E-18,-2.15193404104066E-18,1.));
#5779=DIRECTION('center_axis',(-6.66133814775098E-16,1.,1.97494497239839E-16));
#5780=DIRECTION('ref_axis',(0.,-1.97064586870965E-16,1.));
#5781=DIRECTION('',(1.,6.66133814775098E-16,0.));
#5782=DIRECTION('',(8.88375102652386E-18,1.97494497239839E-16,-1.));
#5783=DIRECTION('',(1.,6.66133814775098E-16,8.88375102652399E-18));
#5784=DIRECTION('',(-8.88375102652386E-18,-1.97494497239839E-16,1.));
#5785=DIRECTION('center_axis',(1.,6.66133814775098E-16,8.88375102652399E-18));
#5786=DIRECTION('ref_axis',(4.77309498198364E-16,-0.707106781186549,-0.707106781186546));
#5787=DIRECTION('center_axis',(-1.,-6.66133814775098E-16,-8.88375102652399E-18));
#5788=DIRECTION('ref_axis',(4.77309498198364E-16,-0.707106781186549,-0.707106781186546));
#5789=DIRECTION('center_axis',(1.,6.66133814775098E-16,8.88375102652399E-18));
#5790=DIRECTION('ref_axis',(4.77309498198364E-16,-0.707106781186549,-0.707106781186546));
#5791=DIRECTION('center_axis',(1.,6.66133814775098E-16,8.88375102652399E-18));
#5792=DIRECTION('ref_axis',(0.,0.,-1.));
#5793=DIRECTION('',(6.66133814775098E-16,-1.,0.));
#5794=DIRECTION('center_axis',(1.,6.66133814775098E-16,8.88375102652399E-18));
#5795=DIRECTION('ref_axis',(4.77309498198364E-16,-0.707106781186548,-0.707106781186547));
#5796=DIRECTION('',(6.66133814775098E-16,-1.,4.36019621312161E-32));
#5797=DIRECTION('',(-8.88375102652399E-18,3.76841951704055E-32,1.));
#5798=DIRECTION('center_axis',(1.,6.66133814775098E-16,8.88375102652399E-18));
#5799=DIRECTION('ref_axis',(4.77309498198364E-16,-0.707106781186548,-0.707106781186547));
#5800=DIRECTION('center_axis',(-1.,-6.66133814775098E-16,-8.88375102652399E-18));
#5801=DIRECTION('ref_axis',(4.77309498198364E-16,-0.707106781186548,-0.707106781186547));
#5802=DIRECTION('',(-1.,-6.66133814775098E-16,-8.88375102652399E-18));
#5803=DIRECTION('center_axis',(-1.,-6.66133814775098E-16,-8.88375102652399E-18));
#5804=DIRECTION('ref_axis',(0.,0.,1.));
#5805=DIRECTION('',(-6.66133814775098E-16,1.,0.));
#5806=DIRECTION('',(8.88375102652399E-18,-3.76841951704055E-32,-1.));
#5807=DIRECTION('',(-6.66133814775098E-16,1.,-4.36019621312161E-32));
#5808=DIRECTION('center_axis',(0.707106781186548,-0.707106781186547,6.2817605932281E-18));
#5809=DIRECTION('ref_axis',(-0.707106781186547,-0.707106781186548,0.));
#5810=DIRECTION('',(8.88375102652399E-18,-3.76841951704055E-32,-1.));
#5811=DIRECTION('',(-0.707106781186547,-0.707106781186548,-6.28176059322804E-18));
#5812=DIRECTION('center_axis',(1.,7.56641126565192E-16,8.88375102652399E-18));
#5813=DIRECTION('ref_axis',(7.99360577730113E-16,-1.,0.));
#5814=DIRECTION('',(7.56641126565192E-16,-1.,4.44060065552393E-32));
#5815=DIRECTION('center_axis',(-0.707106781186547,-0.707106781186548,-6.28176059322803E-18));
#5816=DIRECTION('ref_axis',(-0.707106781186548,0.707106781186547,0.));
#5817=DIRECTION('',(-0.707106781186548,0.707106781186547,-6.2817605932281E-18));
#5818=DIRECTION('center_axis',(-8.88375102652399E-18,3.76841951704055E-32,
1.));
#5819=DIRECTION('ref_axis',(7.105427357601E-16,-1.,0.));
#5820=DIRECTION('center_axis',(6.66133814775098E-16,-1.,-2.15193404104065E-18));
#5821=DIRECTION('ref_axis',(0.,2.15193404104062E-18,-1.));
#5822=DIRECTION('',(-1.,-6.66133814775098E-16,0.));
#5823=DIRECTION('',(8.88375102652399E-18,2.15193404104066E-18,-1.));
#5824=DIRECTION('',(-1.,-6.66133814775098E-16,-8.88375102652399E-18));
#5825=DIRECTION('',(-8.88375102652399E-18,-2.15193404104066E-18,1.));
#5826=DIRECTION('center_axis',(-6.66133814775098E-16,1.,1.97494497239839E-16));
#5827=DIRECTION('ref_axis',(0.,-1.97064586870965E-16,1.));
#5828=DIRECTION('',(1.,6.66133814775098E-16,0.));
#5829=DIRECTION('',(8.88375102652386E-18,1.97494497239839E-16,-1.));
#5830=DIRECTION('',(1.,6.66133814775098E-16,8.88375102652399E-18));
#5831=DIRECTION('',(-8.88375102652386E-18,-1.97494497239839E-16,1.));
#5832=DIRECTION('center_axis',(1.,6.66133814775098E-16,8.88375102652399E-18));
#5833=DIRECTION('ref_axis',(4.77309498198364E-16,-0.707106781186549,-0.707106781186546));
#5834=DIRECTION('center_axis',(-1.,-6.66133814775098E-16,-8.88375102652399E-18));
#5835=DIRECTION('ref_axis',(4.77309498198364E-16,-0.707106781186549,-0.707106781186546));
#5836=DIRECTION('center_axis',(1.,6.66133814775098E-16,8.88375102652399E-18));
#5837=DIRECTION('ref_axis',(4.77309498198364E-16,-0.707106781186549,-0.707106781186546));
#5838=DIRECTION('center_axis',(1.,6.66133814775098E-16,8.88375102652399E-18));
#5839=DIRECTION('ref_axis',(0.,0.,-1.));
#5840=DIRECTION('',(6.66133814775098E-16,-1.,0.));
#5841=DIRECTION('center_axis',(1.,6.66133814775098E-16,8.88375102652399E-18));
#5842=DIRECTION('ref_axis',(4.77309498198364E-16,-0.707106781186548,-0.707106781186547));
#5843=DIRECTION('',(6.66133814775098E-16,-1.,4.36019621312161E-32));
#5844=DIRECTION('',(-8.88375102652399E-18,3.76841951704055E-32,1.));
#5845=DIRECTION('center_axis',(1.,6.66133814775098E-16,8.88375102652399E-18));
#5846=DIRECTION('ref_axis',(4.77309498198364E-16,-0.707106781186548,-0.707106781186547));
#5847=DIRECTION('center_axis',(-1.,-6.66133814775098E-16,-8.88375102652399E-18));
#5848=DIRECTION('ref_axis',(4.77309498198364E-16,-0.707106781186548,-0.707106781186547));
#5849=DIRECTION('',(-1.,-6.66133814775098E-16,-8.88375102652399E-18));
#5850=DIRECTION('center_axis',(-1.,-6.66133814775098E-16,-8.88375102652399E-18));
#5851=DIRECTION('ref_axis',(0.,0.,1.));
#5852=DIRECTION('',(-6.66133814775098E-16,1.,0.));
#5853=DIRECTION('',(8.88375102652399E-18,-3.76841951704055E-32,-1.));
#5854=DIRECTION('',(-6.66133814775098E-16,1.,-4.36019621312161E-32));
#5855=DIRECTION('center_axis',(0.707106781186548,-0.707106781186547,6.2817605932281E-18));
#5856=DIRECTION('ref_axis',(-0.707106781186547,-0.707106781186548,0.));
#5857=DIRECTION('',(8.88375102652399E-18,-3.76841951704055E-32,-1.));
#5858=DIRECTION('',(-0.707106781186547,-0.707106781186548,-6.28176059322804E-18));
#5859=DIRECTION('center_axis',(1.,7.56641126565192E-16,8.88375102652399E-18));
#5860=DIRECTION('ref_axis',(7.99360577730113E-16,-1.,0.));
#5861=DIRECTION('',(7.56641126565192E-16,-1.,4.44060065552393E-32));
#5862=DIRECTION('center_axis',(-0.707106781186547,-0.707106781186548,-6.28176059322803E-18));
#5863=DIRECTION('ref_axis',(-0.707106781186548,0.707106781186547,0.));
#5864=DIRECTION('',(-0.707106781186548,0.707106781186547,-6.2817605932281E-18));
#5865=DIRECTION('center_axis',(-8.88375102652399E-18,3.76841951704055E-32,
1.));
#5866=DIRECTION('ref_axis',(7.105427357601E-16,-1.,0.));
#5867=DIRECTION('center_axis',(-1.,-8.47148438355287E-16,-8.88375102652399E-18));
#5868=DIRECTION('ref_axis',(-8.88178419700125E-16,1.,0.));
#5869=DIRECTION('',(8.47148438355287E-16,-1.,4.52100509792625E-32));
#5870=DIRECTION('',(8.88375102652399E-18,-3.76841951704055E-32,-1.));
#5871=DIRECTION('center_axis',(-1.,-6.66133814775098E-16,-8.88375102652399E-18));
#5872=DIRECTION('ref_axis',(0.,0.,1.));
#5873=DIRECTION('',(-6.66133814775098E-16,1.,0.));
#5874=DIRECTION('',(-8.88375102652399E-18,-2.15193404104066E-18,1.));
#5875=DIRECTION('center_axis',(1.,6.66133814775098E-16,8.88375102652399E-18));
#5876=DIRECTION('ref_axis',(4.77309498198364E-16,-0.707106781186549,-0.707106781186546));
#5877=DIRECTION('',(6.66133814775098E-16,-1.,4.36019621312161E-32));
#5878=DIRECTION('',(8.88375102652399E-18,-3.76841951704055E-32,-1.));
#5879=DIRECTION('center_axis',(-1.,-6.66133814775098E-16,-8.88375102652399E-18));
#5880=DIRECTION('ref_axis',(4.77309498198364E-16,-0.707106781186548,-0.707106781186547));
#5881=DIRECTION('',(8.88375102652386E-18,1.97494497239839E-16,-1.));
#5882=DIRECTION('center_axis',(-6.66133814775098E-16,1.,1.97494497239839E-16));
#5883=DIRECTION('ref_axis',(0.,-1.97064586870965E-16,1.));
#5884=DIRECTION('',(1.,6.66133814775098E-16,0.));
#5885=DIRECTION('',(1.,6.66133814775098E-16,8.88375102652399E-18));
#5886=DIRECTION('',(-8.88375102652386E-18,-1.97494497239839E-16,1.));
#5887=DIRECTION('center_axis',(8.88375102652399E-18,-3.76841951704055E-32,
-1.));
#5888=DIRECTION('ref_axis',(-7.105427357601E-16,1.,0.));
#5889=DIRECTION('',(0.707106781186547,0.707106781186548,6.28176059322804E-18));
#5890=DIRECTION('',(1.,6.66133814775098E-16,8.88375102652399E-18));
#5891=DIRECTION('',(-6.66133814775098E-16,1.,-4.36019621312161E-32));
#5892=DIRECTION('',(0.707106781186548,-0.707106781186547,6.2817605932281E-18));
#5893=DIRECTION('center_axis',(1.,6.66133814775098E-16,8.88375102652399E-18));
#5894=DIRECTION('ref_axis',(0.,0.,-1.));
#5895=DIRECTION('',(6.66133814775098E-16,-1.,0.));
#5896=DIRECTION('center_axis',(1.,6.66133814775098E-16,8.88375102652399E-18));
#5897=DIRECTION('ref_axis',(4.77309498198364E-16,-0.707106781186548,-0.707106781186547));
#5898=DIRECTION('',(-8.88375102652399E-18,3.76841951704055E-32,1.));
#5899=DIRECTION('center_axis',(-1.,-6.66133814775098E-16,-8.88375102652399E-18));
#5900=DIRECTION('ref_axis',(4.77309498198364E-16,-0.707106781186549,-0.707106781186546));
#5901=DIRECTION('',(8.88375102652399E-18,2.15193404104066E-18,-1.));
#5902=DIRECTION('center_axis',(1.,6.66133814775098E-16,8.88375102652399E-18));
#5903=DIRECTION('ref_axis',(4.77309498198364E-16,-0.707106781186549,-0.707106781186546));
#5904=DIRECTION('',(-1.,-6.66133814775098E-16,-8.88375102652399E-18));
#5905=DIRECTION('center_axis',(6.66133814775098E-16,-1.,-2.15193404104065E-18));
#5906=DIRECTION('ref_axis',(0.,2.15193404104062E-18,-1.));
#5907=DIRECTION('',(-1.,-6.66133814775098E-16,0.));
#5908=DIRECTION('center_axis',(1.,6.66133814775098E-16,8.88375102652399E-18));
#5909=DIRECTION('ref_axis',(4.77309498198364E-16,-0.707106781186548,-0.707106781186547));
#5910=DIRECTION('center_axis',(-0.707106781186547,-0.707106781186548,-6.28176059322803E-18));
#5911=DIRECTION('ref_axis',(-0.707106781186548,0.707106781186547,0.));
#5912=DIRECTION('center_axis',(0.707106781186548,-0.707106781186547,6.2817605932281E-18));
#5913=DIRECTION('ref_axis',(-0.707106781186547,-0.707106781186548,0.));
#5914=DIRECTION('center_axis',(1.,-1.81014623580189E-16,0.));
#5915=DIRECTION('ref_axis',(1.77635683940025E-16,1.,0.));
#5916=DIRECTION('',(-1.81014623580189E-16,-1.,0.));
#5917=DIRECTION('',(0.,0.,1.));
#5918=DIRECTION('center_axis',(1.,0.,0.));
#5919=DIRECTION('ref_axis',(0.,0.,-1.));
#5920=DIRECTION('',(0.,-2.15193404104069E-18,-1.));
#5921=DIRECTION('center_axis',(-1.,0.,0.));
#5922=DIRECTION('ref_axis',(0.,-0.707106781186549,0.707106781186546));
#5923=DIRECTION('',(0.,-1.,0.));
#5924=DIRECTION('',(0.,0.,1.));
#5925=DIRECTION('center_axis',(1.,0.,0.));
#5926=DIRECTION('ref_axis',(0.,-0.707106781186548,0.707106781186547));
#5927=DIRECTION('',(0.,1.97494497239839E-16,1.));
#5928=DIRECTION('center_axis',(0.,1.,-1.97494497239839E-16));
#5929=DIRECTION('ref_axis',(0.,-1.97064586870965E-16,-1.));
#5930=DIRECTION('',(-1.,0.,0.));
#5931=DIRECTION('',(0.,-1.97494497239839E-16,-1.));
#5932=DIRECTION('center_axis',(0.,0.,1.));
#5933=DIRECTION('ref_axis',(0.,1.,0.));
#5934=DIRECTION('',(-0.707106781186548,0.707106781186548,0.));
#5935=DIRECTION('',(-1.,0.,0.));
#5936=DIRECTION('',(0.,1.,0.));
#5937=DIRECTION('',(-0.707106781186548,-0.707106781186547,0.));
#5938=DIRECTION('center_axis',(-1.,0.,0.));
#5939=DIRECTION('ref_axis',(0.,0.,1.));
#5940=DIRECTION('center_axis',(-1.,0.,0.));
#5941=DIRECTION('ref_axis',(0.,-0.707106781186548,0.707106781186547));
#5942=DIRECTION('',(0.,0.,-1.));
#5943=DIRECTION('center_axis',(1.,0.,0.));
#5944=DIRECTION('ref_axis',(0.,-0.707106781186549,0.707106781186546));
#5945=DIRECTION('',(0.,2.15193404104069E-18,1.));
#5946=DIRECTION('center_axis',(-1.,0.,0.));
#5947=DIRECTION('ref_axis',(0.,-0.707106781186549,0.707106781186546));
#5948=DIRECTION('',(1.,0.,0.));
#5949=DIRECTION('center_axis',(0.,-1.,2.15193404104069E-18));
#5950=DIRECTION('ref_axis',(0.,2.15193404104069E-18,1.));
#5951=DIRECTION('center_axis',(-1.,0.,0.));
#5952=DIRECTION('ref_axis',(0.,-0.707106781186548,0.707106781186547));
#5953=DIRECTION('center_axis',(0.707106781186547,-0.707106781186548,0.));
#5954=DIRECTION('ref_axis',(0.707106781186548,0.707106781186547,0.));
#5955=DIRECTION('center_axis',(-0.707106781186548,-0.707106781186548,0.));
#5956=DIRECTION('ref_axis',(0.707106781186548,-0.707106781186548,0.));
#5957=DIRECTION('center_axis',(-1.,0.,0.));
#5958=DIRECTION('ref_axis',(0.,0.,1.));
#5959=DIRECTION('',(0.,0.,1.));
#5960=DIRECTION('',(0.,1.,0.));
#5961=DIRECTION('center_axis',(0.,0.,-1.));
#5962=DIRECTION('ref_axis',(-1.,0.,0.));
#5963=DIRECTION('',(-1.,0.,0.));
#5964=DIRECTION('center_axis',(-1.,0.,0.));
#5965=DIRECTION('ref_axis',(0.,0.,-1.));
#5966=DIRECTION('',(0.,-1.,0.));
#5967=DIRECTION('center_axis',(0.,0.,1.));
#5968=DIRECTION('ref_axis',(-1.,0.,0.));
#5969=DIRECTION('center_axis',(0.,1.,0.));
#5970=DIRECTION('ref_axis',(0.,0.,1.));
#5971=DIRECTION('axis',(0.,0.,1.));
#5972=DIRECTION('refdir',(1.,0.,0.));
#5973=DIRECTION('center_axis',(1.3010426069826E-16,-1.,0.));
#5974=DIRECTION('ref_axis',(-1.,-1.33226762955019E-16,0.));
#5975=DIRECTION('',(-1.,-1.3010426069826E-16,0.));
#5976=DIRECTION('',(0.,0.,1.));
#5977=DIRECTION('',(1.,1.3010426069826E-16,0.));
#5978=DIRECTION('',(0.,0.,-1.));
#5979=DIRECTION('center_axis',(1.,9.05073117900943E-17,0.));
#5980=DIRECTION('ref_axis',(1.77635683940025E-16,-1.,0.));
#5981=DIRECTION('',(-9.05073117900943E-17,1.,0.));
#5982=DIRECTION('',(0.,0.,-1.));
#5983=DIRECTION('',(9.05073117900943E-17,-1.,0.));
#5984=DIRECTION('center_axis',(0.,0.,-1.));
#5985=DIRECTION('ref_axis',(0.,1.,0.));
#5986=DIRECTION('',(1.81014623580189E-16,-1.,0.));
#5987=DIRECTION('',(0.707106781186548,-0.707106781186547,0.));
#5988=DIRECTION('',(0.,1.,0.));
#5989=DIRECTION('',(1.,0.,0.));
#5990=DIRECTION('',(0.,-1.,0.));
#5991=DIRECTION('',(0.707106781186548,0.707106781186548,0.));
#5992=DIRECTION('center_axis',(0.707106781186548,0.612372435695795,-0.353553390593274));
#5993=DIRECTION('ref_axis',(-0.447213595499958,0.,-0.894427190999916));
#5994=DIRECTION('',(-0.707106781186548,0.612372435695795,-0.353553390593273));
#5995=DIRECTION('',(-2.18085576097019E-14,0.5,0.866025403784439));
#5996=DIRECTION('',(0.707106781186548,-0.612372435695795,0.353553390593274));
#5997=DIRECTION('',(0.,0.5,0.866025403784439));
#5998=DIRECTION('center_axis',(-1.,-1.29267734115329E-14,-1.77190771042959E-14));
#5999=DIRECTION('ref_axis',(-1.77635683940025E-14,0.,1.));
#6000=DIRECTION('',(0.,-1.,0.));
#6001=DIRECTION('center_axis',(-1.,-1.29267734115329E-14,-1.77190771042959E-14));
#6002=DIRECTION('ref_axis',(0.,-0.86602540378444,-0.499999999999998));
#6003=DIRECTION('center_axis',(1.,1.29267734115329E-14,1.77190771042959E-14));
#6004=DIRECTION('ref_axis',(0.,-0.866025403784438,-0.5));
#6005=DIRECTION('center_axis',(1.,0.,0.));
#6006=DIRECTION('ref_axis',(0.,0.,-1.));
#6007=DIRECTION('',(0.,0.,-1.));
#6008=DIRECTION('',(0.,-1.,0.));
#6009=DIRECTION('',(0.,-1.20676415720126E-16,1.));
#6010=DIRECTION('center_axis',(-0.707106781186548,0.612372435695795,-0.353553390593274));
#6011=DIRECTION('ref_axis',(-0.447213595499958,0.,0.894427190999916));
#6012=DIRECTION('',(-0.707106781186548,-0.612372435695795,0.353553390593273));
#6013=DIRECTION('',(0.,-0.5,-0.866025403784439));
#6014=DIRECTION('',(0.707106781186548,0.612372435695795,-0.353553390593274));
#6015=DIRECTION('',(-1.70501898949023E-14,-0.5,-0.866025403784439));
#6016=DIRECTION('center_axis',(1.,-1.70501898899801E-14,-9.84393172839785E-15));
#6017=DIRECTION('ref_axis',(-9.85878045867139E-15,0.,-1.));
#6018=DIRECTION('center_axis',(1.,-1.70501898899801E-14,-9.84393172839785E-15));
#6019=DIRECTION('ref_axis',(0.,-0.86602540378444,-0.499999999999998));
#6020=DIRECTION('',(0.,-1.,0.));
#6021=DIRECTION('center_axis',(-1.,1.70501898899801E-14,9.84393172839785E-15));
#6022=DIRECTION('ref_axis',(0.,-0.866025403784438,-0.5));
#6023=DIRECTION('center_axis',(-1.,0.,0.));
#6024=DIRECTION('ref_axis',(0.,0.,1.));
#6025=DIRECTION('',(0.,0.,1.));
#6026=DIRECTION('',(0.,1.20676415720126E-16,-1.));
#6027=DIRECTION('',(0.,1.,0.));
#6028=DIRECTION('center_axis',(-1.,0.,0.));
#6029=DIRECTION('ref_axis',(0.,0.,1.));
#6030=DIRECTION('',(0.,0.866025403784439,-0.5));
#6031=DIRECTION('center_axis',(1.,0.,0.));
#6032=DIRECTION('ref_axis',(0.,0.866025403784439,0.5));
#6033=DIRECTION('',(0.,1.97494497239839E-16,-1.));
#6034=DIRECTION('center_axis',(-1.,0.,0.));
#6035=DIRECTION('ref_axis',(0.,-0.707106781186548,-0.707106781186547));
#6036=DIRECTION('',(0.,1.,0.));
#6037=DIRECTION('',(0.,0.,-1.));
#6038=DIRECTION('center_axis',(1.,0.,0.));
#6039=DIRECTION('ref_axis',(0.,-0.707106781186549,-0.707106781186546));
#6040=DIRECTION('',(0.,-2.15193404104069E-18,1.));
#6041=DIRECTION('center_axis',(-1.,0.,0.));
#6042=DIRECTION('ref_axis',(0.,0.86602540378444,0.499999999999998));
#6043=DIRECTION('',(0.,-0.866025403784439,0.499999999999999));
#6044=DIRECTION('center_axis',(0.,-1.,0.));
#6045=DIRECTION('ref_axis',(0.,0.,-1.));
#6046=DIRECTION('',(-1.,0.,0.));
#6047=DIRECTION('',(1.,0.,0.));
#6048=DIRECTION('center_axis',(1.,0.,0.));
#6049=DIRECTION('ref_axis',(0.,-0.866025403784438,-0.5));
#6050=DIRECTION('',(1.,0.,0.));
#6051=DIRECTION('center_axis',(0.,-0.499999999999999,-0.866025403784439));
#6052=DIRECTION('ref_axis',(0.,0.866025403784439,-0.499999999999999));
#6053=DIRECTION('',(-1.,0.,0.));
#6054=DIRECTION('',(0.,0.866025403784439,-0.499999999999999));
#6055=DIRECTION('center_axis',(1.,0.,0.));
#6056=DIRECTION('ref_axis',(0.,0.,-1.));
#6057=DIRECTION('center_axis',(1.,0.,0.));
#6058=DIRECTION('ref_axis',(0.,0.86602540378444,0.499999999999998));
#6059=DIRECTION('',(0.,2.15193404104069E-18,-1.));
#6060=DIRECTION('center_axis',(-1.,0.,0.));
#6061=DIRECTION('ref_axis',(0.,-0.707106781186549,-0.707106781186546));
#6062=DIRECTION('',(0.,0.,1.));
#6063=DIRECTION('',(0.,-1.,0.));
#6064=DIRECTION('center_axis',(1.,0.,0.));
#6065=DIRECTION('ref_axis',(0.,-0.707106781186548,-0.707106781186547));
#6066=DIRECTION('',(0.,-1.97494497239839E-16,1.));
#6067=DIRECTION('center_axis',(-1.,0.,0.));
#6068=DIRECTION('ref_axis',(0.,0.866025403784439,0.5));
#6069=DIRECTION('',(0.,-0.866025403784439,0.5));
#6070=DIRECTION('center_axis',(1.,0.,0.));
#6071=DIRECTION('ref_axis',(0.,0.866025403784439,0.5));
#6072=DIRECTION('',(-1.,0.,0.));
#6073=DIRECTION('',(1.,0.,0.));
#6074=DIRECTION('center_axis',(0.,0.5,0.866025403784439));
#6075=DIRECTION('ref_axis',(0.,-0.866025403784439,0.5));
#6076=DIRECTION('',(-1.,0.,0.));
#6077=DIRECTION('center_axis',(1.,0.,0.));
#6078=DIRECTION('ref_axis',(0.,-0.707106781186549,-0.707106781186546));
#6079=DIRECTION('',(-1.,0.,0.));
#6080=DIRECTION('center_axis',(0.,-1.,-2.15193404104069E-18));
#6081=DIRECTION('ref_axis',(0.,2.15193404104069E-18,-1.));
#6082=DIRECTION('',(1.,0.,0.));
#6083=DIRECTION('center_axis',(1.,0.,0.));
#6084=DIRECTION('ref_axis',(0.,-0.86602540378444,-0.499999999999998));
#6085=DIRECTION('',(1.,0.,0.));
#6086=DIRECTION('center_axis',(0.,1.,1.20676415720126E-16));
#6087=DIRECTION('ref_axis',(0.,-1.22124532708767E-16,1.));
#6088=DIRECTION('',(1.,0.,0.));
#6089=DIRECTION('center_axis',(1.,0.,0.));
#6090=DIRECTION('ref_axis',(0.,0.86602540378444,0.499999999999998));
#6091=DIRECTION('center_axis',(1.,0.,0.));
#6092=DIRECTION('ref_axis',(0.,-0.707106781186548,-0.707106781186547));
#6093=DIRECTION('',(1.,0.,0.));
#6094=DIRECTION('',(-1.,0.,0.));
#6095=DIRECTION('center_axis',(0.,1.,1.97494497239839E-16));
#6096=DIRECTION('ref_axis',(0.,-1.97064586870965E-16,1.));
#6097=DIRECTION('center_axis',(-0.707106781186547,-0.707106781186548,0.));
#6098=DIRECTION('ref_axis',(-0.707106781186548,0.707106781186547,0.));
#6099=DIRECTION('',(0.,0.,-1.));
#6100=DIRECTION('',(-0.707106781186548,0.707106781186547,0.));
#6101=DIRECTION('center_axis',(-1.,-1.81014623580189E-16,0.));
#6102=DIRECTION('ref_axis',(-1.77635683940025E-16,1.,0.));
#6103=DIRECTION('',(-1.81014623580189E-16,1.,0.));
#6104=DIRECTION('center_axis',(0.707106781186548,-0.707106781186548,0.));
#6105=DIRECTION('ref_axis',(-0.707106781186548,-0.707106781186548,0.));
#6106=DIRECTION('',(-0.707106781186548,-0.707106781186548,0.));
#6107=DIRECTION('center_axis',(0.,0.,1.));
#6108=DIRECTION('ref_axis',(0.,-1.,0.));
#6109=DIRECTION('center_axis',(0.,0.,1.));
#6110=DIRECTION('ref_axis',(0.,-1.,0.));
#6111=DIRECTION('',(0.,0.,1.));
#6112=DIRECTION('',(1.,0.,0.));
#6113=DIRECTION('',(-8.88375102652399E-18,3.76841951704055E-32,1.));
#6114=DIRECTION('',(1.,6.66133814775098E-16,8.88375102652399E-18));
#6115=DIRECTION('',(-8.88375102652399E-18,3.76841951704055E-32,1.));
#6116=DIRECTION('',(1.,6.66133814775098E-16,8.88375102652399E-18));
#6117=DIRECTION('',(-8.88375102652399E-18,3.76841951704055E-32,1.));
#6118=DIRECTION('',(1.,6.66133814775098E-16,8.88375102652399E-18));
#6119=DIRECTION('',(-8.88375102652399E-18,3.76841951704055E-32,1.));
#6120=DIRECTION('',(1.,6.66133814775098E-16,8.88375102652399E-18));
#6121=DIRECTION('',(0.,0.,-1.));
#6122=DIRECTION('',(-1.,0.,0.));
#6123=DIRECTION('',(0.,0.,-1.));
#6124=DIRECTION('',(-1.,0.,0.));
#6125=DIRECTION('',(0.,0.,-1.));
#6126=DIRECTION('',(-1.,0.,0.));
#6127=DIRECTION('axis',(0.,0.,1.));
#6128=DIRECTION('refdir',(1.,0.,0.));
#6129=DIRECTION('center_axis',(-1.,0.,0.));
#6130=DIRECTION('ref_axis',(0.,0.,-1.));
#6131=DIRECTION('',(0.,0.,-1.));
#6132=DIRECTION('',(0.,-1.,0.));
#6133=DIRECTION('',(0.,0.,-1.));
#6134=DIRECTION('',(0.,-1.,0.));
#6135=DIRECTION('center_axis',(-6.72862439166761E-16,0.,1.));
#6136=DIRECTION('ref_axis',(-1.,0.,-6.66133814775094E-16));
#6137=DIRECTION('',(-1.,0.,-6.72862439166761E-16));
#6138=DIRECTION('',(0.,-1.,0.));
#6139=DIRECTION('',(-1.,0.,-6.72862439166761E-16));
#6140=DIRECTION('center_axis',(0.,-1.,0.));
#6141=DIRECTION('ref_axis',(0.,0.,-1.));
#6142=DIRECTION('center_axis',(0.,-1.,0.));
#6143=DIRECTION('ref_axis',(0.,0.,-1.));
#6144=DIRECTION('',(0.,-1.,0.));
#6145=DIRECTION('center_axis',(0.,-1.,0.));
#6146=DIRECTION('ref_axis',(0.,0.,-1.));
#6147=DIRECTION('center_axis',(1.,0.,0.));
#6148=DIRECTION('ref_axis',(0.,0.,1.));
#6149=DIRECTION('',(0.,0.,1.));
#6150=DIRECTION('',(0.,-1.,0.));
#6151=DIRECTION('',(0.,0.,1.));
#6152=DIRECTION('center_axis',(0.,-1.,0.));
#6153=DIRECTION('ref_axis',(-1.,0.,0.));
#6154=DIRECTION('center_axis',(0.,-1.,0.));
#6155=DIRECTION('ref_axis',(-1.,0.,0.));
#6156=DIRECTION('',(0.,-1.,0.));
#6157=DIRECTION('center_axis',(0.,-1.,0.));
#6158=DIRECTION('ref_axis',(-1.,0.,0.));
#6159=DIRECTION('center_axis',(-6.72862439166761E-16,0.,-1.));
#6160=DIRECTION('ref_axis',(1.,0.,-7.105427357601E-16));
#6161=DIRECTION('',(1.,0.,-6.72862439166761E-16));
#6162=DIRECTION('',(1.,0.,-6.72862439166761E-16));
#6163=DIRECTION('center_axis',(0.,-1.,0.));
#6164=DIRECTION('ref_axis',(0.,0.,-1.));
#6165=DIRECTION('center_axis',(0.,-1.,0.));
#6166=DIRECTION('ref_axis',(-1.,0.,0.));
#6167=DIRECTION('center_axis',(0.,1.,0.));
#6168=DIRECTION('ref_axis',(-1.,0.,0.));
#6169=DIRECTION('',(0.,-1.,0.));
#6170=DIRECTION('center_axis',(0.,1.,0.));
#6171=DIRECTION('ref_axis',(-1.,0.,0.));
#6172=DIRECTION('',(0.,-1.,0.));
#6173=DIRECTION('center_axis',(0.,0.,1.));
#6174=DIRECTION('ref_axis',(-1.,0.,0.));
#6175=DIRECTION('',(1.,0.,0.));
#6176=DIRECTION('',(1.,0.,0.));
#6177=DIRECTION('',(0.,-1.,0.));
#6178=DIRECTION('center_axis',(0.,-1.,0.));
#6179=DIRECTION('ref_axis',(0.,0.,1.));
#6180=DIRECTION('center_axis',(0.,1.,0.));
#6181=DIRECTION('ref_axis',(0.,0.,1.));
#6182=DIRECTION('center_axis',(0.,1.,0.));
#6183=DIRECTION('ref_axis',(0.,0.,1.));
#6184=DIRECTION('',(0.,-1.,0.));
#6185=DIRECTION('center_axis',(1.,0.,1.5419764230905E-16));
#6186=DIRECTION('ref_axis',(-1.55431223447522E-16,0.,1.));
#6187=DIRECTION('',(1.5419764230905E-16,0.,-1.));
#6188=DIRECTION('',(1.5419764230905E-16,0.,-1.));
#6189=DIRECTION('',(0.,-1.,0.));
#6190=DIRECTION('center_axis',(0.,-1.,0.));
#6191=DIRECTION('ref_axis',(1.,0.,0.));
#6192=DIRECTION('center_axis',(0.,1.,0.));
#6193=DIRECTION('ref_axis',(1.,0.,0.));
#6194=DIRECTION('center_axis',(0.,1.,0.));
#6195=DIRECTION('ref_axis',(1.,0.,0.));
#6196=DIRECTION('',(0.,-1.,0.));
#6197=DIRECTION('center_axis',(0.,0.,-1.));
#6198=DIRECTION('ref_axis',(1.,0.,0.));
#6199=DIRECTION('',(-1.,0.,0.));
#6200=DIRECTION('',(-1.,0.,0.));
#6201=DIRECTION('',(0.,-1.,0.));
#6202=DIRECTION('center_axis',(0.,-1.,0.));
#6203=DIRECTION('ref_axis',(0.,0.,-1.));
#6204=DIRECTION('center_axis',(0.,1.,0.));
#6205=DIRECTION('ref_axis',(0.,0.,-1.));
#6206=DIRECTION('center_axis',(0.,1.,0.));
#6207=DIRECTION('ref_axis',(0.,0.,-1.));
#6208=DIRECTION('',(0.,-1.,0.));
#6209=DIRECTION('center_axis',(-1.,0.,6.16790569236199E-16));
#6210=DIRECTION('ref_axis',(-6.21724893790088E-16,0.,-1.));
#6211=DIRECTION('',(6.16790569236199E-16,0.,1.));
#6212=DIRECTION('',(6.16790569236199E-16,0.,1.));
#6213=DIRECTION('center_axis',(-1.85037170770859E-15,0.,1.));
#6214=DIRECTION('ref_axis',(-1.,0.,-1.86517468137026E-15));
#6215=DIRECTION('',(1.,0.,1.85037170770859E-15));
#6216=DIRECTION('',(0.,-1.,0.));
#6217=DIRECTION('',(1.,0.,1.85037170770859E-15));
#6218=DIRECTION('',(0.,-1.,0.));
#6219=DIRECTION('center_axis',(1.,0.,0.));
#6220=DIRECTION('ref_axis',(0.,0.,1.));
#6221=DIRECTION('',(0.,0.,-1.));
#6222=DIRECTION('',(0.,0.,-1.));
#6223=DIRECTION('',(0.,-1.,0.));
#6224=DIRECTION('center_axis',(0.,0.,1.));
#6225=DIRECTION('ref_axis',(-1.,0.,0.));
#6226=DIRECTION('',(1.,0.,0.));
#6227=DIRECTION('',(1.,0.,0.));
#6228=DIRECTION('',(0.,-1.,0.));
#6229=DIRECTION('center_axis',(-0.707106781186548,0.,0.707106781186548));
#6230=DIRECTION('ref_axis',(-0.707106781186548,0.,-0.707106781186548));
#6231=DIRECTION('',(0.707106781186548,0.,0.707106781186548));
#6232=DIRECTION('',(0.707106781186548,0.,0.707106781186548));
#6233=DIRECTION('',(0.,-1.,0.));
#6234=DIRECTION('center_axis',(-1.2335811384724E-15,0.,1.));
#6235=DIRECTION('ref_axis',(-1.,0.,-1.24344978758018E-15));
#6236=DIRECTION('',(1.,0.,1.2335811384724E-15));
#6237=DIRECTION('',(1.,0.,1.2335811384724E-15));
#6238=DIRECTION('',(0.,-1.,0.));
#6239=DIRECTION('center_axis',(0.642787609686539,0.,-0.766044443118978));
#6240=DIRECTION('ref_axis',(0.766044443118978,0.,0.642787609686539));
#6241=DIRECTION('',(-0.766044443118978,0.,-0.642787609686539));
#6242=DIRECTION('',(-0.766044443118978,0.,-0.642787609686539));
#6243=DIRECTION('',(0.,-1.,0.));
#6244=DIRECTION('center_axis',(0.,0.,1.));
#6245=DIRECTION('ref_axis',(-1.,0.,0.));
#6246=DIRECTION('',(1.,0.,0.));
#6247=DIRECTION('',(1.,0.,0.));
#6248=DIRECTION('',(0.,-1.,0.));
#6249=DIRECTION('center_axis',(0.,-1.,0.));
#6250=DIRECTION('ref_axis',(0.,0.,1.));
#6251=DIRECTION('center_axis',(0.,1.,0.));
#6252=DIRECTION('ref_axis',(0.,0.,1.));
#6253=DIRECTION('center_axis',(0.,1.,0.));
#6254=DIRECTION('ref_axis',(0.,0.,1.));
#6255=DIRECTION('',(0.,-1.,0.));
#6256=DIRECTION('center_axis',(1.,0.,0.));
#6257=DIRECTION('ref_axis',(0.,0.,1.));
#6258=DIRECTION('',(0.,0.,-1.));
#6259=DIRECTION('',(0.,0.,-1.));
#6260=DIRECTION('',(0.,-1.,0.));
#6261=DIRECTION('center_axis',(0.,-1.,0.));
#6262=DIRECTION('ref_axis',(1.,0.,0.));
#6263=DIRECTION('center_axis',(0.,1.,0.));
#6264=DIRECTION('ref_axis',(1.,0.,0.));
#6265=DIRECTION('center_axis',(0.,1.,0.));
#6266=DIRECTION('ref_axis',(1.,0.,0.));
#6267=DIRECTION('',(0.,-1.,0.));
#6268=DIRECTION('center_axis',(0.,0.,-1.));
#6269=DIRECTION('ref_axis',(1.,0.,0.));
#6270=DIRECTION('',(-1.,0.,0.));
#6271=DIRECTION('',(-1.,0.,0.));
#6272=DIRECTION('',(0.,-1.,0.));
#6273=DIRECTION('center_axis',(-1.,0.,-7.40148683083438E-16));
#6274=DIRECTION('ref_axis',(7.105427357601E-16,0.,-1.));
#6275=DIRECTION('',(-7.40148683083438E-16,0.,1.));
#6276=DIRECTION('',(-7.40148683083438E-16,0.,1.));
#6277=DIRECTION('center_axis',(0.,0.,1.));
#6278=DIRECTION('ref_axis',(-1.,0.,0.));
#6279=DIRECTION('',(1.,0.,0.));
#6280=DIRECTION('',(0.,-1.,0.));
#6281=DIRECTION('',(1.,0.,0.));
#6282=DIRECTION('',(0.,-1.,0.));
#6283=DIRECTION('center_axis',(1.,0.,1.82414767494041E-16));
#6284=DIRECTION('ref_axis',(-1.8249290967276E-16,0.,1.));
#6285=DIRECTION('',(1.82414767494041E-16,0.,-1.));
#6286=DIRECTION('',(1.82414767494041E-16,0.,-1.));
#6287=DIRECTION('',(0.,-1.,0.));
#6288=DIRECTION('center_axis',(-0.90630778703665,0.,0.422618261740698));
#6289=DIRECTION('ref_axis',(-0.422618261740698,0.,-0.906307787036651));
#6290=DIRECTION('',(0.422618261740698,0.,0.906307787036651));
#6291=DIRECTION('',(0.422618261740698,0.,0.906307787036651));
#6292=DIRECTION('',(0.,-1.,0.));
#6293=DIRECTION('center_axis',(0.,0.,1.));
#6294=DIRECTION('ref_axis',(-1.,0.,0.));
#6295=DIRECTION('',(1.,0.,0.));
#6296=DIRECTION('',(1.,0.,0.));
#6297=DIRECTION('',(0.,-1.,0.));
#6298=DIRECTION('center_axis',(0.906307787036651,0.,0.422618261740698));
#6299=DIRECTION('ref_axis',(-0.422618261740698,0.,0.906307787036651));
#6300=DIRECTION('',(0.422618261740698,0.,-0.906307787036651));
#6301=DIRECTION('',(0.422618261740698,0.,-0.906307787036651));
#6302=DIRECTION('',(0.,-1.,0.));
#6303=DIRECTION('center_axis',(-1.,0.,-1.45931813995233E-16));
#6304=DIRECTION('ref_axis',(1.4432899320127E-16,0.,-1.));
#6305=DIRECTION('',(-1.45931813995233E-16,0.,1.));
#6306=DIRECTION('',(-1.45931813995233E-16,0.,1.));
#6307=DIRECTION('',(0.,-1.,0.));
#6308=DIRECTION('center_axis',(0.,0.,1.));
#6309=DIRECTION('ref_axis',(-1.,0.,0.));
#6310=DIRECTION('',(1.,0.,0.));
#6311=DIRECTION('',(1.,0.,0.));
#6312=DIRECTION('',(0.,-1.,0.));
#6313=DIRECTION('center_axis',(1.,0.,3.70074341541719E-16));
#6314=DIRECTION('ref_axis',(-3.77475828372553E-16,0.,1.));
#6315=DIRECTION('',(3.70074341541719E-16,0.,-1.));
#6316=DIRECTION('',(3.70074341541719E-16,0.,-1.));
#6317=DIRECTION('',(0.,-1.,0.));
#6318=DIRECTION('center_axis',(0.,0.,-1.));
#6319=DIRECTION('ref_axis',(1.,0.,0.));
#6320=DIRECTION('',(-1.,0.,0.));
#6321=DIRECTION('',(-1.,0.,0.));
#6322=DIRECTION('',(0.,-1.,0.));
#6323=DIRECTION('center_axis',(-0.90630778703665,0.,-0.422618261740699));
#6324=DIRECTION('ref_axis',(0.422618261740699,0.,-0.90630778703665));
#6325=DIRECTION('',(-0.422618261740699,0.,0.90630778703665));
#6326=DIRECTION('',(-0.422618261740699,0.,0.90630778703665));
#6327=DIRECTION('',(0.,-1.,0.));
#6328=DIRECTION('center_axis',(0.90630778703665,0.,-0.4226182617407));
#6329=DIRECTION('ref_axis',(0.422618261740699,0.,0.90630778703665));
#6330=DIRECTION('',(-0.422618261740699,0.,-0.90630778703665));
#6331=DIRECTION('',(-0.422618261740699,0.,-0.90630778703665));
#6332=DIRECTION('',(0.,-1.,0.));
#6333=DIRECTION('center_axis',(0.,0.,-1.));
#6334=DIRECTION('ref_axis',(1.,0.,0.));
#6335=DIRECTION('',(-1.,0.,0.));
#6336=DIRECTION('',(-1.,0.,0.));
#6337=DIRECTION('',(0.,-1.,0.));
#6338=DIRECTION('center_axis',(-1.,0.,3.70074341541719E-16));
#6339=DIRECTION('ref_axis',(-3.71924713249427E-16,0.,-1.));
#6340=DIRECTION('',(3.70074341541719E-16,0.,1.));
#6341=DIRECTION('',(3.70074341541719E-16,0.,1.));
#6342=DIRECTION('center_axis',(-1.,0.,0.));
#6343=DIRECTION('ref_axis',(0.,0.,-1.));
#6344=DIRECTION('',(0.,0.,1.));
#6345=DIRECTION('',(0.,-1.,0.));
#6346=DIRECTION('',(0.,0.,1.));
#6347=DIRECTION('',(0.,-1.,0.));
#6348=DIRECTION('center_axis',(0.,0.,1.));
#6349=DIRECTION('ref_axis',(-1.,0.,0.));
#6350=DIRECTION('',(1.,0.,0.));
#6351=DIRECTION('',(1.,0.,0.));
#6352=DIRECTION('',(0.,-1.,0.));
#6353=DIRECTION('center_axis',(1.,0.,-1.85037170770859E-15));
#6354=DIRECTION('ref_axis',(1.86517468137026E-15,0.,1.));
#6355=DIRECTION('',(-1.85037170770859E-15,0.,-1.));
#6356=DIRECTION('',(-1.85037170770859E-15,0.,-1.));
#6357=DIRECTION('',(0.,-1.,0.));
#6358=DIRECTION('center_axis',(0.,0.,-1.));
#6359=DIRECTION('ref_axis',(1.,0.,0.));
#6360=DIRECTION('',(-1.,0.,0.));
#6361=DIRECTION('',(-1.,0.,0.));
#6362=DIRECTION('',(0.,-1.,0.));
#6363=DIRECTION('center_axis',(1.,0.,3.7007434154172E-15));
#6364=DIRECTION('ref_axis',(-3.73034936274053E-15,0.,1.));
#6365=DIRECTION('',(3.7007434154172E-15,0.,-1.));
#6366=DIRECTION('',(3.7007434154172E-15,0.,-1.));
#6367=DIRECTION('',(0.,-1.,0.));
#6368=DIRECTION('center_axis',(0.,0.,1.));
#6369=DIRECTION('ref_axis',(-1.,0.,0.));
#6370=DIRECTION('',(1.,0.,0.));
#6371=DIRECTION('',(1.,0.,0.));
#6372=DIRECTION('',(0.,-1.,0.));
#6373=DIRECTION('center_axis',(1.,0.,0.));
#6374=DIRECTION('ref_axis',(0.,0.,1.));
#6375=DIRECTION('',(0.,0.,-1.));
#6376=DIRECTION('',(0.,0.,-1.));
#6377=DIRECTION('',(0.,-1.,0.));
#6378=DIRECTION('center_axis',(0.,0.,-1.));
#6379=DIRECTION('ref_axis',(1.,0.,0.));
#6380=DIRECTION('',(-1.,0.,0.));
#6381=DIRECTION('',(-1.,0.,0.));
#6382=DIRECTION('',(0.,-1.,0.));
#6383=DIRECTION('center_axis',(1.,0.,-3.7007434154172E-15));
#6384=DIRECTION('ref_axis',(3.73034936274053E-15,0.,1.));
#6385=DIRECTION('',(-3.7007434154172E-15,0.,-1.));
#6386=DIRECTION('',(-3.7007434154172E-15,0.,-1.));
#6387=DIRECTION('',(0.,-1.,0.));
#6388=DIRECTION('center_axis',(0.,0.,1.));
#6389=DIRECTION('ref_axis',(-1.,0.,0.));
#6390=DIRECTION('',(1.,0.,0.));
#6391=DIRECTION('',(1.,0.,0.));
#6392=DIRECTION('',(0.,-1.,0.));
#6393=DIRECTION('center_axis',(1.,0.,1.85037170770859E-15));
#6394=DIRECTION('ref_axis',(-1.86517468137026E-15,0.,1.));
#6395=DIRECTION('',(1.85037170770859E-15,0.,-1.));
#6396=DIRECTION('',(1.85037170770859E-15,0.,-1.));
#6397=DIRECTION('',(0.,-1.,0.));
#6398=DIRECTION('center_axis',(0.,0.,-1.));
#6399=DIRECTION('ref_axis',(1.,0.,0.));
#6400=DIRECTION('',(-1.,0.,0.));
#6401=DIRECTION('',(-1.,0.,0.));
#6402=DIRECTION('center_axis',(-1.,0.,-5.55111512312577E-15));
#6403=DIRECTION('ref_axis',(5.55111512312578E-15,0.,-1.));
#6404=DIRECTION('',(-5.55111512312577E-15,0.,1.));
#6405=DIRECTION('',(0.,-1.,0.));
#6406=DIRECTION('',(-5.55111512312577E-15,0.,1.));
#6407=DIRECTION('',(0.,-1.,0.));
#6408=DIRECTION('center_axis',(0.,0.,1.));
#6409=DIRECTION('ref_axis',(-1.,0.,0.));
#6410=DIRECTION('',(1.,0.,0.));
#6411=DIRECTION('',(1.,0.,0.));
#6412=DIRECTION('',(0.,-1.,0.));
#6413=DIRECTION('center_axis',(1.,0.,5.55111512312581E-15));
#6414=DIRECTION('ref_axis',(-5.55111512312578E-15,0.,1.));
#6415=DIRECTION('',(5.55111512312581E-15,0.,-1.));
#6416=DIRECTION('',(5.55111512312581E-15,0.,-1.));
#6417=DIRECTION('',(0.,-1.,0.));
#6418=DIRECTION('center_axis',(0.,-1.,0.));
#6419=DIRECTION('ref_axis',(1.,0.,0.));
#6420=DIRECTION('center_axis',(0.,1.,0.));
#6421=DIRECTION('ref_axis',(1.,0.,0.));
#6422=DIRECTION('center_axis',(0.,1.,0.));
#6423=DIRECTION('ref_axis',(1.,0.,0.));
#6424=DIRECTION('',(0.,-1.,0.));
#6425=DIRECTION('center_axis',(0.,0.,-1.));
#6426=DIRECTION('ref_axis',(1.,0.,0.));
#6427=DIRECTION('',(-1.,0.,0.));
#6428=DIRECTION('',(-1.,0.,0.));
#6429=DIRECTION('',(0.,-1.,0.));
#6430=DIRECTION('center_axis',(0.,-1.,0.));
#6431=DIRECTION('ref_axis',(0.,0.,-1.));
#6432=DIRECTION('center_axis',(0.,1.,0.));
#6433=DIRECTION('ref_axis',(0.,0.,-1.));
#6434=DIRECTION('center_axis',(0.,1.,0.));
#6435=DIRECTION('ref_axis',(0.,0.,-1.));
#6436=DIRECTION('',(0.,-1.,0.));
#6437=DIRECTION('center_axis',(-1.,0.,0.));
#6438=DIRECTION('ref_axis',(0.,0.,-1.));
#6439=DIRECTION('',(0.,0.,1.));
#6440=DIRECTION('',(0.,0.,1.));
#6441=DIRECTION('',(0.,-1.,0.));
#6442=DIRECTION('center_axis',(0.,-1.,0.));
#6443=DIRECTION('ref_axis',(-1.,0.,0.));
#6444=DIRECTION('center_axis',(0.,1.,0.));
#6445=DIRECTION('ref_axis',(-1.,0.,0.));
#6446=DIRECTION('center_axis',(0.,1.,0.));
#6447=DIRECTION('ref_axis',(-1.,0.,0.));
#6448=DIRECTION('',(0.,-1.,0.));
#6449=DIRECTION('center_axis',(0.,0.,1.));
#6450=DIRECTION('ref_axis',(-1.,0.,0.));
#6451=DIRECTION('',(1.,0.,0.));
#6452=DIRECTION('',(1.,0.,0.));
#6453=DIRECTION('',(0.,-1.,0.));
#6454=DIRECTION('center_axis',(0.,-1.,0.));
#6455=DIRECTION('ref_axis',(-1.85037170770859E-15,0.,1.));
#6456=DIRECTION('center_axis',(0.,1.,0.));
#6457=DIRECTION('ref_axis',(-1.85037170770859E-15,0.,1.));
#6458=DIRECTION('center_axis',(0.,1.,0.));
#6459=DIRECTION('ref_axis',(-1.85037170770859E-15,0.,1.));
#6460=DIRECTION('',(0.,-1.,0.));
#6461=DIRECTION('center_axis',(1.,0.,-3.70074341541721E-15));
#6462=DIRECTION('ref_axis',(3.68594044175552E-15,0.,1.));
#6463=DIRECTION('',(-3.70074341541721E-15,0.,-1.));
#6464=DIRECTION('',(-3.70074341541721E-15,0.,-1.));
#6465=DIRECTION('',(0.,-1.,0.));
#6466=DIRECTION('center_axis',(0.,0.,-1.));
#6467=DIRECTION('ref_axis',(1.,0.,0.));
#6468=DIRECTION('',(-1.,0.,0.));
#6469=DIRECTION('',(-1.,0.,0.));
#6470=DIRECTION('',(0.,-1.,0.));
#6471=DIRECTION('center_axis',(-1.,0.,9.25185853854305E-15));
#6472=DIRECTION('ref_axis',(-9.2370555648813E-15,0.,-1.));
#6473=DIRECTION('',(9.25185853854305E-15,0.,1.));
#6474=DIRECTION('',(9.25185853854305E-15,0.,1.));
#6475=DIRECTION('',(0.,-1.,0.));
#6476=DIRECTION('center_axis',(0.,0.,-1.));
#6477=DIRECTION('ref_axis',(1.,0.,0.));
#6478=DIRECTION('',(-1.,0.,0.));
#6479=DIRECTION('',(-1.,0.,0.));
#6480=DIRECTION('',(0.,-1.,0.));
#6481=DIRECTION('center_axis',(1.,0.,0.));
#6482=DIRECTION('ref_axis',(0.,0.,1.));
#6483=DIRECTION('',(0.,0.,-1.));
#6484=DIRECTION('',(0.,0.,-1.));
#6485=DIRECTION('',(0.,-1.,0.));
#6486=DIRECTION('center_axis',(0.,0.,1.));
#6487=DIRECTION('ref_axis',(-1.,0.,0.));
#6488=DIRECTION('',(1.,0.,0.));
#6489=DIRECTION('',(1.,0.,0.));
#6490=DIRECTION('center_axis',(-1.,0.,0.));
#6491=DIRECTION('ref_axis',(0.,0.,-1.));
#6492=DIRECTION('',(0.,0.,1.));
#6493=DIRECTION('',(0.,-1.,0.));
#6494=DIRECTION('',(0.,0.,1.));
#6495=DIRECTION('',(0.,-1.,0.));
#6496=DIRECTION('center_axis',(0.,0.,1.));
#6497=DIRECTION('ref_axis',(-1.,0.,0.));
#6498=DIRECTION('',(1.,0.,0.));
#6499=DIRECTION('',(1.,0.,0.));
#6500=DIRECTION('',(0.,-1.,0.));
#6501=DIRECTION('center_axis',(1.,0.,2.31296463463575E-15));
#6502=DIRECTION('ref_axis',(-2.30926389122033E-15,0.,1.));
#6503=DIRECTION('',(2.31296463463575E-15,0.,-1.));
#6504=DIRECTION('',(2.31296463463575E-15,0.,-1.));
#6505=DIRECTION('',(0.,-1.,0.));
#6506=DIRECTION('center_axis',(0.,0.,-1.));
#6507=DIRECTION('ref_axis',(1.,0.,0.));
#6508=DIRECTION('',(-1.,0.,0.));
#6509=DIRECTION('',(-1.,0.,0.));
#6510=DIRECTION('center_axis',(-1.,0.,0.));
#6511=DIRECTION('ref_axis',(0.,0.,-1.));
#6512=DIRECTION('',(0.,0.,1.));
#6513=DIRECTION('',(0.,-1.,0.));
#6514=DIRECTION('',(0.,0.,1.));
#6515=DIRECTION('',(0.,-1.,0.));
#6516=DIRECTION('center_axis',(1.89781713611138E-16,0.,1.));
#6517=DIRECTION('ref_axis',(-1.,0.,1.77635683940025E-16));
#6518=DIRECTION('',(1.,0.,-1.89781713611138E-16));
#6519=DIRECTION('',(1.,0.,-1.89781713611138E-16));
#6520=DIRECTION('',(0.,-1.,0.));
#6521=DIRECTION('center_axis',(1.,0.,0.));
#6522=DIRECTION('ref_axis',(0.,0.,1.));
#6523=DIRECTION('',(0.,0.,-1.));
#6524=DIRECTION('',(0.,0.,-1.));
#6525=DIRECTION('',(0.,-1.,0.));
#6526=DIRECTION('center_axis',(0.,0.,-1.));
#6527=DIRECTION('ref_axis',(1.,0.,0.));
#6528=DIRECTION('',(-1.,0.,0.));
#6529=DIRECTION('',(-1.,0.,0.));
#6530=DIRECTION('center_axis',(-1.,0.,0.));
#6531=DIRECTION('ref_axis',(0.,0.,-1.));
#6532=DIRECTION('',(0.,0.,1.));
#6533=DIRECTION('',(0.,-1.,0.));
#6534=DIRECTION('',(0.,0.,1.));
#6535=DIRECTION('',(0.,-1.,0.));
#6536=DIRECTION('center_axis',(0.,0.,1.));
#6537=DIRECTION('ref_axis',(-1.,0.,0.));
#6538=DIRECTION('',(1.,0.,0.));
#6539=DIRECTION('',(1.,0.,0.));
#6540=DIRECTION('',(0.,-1.,0.));
#6541=DIRECTION('center_axis',(1.,0.,0.));
#6542=DIRECTION('ref_axis',(0.,0.,1.));
#6543=DIRECTION('',(0.,0.,-1.));
#6544=DIRECTION('',(0.,0.,-1.));
#6545=DIRECTION('',(0.,-1.,0.));
#6546=DIRECTION('center_axis',(0.,0.,-1.));
#6547=DIRECTION('ref_axis',(1.,0.,0.));
#6548=DIRECTION('',(-1.,0.,0.));
#6549=DIRECTION('',(-1.,0.,0.));
#6550=DIRECTION('center_axis',(-1.,0.,0.));
#6551=DIRECTION('ref_axis',(0.,0.,-1.));
#6552=DIRECTION('',(0.,0.,-1.));
#6553=DIRECTION('',(0.,-1.,0.));
#6554=DIRECTION('',(0.,0.,-1.));
#6555=DIRECTION('',(0.,-1.,0.));
#6556=DIRECTION('center_axis',(0.,0.,1.));
#6557=DIRECTION('ref_axis',(-1.,0.,0.));
#6558=DIRECTION('',(-1.,0.,0.));
#6559=DIRECTION('',(0.,-1.,0.));
#6560=DIRECTION('',(-1.,0.,0.));
#6561=DIRECTION('center_axis',(1.,0.,1.02798428206033E-16));
#6562=DIRECTION('ref_axis',(-1.11022302462516E-16,0.,1.));
#6563=DIRECTION('',(-1.02798428206033E-16,0.,1.));
#6564=DIRECTION('',(0.,-1.,0.));
#6565=DIRECTION('',(-1.02798428206033E-16,0.,1.));
#6566=DIRECTION('center_axis',(0.,0.,-1.));
#6567=DIRECTION('ref_axis',(1.,0.,0.));
#6568=DIRECTION('',(1.,0.,0.));
#6569=DIRECTION('',(1.,0.,0.));
#6570=DIRECTION('center_axis',(0.,1.,0.));
#6571=DIRECTION('ref_axis',(0.,0.,1.));
#6572=DIRECTION('center_axis',(-1.,0.,0.));
#6573=DIRECTION('ref_axis',(0.,0.,-1.));
#6574=DIRECTION('',(0.,0.,-1.));
#6575=DIRECTION('',(0.,-1.,0.));
#6576=DIRECTION('',(0.,0.,-1.));
#6577=DIRECTION('',(0.,-1.,0.));
#6578=DIRECTION('center_axis',(6.16790569236198E-16,0.,1.));
#6579=DIRECTION('ref_axis',(-1.,0.,6.21724893790088E-16));
#6580=DIRECTION('',(-1.,0.,6.16790569236198E-16));
#6581=DIRECTION('',(0.,-1.,0.));
#6582=DIRECTION('',(-1.,0.,6.16790569236198E-16));
#6583=DIRECTION('center_axis',(1.,0.,0.));
#6584=DIRECTION('ref_axis',(0.,0.,1.));
#6585=DIRECTION('',(0.,0.,1.));
#6586=DIRECTION('',(0.,-1.,0.));
#6587=DIRECTION('',(0.,0.,1.));
#6588=DIRECTION('center_axis',(-6.16790569236198E-16,0.,-1.));
#6589=DIRECTION('ref_axis',(1.,0.,-6.21724893790088E-16));
#6590=DIRECTION('',(1.,0.,-6.16790569236198E-16));
#6591=DIRECTION('',(1.,0.,-6.16790569236198E-16));
#6592=DIRECTION('center_axis',(0.,1.,0.));
#6593=DIRECTION('ref_axis',(0.,0.,1.));
#6594=DIRECTION('center_axis',(0.,1.,0.));
#6595=DIRECTION('ref_axis',(0.,0.,1.));
#6596=DIRECTION('',(-1.,0.,0.));
#6597=DIRECTION('',(0.,0.,1.));
#6598=DIRECTION('',(1.,0.,0.));
#6599=DIRECTION('',(0.,0.,-1.));
#6600=DIRECTION('center_axis',(0.,1.,0.));
#6601=DIRECTION('ref_axis',(0.,0.,1.));
#6602=DIRECTION('center_axis',(0.,1.,0.));
#6603=DIRECTION('ref_axis',(0.,0.,1.));
#6604=DIRECTION('center_axis',(0.,1.,0.));
#6605=DIRECTION('ref_axis',(0.,0.,1.));
#6606=DIRECTION('center_axis',(0.,1.,0.));
#6607=DIRECTION('ref_axis',(0.,0.,1.));
#6608=DIRECTION('center_axis',(0.,1.,0.));
#6609=DIRECTION('ref_axis',(0.,0.,1.));
#6610=DIRECTION('center_axis',(0.,1.,0.));
#6611=DIRECTION('ref_axis',(0.,0.,1.));
#6612=DIRECTION('center_axis',(0.,1.,0.));
#6613=DIRECTION('ref_axis',(0.,0.,1.));
#6614=DIRECTION('center_axis',(-0.816496580927725,0.408248290463866,-0.408248290463862));
#6615=DIRECTION('ref_axis',(0.577350269189628,0.577350269189628,-0.577350269189621));
#6616=DIRECTION('center_axis',(-1.,0.,0.));
#6617=DIRECTION('ref_axis',(0.,0.,-1.));
#6618=DIRECTION('center_axis',(0.,-1.,0.));
#6619=DIRECTION('ref_axis',(1.,0.,0.));
#6620=DIRECTION('center_axis',(4.44089209850062E-15,0.,1.));
#6621=DIRECTION('ref_axis',(0.,1.,0.));
#6622=DIRECTION('center_axis',(0.,1.,0.));
#6623=DIRECTION('ref_axis',(0.707106781186551,0.,-0.707106781186544));
#6624=DIRECTION('center_axis',(0.,-1.,0.));
#6625=DIRECTION('ref_axis',(0.707106781186551,0.,-0.707106781186544));
#6626=DIRECTION('',(0.,1.,0.));
#6627=DIRECTION('',(0.,-1.,0.));
#6628=DIRECTION('center_axis',(-0.408248290463865,-0.816496580927724,-0.408248290463865));
#6629=DIRECTION('ref_axis',(-0.577350269189623,0.577350269189627,-0.577350269189627));
#6630=DIRECTION('center_axis',(0.,0.,1.));
#6631=DIRECTION('ref_axis',(-1.,0.,0.));
#6632=DIRECTION('center_axis',(0.,-1.,0.));
#6633=DIRECTION('ref_axis',(0.,0.,-1.));
#6634=DIRECTION('center_axis',(1.,0.,-8.88178419700124E-15));
#6635=DIRECTION('ref_axis',(0.,1.,0.));
#6636=DIRECTION('center_axis',(0.,1.,0.));
#6637=DIRECTION('ref_axis',(-0.707106781186544,0.,-0.707106781186551));
#6638=DIRECTION('center_axis',(0.,-1.,0.));
#6639=DIRECTION('ref_axis',(-0.707106781186544,0.,-0.707106781186551));
#6640=DIRECTION('',(0.,1.,0.));
#6641=DIRECTION('',(0.,-1.,0.));
#6642=DIRECTION('center_axis',(-1.,0.,0.));
#6643=DIRECTION('ref_axis',(0.,0.707106781186548,-0.707106781186548));
#6644=DIRECTION('',(1.,0.,0.));
#6645=DIRECTION('',(-1.,0.,0.));
#6646=DIRECTION('center_axis',(0.408248290463865,-0.816496580927724,0.408248290463865));
#6647=DIRECTION('ref_axis',(0.577350269189623,0.577350269189627,0.577350269189627));
#6648=DIRECTION('center_axis',(0.,0.,-1.));
#6649=DIRECTION('ref_axis',(1.,0.,0.));
#6650=DIRECTION('center_axis',(0.,-1.,0.));
#6651=DIRECTION('ref_axis',(0.,0.,1.));
#6652=DIRECTION('center_axis',(-1.,0.,8.88178419700124E-15));
#6653=DIRECTION('ref_axis',(0.,1.,0.));
#6654=DIRECTION('center_axis',(0.,1.,0.));
#6655=DIRECTION('ref_axis',(0.707106781186544,0.,0.707106781186551));
#6656=DIRECTION('center_axis',(0.,-1.,0.));
#6657=DIRECTION('ref_axis',(0.707106781186544,0.,0.707106781186551));
#6658=DIRECTION('',(0.,1.,0.));
#6659=DIRECTION('',(0.,-1.,0.));
#6660=DIRECTION('center_axis',(-0.816496580927725,-0.408248290463866,-0.408248290463862));
#6661=DIRECTION('ref_axis',(-0.577350269189628,0.577350269189628,0.577350269189621));
#6662=DIRECTION('center_axis',(1.,0.,0.));
#6663=DIRECTION('ref_axis',(0.,0.,1.));
#6664=DIRECTION('center_axis',(0.,-1.,0.));
#6665=DIRECTION('ref_axis',(-1.,0.,0.));
#6666=DIRECTION('center_axis',(-4.44089209850062E-15,0.,-1.));
#6667=DIRECTION('ref_axis',(0.,1.,0.));
#6668=DIRECTION('center_axis',(0.,1.,0.));
#6669=DIRECTION('ref_axis',(-0.707106781186551,0.,0.707106781186544));
#6670=DIRECTION('center_axis',(0.,-1.,0.));
#6671=DIRECTION('ref_axis',(-0.707106781186551,0.,0.707106781186544));
#6672=DIRECTION('',(0.,1.,0.));
#6673=DIRECTION('',(0.,-1.,0.));
#6674=DIRECTION('center_axis',(0.,0.,1.));
#6675=DIRECTION('ref_axis',(-0.707106781186548,0.707106781186548,0.));
#6676=DIRECTION('',(0.,0.,-1.));
#6677=DIRECTION('',(0.,0.,1.));
#6678=DIRECTION('center_axis',(1.,0.,0.));
#6679=DIRECTION('ref_axis',(0.,0.707106781186548,0.707106781186548));
#6680=DIRECTION('',(-1.,0.,0.));
#6681=DIRECTION('',(1.,0.,0.));
#6682=DIRECTION('center_axis',(0.,0.,-1.));
#6683=DIRECTION('ref_axis',(0.707106781186548,0.707106781186548,0.));
#6684=DIRECTION('',(0.,0.,1.));
#6685=DIRECTION('',(0.,0.,-1.));
#6686=DIRECTION('center_axis',(0.,0.,-1.));
#6687=DIRECTION('ref_axis',(-1.,0.,0.));
#6688=DIRECTION('',(-1.,0.,0.));
#6689=DIRECTION('center_axis',(-1.,0.,0.));
#6690=DIRECTION('ref_axis',(0.,0.,1.));
#6691=DIRECTION('',(0.,0.,1.));
#6692=DIRECTION('center_axis',(0.,1.,0.));
#6693=DIRECTION('ref_axis',(0.,0.,1.));
#6694=DIRECTION('center_axis',(1.,0.,0.));
#6695=DIRECTION('ref_axis',(0.,0.,-1.));
#6696=DIRECTION('',(0.,0.,-1.));
#6697=DIRECTION('center_axis',(0.,0.,1.));
#6698=DIRECTION('ref_axis',(1.,0.,0.));
#6699=DIRECTION('',(1.,0.,0.));
#6700=DIRECTION('center_axis',(1.,0.,0.));
#6701=DIRECTION('ref_axis',(0.,0.,-1.));
#6702=DIRECTION('',(0.,0.,1.));
#6703=DIRECTION('',(0.,1.,0.));
#6704=DIRECTION('',(0.,1.,0.));
#6705=DIRECTION('center_axis',(0.,0.,1.));
#6706=DIRECTION('ref_axis',(1.,0.,0.));
#6707=DIRECTION('',(-1.,0.,0.));
#6708=DIRECTION('',(0.,1.,0.));
#6709=DIRECTION('center_axis',(-1.,0.,0.));
#6710=DIRECTION('ref_axis',(0.,0.,1.));
#6711=DIRECTION('',(0.,0.,-1.));
#6712=DIRECTION('',(0.,1.,0.));
#6713=DIRECTION('center_axis',(0.,0.,-1.));
#6714=DIRECTION('ref_axis',(-1.,0.,0.));
#6715=DIRECTION('',(1.,0.,0.));
#6716=DIRECTION('center_axis',(0.,1.,0.));
#6717=DIRECTION('ref_axis',(0.,0.,1.));
#6718=DIRECTION('center_axis',(0.,1.,0.));
#6719=DIRECTION('ref_axis',(0.,0.,1.));
#6720=DIRECTION('',(0.,0.,1.));
#6721=DIRECTION('',(1.,0.,0.));
#6722=DIRECTION('',(0.,0.,1.));
#6723=DIRECTION('',(1.,0.,0.));
#6724=CARTESIAN_POINT('',(0.,0.,0.));
#6725=CARTESIAN_POINT('',(0.,0.,0.));
#6726=CARTESIAN_POINT('',(0.,0.,0.));
#6727=CARTESIAN_POINT('Origin',(0.,0.8,0.));
#6728=CARTESIAN_POINT('',(-9.45,0.8,6.4));
#6729=CARTESIAN_POINT('',(-9.45,0.8,-6.4));
#6730=CARTESIAN_POINT('',(-9.45,0.8,3.2));
#6731=CARTESIAN_POINT('',(9.45,0.8,6.4));
#6732=CARTESIAN_POINT('',(4.725,0.8,6.4));
#6733=CARTESIAN_POINT('',(9.45,0.8,-6.4));
#6734=CARTESIAN_POINT('',(9.45,0.8,-3.2));
#6735=CARTESIAN_POINT('',(-4.725,0.8,-6.4));
#6736=CARTESIAN_POINT('',(-9.075,0.8,5.775));
#6737=CARTESIAN_POINT('',(-8.825,0.8,6.025));
#6738=CARTESIAN_POINT('Origin',(-8.825,0.8,5.775));
#6739=CARTESIAN_POINT('',(-9.075,0.8,-5.775));
#6740=CARTESIAN_POINT('',(-9.075,0.8,2.8875));
#6741=CARTESIAN_POINT('',(-8.825,0.8,-6.025));
#6742=CARTESIAN_POINT('Origin',(-8.825,0.8,-5.775));
#6743=CARTESIAN_POINT('',(8.825,0.8,-6.025));
#6744=CARTESIAN_POINT('',(-4.4125,0.8,-6.025));
#6745=CARTESIAN_POINT('',(9.075,0.8,-5.775));
#6746=CARTESIAN_POINT('Origin',(8.825,0.8,-5.775));
#6747=CARTESIAN_POINT('',(9.075,0.8,5.775));
#6748=CARTESIAN_POINT('',(9.075,0.8,-2.8875));
#6749=CARTESIAN_POINT('',(8.825,0.8,6.025));
#6750=CARTESIAN_POINT('Origin',(8.825,0.8,5.775));
#6751=CARTESIAN_POINT('',(4.4125,0.8,6.025));
#6752=CARTESIAN_POINT('Origin',(-9.45,0.,-6.4));
#6753=CARTESIAN_POINT('',(9.45,-0.6,-6.4));
#6754=CARTESIAN_POINT('',(9.45,0.,-6.4));
#6755=CARTESIAN_POINT('',(-9.45,-0.6,-6.4));
#6756=CARTESIAN_POINT('',(-9.45,-0.6,-6.4));
#6757=CARTESIAN_POINT('',(-9.45,0.,-6.4));
#6758=CARTESIAN_POINT('',(-8.27,0.25,-6.4));
#6759=CARTESIAN_POINT('',(-8.27,-2.42092579617078E-18,-6.4));
#6760=CARTESIAN_POINT('',(-8.27,0.323790793840283,-6.4));
#6761=CARTESIAN_POINT('',(-6.97,-2.42092579617078E-18,-6.4));
#6762=CARTESIAN_POINT('',(-8.535,-2.42092579617078E-18,-6.4));
#6763=CARTESIAN_POINT('',(-6.97,0.25,-6.4));
#6764=CARTESIAN_POINT('',(-6.97,0.323790793840283,-6.4));
#6765=CARTESIAN_POINT('',(-8.535,0.25,-6.4));
#6766=CARTESIAN_POINT('',(5.73,0.25,-6.4));
#6767=CARTESIAN_POINT('',(4.43,0.25,-6.4));
#6768=CARTESIAN_POINT('',(-2.185,0.25,-6.4));
#6769=CARTESIAN_POINT('',(4.43,-2.42092579617078E-18,-6.4));
#6770=CARTESIAN_POINT('',(4.43,0.323790793840283,-6.4));
#6771=CARTESIAN_POINT('',(5.73,-2.42092579617078E-18,-6.4));
#6772=CARTESIAN_POINT('',(-2.185,-2.42092579617078E-18,-6.4));
#6773=CARTESIAN_POINT('',(5.73,0.323790793840283,-6.4));
#6774=CARTESIAN_POINT('',(8.27,0.25,-6.4));
#6775=CARTESIAN_POINT('',(6.97,0.25,-6.4));
#6776=CARTESIAN_POINT('',(-0.914999999999999,0.25,-6.4));
#6777=CARTESIAN_POINT('',(6.97,-2.42092579617078E-18,-6.4));
#6778=CARTESIAN_POINT('',(6.97,0.323790793840283,-6.4));
#6779=CARTESIAN_POINT('',(8.27,-2.42092579617078E-18,-6.4));
#6780=CARTESIAN_POINT('',(-0.914999999999999,-2.42092579617078E-18,-6.4));
#6781=CARTESIAN_POINT('',(8.27,0.323790793840283,-6.4));
#6782=CARTESIAN_POINT('Origin',(9.45,0.,-6.4));
#6783=CARTESIAN_POINT('',(9.45,-0.6,6.4));
#6784=CARTESIAN_POINT('',(9.45,0.,6.4));
#6785=CARTESIAN_POINT('',(9.45,-0.6,-6.4));
#6786=CARTESIAN_POINT('Origin',(9.075,0.55,6.025));
#6787=CARTESIAN_POINT('',(9.075,1.15,-5.775));
#6788=CARTESIAN_POINT('',(9.075,0.9,-5.775));
#6789=CARTESIAN_POINT('',(9.075,1.15,5.775));
#6790=CARTESIAN_POINT('',(9.075,1.15,3.0125));
#6791=CARTESIAN_POINT('',(9.075,0.55,5.775));
#6792=CARTESIAN_POINT('Origin',(0.,1.15,1.04820476018652E-16));
#6793=CARTESIAN_POINT('',(8.825,1.15,-6.025));
#6794=CARTESIAN_POINT('Origin',(8.825,1.15,-5.775));
#6795=CARTESIAN_POINT('',(-8.825,1.15,-6.025));
#6796=CARTESIAN_POINT('',(4.5375,1.15,-6.025));
#6797=CARTESIAN_POINT('',(-9.075,1.15,-5.775));
#6798=CARTESIAN_POINT('Origin',(-8.825,1.15,-5.775));
#6799=CARTESIAN_POINT('',(-9.075,1.15,5.775));
#6800=CARTESIAN_POINT('',(-9.075,1.15,-3.0125));
#6801=CARTESIAN_POINT('',(-8.825,1.15,6.025));
#6802=CARTESIAN_POINT('Origin',(-8.825,1.15,5.775));
#6803=CARTESIAN_POINT('',(8.825,1.15,6.025));
#6804=CARTESIAN_POINT('',(-4.5375,1.15,6.025));
#6805=CARTESIAN_POINT('Origin',(8.825,1.15,5.775));
#6806=CARTESIAN_POINT('',(8.02,1.15,-5.275));
#6807=CARTESIAN_POINT('',(8.02,1.15,-5.525));
#6808=CARTESIAN_POINT('',(8.02,1.15,-2.7625));
#6809=CARTESIAN_POINT('',(7.22,1.15,-5.275));
#6810=CARTESIAN_POINT('',(3.81,1.15,-5.275));
#6811=CARTESIAN_POINT('',(7.22,1.15,-5.525));
#6812=CARTESIAN_POINT('',(7.22,1.15,-2.7625));
#6813=CARTESIAN_POINT('',(3.81,1.15,-5.525));
#6814=CARTESIAN_POINT('',(5.48,1.15,-5.275));
#6815=CARTESIAN_POINT('',(5.48,1.15,-5.525));
#6816=CARTESIAN_POINT('',(5.48,1.15,-2.7625));
#6817=CARTESIAN_POINT('',(4.68,1.15,-5.275));
#6818=CARTESIAN_POINT('',(2.54,1.15,-5.275));
#6819=CARTESIAN_POINT('',(4.68,1.15,-5.525));
#6820=CARTESIAN_POINT('',(4.68,1.15,-2.7625));
#6821=CARTESIAN_POINT('',(2.54,1.15,-5.525));
#6822=CARTESIAN_POINT('',(7.22,1.15,5.275));
#6823=CARTESIAN_POINT('',(7.22,1.15,5.525));
#6824=CARTESIAN_POINT('',(7.22,1.15,2.7625));
#6825=CARTESIAN_POINT('',(8.02,1.15,5.275));
#6826=CARTESIAN_POINT('',(3.81,1.15,5.275));
#6827=CARTESIAN_POINT('',(8.02,1.15,5.525));
#6828=CARTESIAN_POINT('',(8.02,1.15,2.7625));
#6829=CARTESIAN_POINT('',(3.81,1.15,5.525));
#6830=CARTESIAN_POINT('',(4.68,1.15,5.275));
#6831=CARTESIAN_POINT('',(4.68,1.15,5.525));
#6832=CARTESIAN_POINT('',(4.68,1.15,2.7625));
#6833=CARTESIAN_POINT('',(5.48,1.15,5.275));
#6834=CARTESIAN_POINT('',(2.54,1.15,5.275));
#6835=CARTESIAN_POINT('',(5.48,1.15,5.525));
#6836=CARTESIAN_POINT('',(5.48,1.15,2.7625));
#6837=CARTESIAN_POINT('',(2.54,1.15,5.525));
#6838=CARTESIAN_POINT('',(-5.48,1.15,5.275));
#6839=CARTESIAN_POINT('',(-5.48,1.15,5.525));
#6840=CARTESIAN_POINT('',(-5.48,1.15,2.7625));
#6841=CARTESIAN_POINT('',(-4.68,1.15,5.275));
#6842=CARTESIAN_POINT('',(-2.54,1.15,5.275));
#6843=CARTESIAN_POINT('',(-4.68,1.15,5.525));
#6844=CARTESIAN_POINT('',(-4.68,1.15,2.7625));
#6845=CARTESIAN_POINT('',(-2.54,1.15,5.525));
#6846=CARTESIAN_POINT('',(-7.22,1.15,5.525));
#6847=CARTESIAN_POINT('',(-7.22,1.15,5.275));
#6848=CARTESIAN_POINT('',(-7.22,1.15,2.7625));
#6849=CARTESIAN_POINT('',(-8.02,1.15,5.525));
#6850=CARTESIAN_POINT('',(-3.81,1.15,5.525));
#6851=CARTESIAN_POINT('',(-8.02,1.15,5.275));
#6852=CARTESIAN_POINT('',(-8.02,1.15,2.7625));
#6853=CARTESIAN_POINT('',(-3.81,1.15,5.275));
#6854=CARTESIAN_POINT('',(-8.02,1.15,-5.525));
#6855=CARTESIAN_POINT('',(-8.02,1.15,-5.275));
#6856=CARTESIAN_POINT('',(-8.02,1.15,-2.7625));
#6857=CARTESIAN_POINT('',(-7.22,1.15,-5.525));
#6858=CARTESIAN_POINT('',(-3.81,1.15,-5.525));
#6859=CARTESIAN_POINT('',(-7.22,1.15,-5.275));
#6860=CARTESIAN_POINT('',(-7.22,1.15,-2.7625));
#6861=CARTESIAN_POINT('',(-3.81,1.15,-5.275));
#6862=CARTESIAN_POINT('',(8.575,1.15,4.925));
#6863=CARTESIAN_POINT('',(8.575,1.15,-4.925));
#6864=CARTESIAN_POINT('',(8.575,1.15,2.4625));
#6865=CARTESIAN_POINT('',(-8.575,1.15,4.925));
#6866=CARTESIAN_POINT('',(-4.2875,1.15,4.925));
#6867=CARTESIAN_POINT('',(-8.575,1.15,-4.925));
#6868=CARTESIAN_POINT('',(-8.575,1.15,-2.4625));
#6869=CARTESIAN_POINT('',(4.2875,1.15,-4.925));
#6870=CARTESIAN_POINT('Origin',(-8.575,0.,4.925));
#6871=CARTESIAN_POINT('',(8.575,0.,4.925));
#6872=CARTESIAN_POINT('',(8.575,0.55,4.925));
#6873=CARTESIAN_POINT('',(-8.575,0.,4.925));
#6874=CARTESIAN_POINT('',(-4.2875,0.,4.925));
#6875=CARTESIAN_POINT('',(-8.575,0.55,4.925));
#6876=CARTESIAN_POINT('Origin',(8.575,0.,4.925));
#6877=CARTESIAN_POINT('',(8.575,0.,-4.925));
#6878=CARTESIAN_POINT('',(8.575,0.,-4.925));
#6879=CARTESIAN_POINT('',(8.575,0.,2.4625));
#6880=CARTESIAN_POINT('Origin',(-9.075,0.55,-6.025));
#6881=CARTESIAN_POINT('',(-9.075,0.9,5.775));
#6882=CARTESIAN_POINT('',(-9.075,0.55,-5.775));
#6883=CARTESIAN_POINT('Origin',(-8.825,0.55,-5.775));
#6884=CARTESIAN_POINT('',(-8.825,0.55,-6.025));
#6885=CARTESIAN_POINT('Origin',(9.075,0.55,-6.025));
#6886=CARTESIAN_POINT('',(8.825,0.55,-6.025));
#6887=CARTESIAN_POINT('Origin',(8.825,0.55,-5.775));
#6888=CARTESIAN_POINT('Origin',(7.22,1.,-5.525));
#6889=CARTESIAN_POINT('',(7.22,1.,-5.275));
#6890=CARTESIAN_POINT('',(7.22,0.5,-5.275));
#6891=CARTESIAN_POINT('',(7.22,1.,-5.525));
#6892=CARTESIAN_POINT('',(7.22,1.,-5.525));
#6893=CARTESIAN_POINT('',(7.22,2.15,-5.525));
#6894=CARTESIAN_POINT('Origin',(7.62,0.,-5.275));
#6895=CARTESIAN_POINT('',(8.02,1.,-5.275));
#6896=CARTESIAN_POINT('',(8.02,1.65,-5.275));
#6897=CARTESIAN_POINT('',(8.27,0.750000000000001,-5.275));
#6898=CARTESIAN_POINT('',(8.17,0.85,-5.275));
#6899=CARTESIAN_POINT('',(8.27,0.375,-5.275));
#6900=CARTESIAN_POINT('',(8.27,0.,-5.275));
#6901=CARTESIAN_POINT('',(6.97,0.375,-5.275));
#6902=CARTESIAN_POINT('',(7.62,0.375,-5.275));
#6903=CARTESIAN_POINT('',(6.97,0.750000000000001,-5.275));
#6904=CARTESIAN_POINT('',(6.97,0.,-5.275));
#6905=CARTESIAN_POINT('',(6.945,0.725000000000001,-5.275));
#6906=CARTESIAN_POINT('Origin',(4.68,1.,-5.525));
#6907=CARTESIAN_POINT('',(4.68,1.,-5.275));
#6908=CARTESIAN_POINT('',(4.68,0.5,-5.275));
#6909=CARTESIAN_POINT('',(4.68,1.,-5.525));
#6910=CARTESIAN_POINT('',(4.68,1.,-5.525));
#6911=CARTESIAN_POINT('',(4.68,2.15,-5.525));
#6912=CARTESIAN_POINT('Origin',(5.08,0.,-5.275));
#6913=CARTESIAN_POINT('',(5.48,1.,-5.275));
#6914=CARTESIAN_POINT('',(5.48,1.65,-5.275));
#6915=CARTESIAN_POINT('',(5.73,0.750000000000001,-5.275));
#6916=CARTESIAN_POINT('',(5.63,0.85,-5.275));
#6917=CARTESIAN_POINT('',(5.73,0.375,-5.275));
#6918=CARTESIAN_POINT('',(5.73,0.,-5.275));
#6919=CARTESIAN_POINT('',(4.43,0.375,-5.275));
#6920=CARTESIAN_POINT('',(5.08,0.375,-5.275));
#6921=CARTESIAN_POINT('',(4.43,0.750000000000001,-5.275));
#6922=CARTESIAN_POINT('',(4.43,0.,-5.275));
#6923=CARTESIAN_POINT('',(4.405,0.725000000000001,-5.275));
#6924=CARTESIAN_POINT('Origin',(8.02,0.999999999999995,5.525));
#6925=CARTESIAN_POINT('',(8.02,0.999999999999995,5.275));
#6926=CARTESIAN_POINT('',(8.02,0.499999999999995,5.275));
#6927=CARTESIAN_POINT('',(8.02,0.999999999999995,5.525));
#6928=CARTESIAN_POINT('',(8.02,0.999999999999995,5.525));
#6929=CARTESIAN_POINT('',(8.02,2.15,5.525));
#6930=CARTESIAN_POINT('Origin',(7.62,-5.07593966858625E-15,5.275));
#6931=CARTESIAN_POINT('',(7.22,0.999999999999994,5.275));
#6932=CARTESIAN_POINT('',(7.22,1.64999999999999,5.275));
#6933=CARTESIAN_POINT('',(6.97,0.749999999999995,5.275));
#6934=CARTESIAN_POINT('',(7.07,0.849999999999995,5.275));
#6935=CARTESIAN_POINT('',(6.97,0.374999999999995,5.275));
#6936=CARTESIAN_POINT('',(6.97,-5.50892664819006E-15,5.275));
#6937=CARTESIAN_POINT('',(8.27,0.374999999999995,5.275));
#6938=CARTESIAN_POINT('',(7.62,0.374999999999995,5.275));
#6939=CARTESIAN_POINT('',(8.27,0.749999999999996,5.275));
#6940=CARTESIAN_POINT('',(8.27,-4.64295268898243E-15,5.275));
#6941=CARTESIAN_POINT('',(8.295,0.724999999999996,5.275));
#6942=CARTESIAN_POINT('Origin',(5.48,0.999999999999995,5.525));
#6943=CARTESIAN_POINT('',(5.48,0.999999999999995,5.275));
#6944=CARTESIAN_POINT('',(5.48,0.499999999999995,5.275));
#6945=CARTESIAN_POINT('',(5.48,0.999999999999995,5.525));
#6946=CARTESIAN_POINT('',(5.48,0.999999999999995,5.525));
#6947=CARTESIAN_POINT('',(5.48,2.15,5.525));
#6948=CARTESIAN_POINT('Origin',(5.08,-5.07593966858625E-15,5.275));
#6949=CARTESIAN_POINT('',(4.68,0.999999999999994,5.275));
#6950=CARTESIAN_POINT('',(4.68,1.64999999999999,5.275));
#6951=CARTESIAN_POINT('',(4.43,0.749999999999995,5.275));
#6952=CARTESIAN_POINT('',(4.53,0.849999999999995,5.275));
#6953=CARTESIAN_POINT('',(4.43,0.374999999999995,5.275));
#6954=CARTESIAN_POINT('',(4.43,-5.50892664819006E-15,5.275));
#6955=CARTESIAN_POINT('',(5.73,0.374999999999995,5.275));
#6956=CARTESIAN_POINT('',(5.08,0.374999999999995,5.275));
#6957=CARTESIAN_POINT('',(5.73,0.749999999999996,5.275));
#6958=CARTESIAN_POINT('',(5.73,-4.64295268898243E-15,5.275));
#6959=CARTESIAN_POINT('',(5.755,0.724999999999996,5.275));
#6960=CARTESIAN_POINT('Origin',(-4.68,0.999999999999995,5.525));
#6961=CARTESIAN_POINT('',(-4.68,0.999999999999995,5.275));
#6962=CARTESIAN_POINT('',(-4.68,0.499999999999995,5.275));
#6963=CARTESIAN_POINT('',(-4.68,0.999999999999995,5.525));
#6964=CARTESIAN_POINT('',(-4.68,0.999999999999995,5.525));
#6965=CARTESIAN_POINT('',(-4.68,2.15,5.525));
#6966=CARTESIAN_POINT('Origin',(-5.08,-5.07593966858625E-15,5.275));
#6967=CARTESIAN_POINT('',(-5.48,0.999999999999994,5.275));
#6968=CARTESIAN_POINT('',(-5.48,1.64999999999999,5.275));
#6969=CARTESIAN_POINT('',(-5.73,0.749999999999995,5.275));
#6970=CARTESIAN_POINT('',(-5.63,0.849999999999995,5.275));
#6971=CARTESIAN_POINT('',(-5.73,0.374999999999995,5.275));
#6972=CARTESIAN_POINT('',(-5.73,-5.50892664819006E-15,5.275));
#6973=CARTESIAN_POINT('',(-4.43,0.374999999999995,5.275));
#6974=CARTESIAN_POINT('',(-5.08,0.374999999999995,5.275));
#6975=CARTESIAN_POINT('',(-4.43,0.749999999999996,5.275));
#6976=CARTESIAN_POINT('',(-4.43,-4.64295268898243E-15,5.275));
#6977=CARTESIAN_POINT('',(-4.405,0.724999999999996,5.275));
#6978=CARTESIAN_POINT('Origin',(-8.02,3.29999999999999,5.525));
#6979=CARTESIAN_POINT('',(-8.02,0.999999999999994,5.525));
#6980=CARTESIAN_POINT('',(-8.02,3.29999999999999,5.525));
#6981=CARTESIAN_POINT('',(-8.02,0.999999999999994,5.275));
#6982=CARTESIAN_POINT('',(-8.02,0.999999999999994,5.525));
#6983=CARTESIAN_POINT('',(-8.02,1.64999999999999,5.275));
#6984=CARTESIAN_POINT('Origin',(-7.62,3.29999999999999,5.525));
#6985=CARTESIAN_POINT('',(-7.22,0.999999999999995,5.525));
#6986=CARTESIAN_POINT('',(-7.22,2.15,5.525));
#6987=CARTESIAN_POINT('',(-6.97,0.749999999999996,5.525));
#6988=CARTESIAN_POINT('',(-7.77,1.54999999999999,5.525));
#6989=CARTESIAN_POINT('',(-6.97,0.374999999999995,5.525));
#6990=CARTESIAN_POINT('',(-6.97000000000001,3.3,5.525));
#6991=CARTESIAN_POINT('',(-8.27,0.374999999999994,5.525));
#6992=CARTESIAN_POINT('',(-7.62,0.374999999999995,5.525));
#6993=CARTESIAN_POINT('',(-8.27,0.749999999999995,5.525));
#6994=CARTESIAN_POINT('',(-8.27,3.29999999999999,5.525));
#6995=CARTESIAN_POINT('',(-7.345,1.67499999999999,5.525));
#6996=CARTESIAN_POINT('Origin',(-7.22,3.3,-5.525));
#6997=CARTESIAN_POINT('',(-7.22,1.,-5.525));
#6998=CARTESIAN_POINT('',(-7.22,3.3,-5.525));
#6999=CARTESIAN_POINT('',(-7.22,1.,-5.275));
#7000=CARTESIAN_POINT('',(-7.22,1.,-5.525));
#7001=CARTESIAN_POINT('',(-7.22,1.65,-5.275));
#7002=CARTESIAN_POINT('Origin',(-7.62,3.3,-5.525));
#7003=CARTESIAN_POINT('',(-8.02,1.,-5.525));
#7004=CARTESIAN_POINT('',(-8.02,2.15,-5.525));
#7005=CARTESIAN_POINT('',(-8.27,0.750000000000001,-5.525));
#7006=CARTESIAN_POINT('',(-7.47,1.55,-5.525));
#7007=CARTESIAN_POINT('',(-8.27,0.375,-5.525));
#7008=CARTESIAN_POINT('',(-8.27,3.3,-5.525));
#7009=CARTESIAN_POINT('',(-6.97,0.375,-5.525));
#7010=CARTESIAN_POINT('',(-7.62,0.375,-5.525));
#7011=CARTESIAN_POINT('',(-6.97,0.750000000000001,-5.525));
#7012=CARTESIAN_POINT('',(-6.97,3.3,-5.525));
#7013=CARTESIAN_POINT('',(-7.895,1.675,-5.525));
#7014=CARTESIAN_POINT('Origin',(-8.825,0.55,5.775));
#7015=CARTESIAN_POINT('',(-8.825,0.55,6.025));
#7016=CARTESIAN_POINT('Origin',(-9.075,0.55,6.025));
#7017=CARTESIAN_POINT('',(8.825,0.9,6.025));
#7018=CARTESIAN_POINT('Origin',(8.825,0.55,5.775));
#7019=CARTESIAN_POINT('Origin',(4.,-0.6,1.75));
#7020=CARTESIAN_POINT('',(4.,0.,-1.75));
#7021=CARTESIAN_POINT('',(4.,0.,1.75));
#7022=CARTESIAN_POINT('',(4.,0.,0.875));
#7023=CARTESIAN_POINT('',(4.,-0.6,-1.75));
#7024=CARTESIAN_POINT('',(4.,-0.6,-1.75));
#7025=CARTESIAN_POINT('',(4.,-0.6,1.75));
#7026=CARTESIAN_POINT('',(4.,-0.6,0.875));
#7027=CARTESIAN_POINT('',(4.,-0.6,1.75));
#7028=CARTESIAN_POINT('Origin',(-4.,-0.6,1.75));
#7029=CARTESIAN_POINT('',(-4.,0.,1.75));
#7030=CARTESIAN_POINT('',(-2.,0.,1.75));
#7031=CARTESIAN_POINT('',(-4.,-0.6,1.75));
#7032=CARTESIAN_POINT('',(-2.,-0.6,1.75));
#7033=CARTESIAN_POINT('',(-4.,-0.6,1.75));
#7034=CARTESIAN_POINT('Origin',(-4.,-0.6,-1.75));
#7035=CARTESIAN_POINT('',(-4.,0.,-1.75));
#7036=CARTESIAN_POINT('',(-4.,0.,-0.875));
#7037=CARTESIAN_POINT('',(-4.,-0.6,-1.75));
#7038=CARTESIAN_POINT('',(-4.,-0.6,-0.875));
#7039=CARTESIAN_POINT('',(-4.,-0.6,-1.75));
#7040=CARTESIAN_POINT('Origin',(4.,-0.6,-1.75));
#7041=CARTESIAN_POINT('',(2.,0.,-1.75));
#7042=CARTESIAN_POINT('',(2.,-0.6,-1.75));
#7043=CARTESIAN_POINT('Origin',(0.,-0.6,0.));
#7044=CARTESIAN_POINT('',(-9.45,-0.6,6.4));
#7045=CARTESIAN_POINT('',(-9.45,-0.6,6.4));
#7046=CARTESIAN_POINT('',(9.45,-0.6,6.4));
#7047=CARTESIAN_POINT('Origin',(7.62,-3.25167388670937E-18,-6.78604719043193));
#7048=CARTESIAN_POINT('',(6.97,-8.0697526539026E-19,-5.65));
#7049=CARTESIAN_POINT('',(6.97,-3.25167388670937E-18,-6.78604719043193));
#7050=CARTESIAN_POINT('',(8.27,-8.0697526539026E-19,-5.65));
#7051=CARTESIAN_POINT('',(7.62,0.,-5.65));
#7052=CARTESIAN_POINT('',(8.27,-3.25167388670937E-18,-6.78604719043193));
#7053=CARTESIAN_POINT('Origin',(7.62,0.25,-5.525));
#7054=CARTESIAN_POINT('',(8.27,0.25,-5.65));
#7055=CARTESIAN_POINT('',(8.27,0.25,-5.525));
#7056=CARTESIAN_POINT('',(6.97,0.25,-5.65));
#7057=CARTESIAN_POINT('',(7.62,0.25,-5.65));
#7058=CARTESIAN_POINT('',(6.97,0.25,-5.525));
#7059=CARTESIAN_POINT('Origin',(7.62,0.375,-5.65));
#7060=CARTESIAN_POINT('Origin',(6.97,0.375,-5.65));
#7061=CARTESIAN_POINT('Origin',(8.27,0.375,-5.65));
#7062=CARTESIAN_POINT('Origin',(6.97,0.647581587680565,-6.29427821233159));
#7063=CARTESIAN_POINT('',(6.97,0.375,-5.525));
#7064=CARTESIAN_POINT('Origin',(6.97,0.375,-5.65));
#7065=CARTESIAN_POINT('',(6.97,0.750000000000001,-5.525));
#7066=CARTESIAN_POINT('',(6.97,3.3,-5.525));
#7067=CARTESIAN_POINT('',(6.97,0.75,-5.9096391061658));
#7068=CARTESIAN_POINT('Origin',(7.62,0.375,-5.65));
#7069=CARTESIAN_POINT('',(8.27,0.375,-5.525));
#7070=CARTESIAN_POINT('Origin',(8.27,0.375,-5.65));
#7071=CARTESIAN_POINT('',(7.62,0.375,-5.525));
#7072=CARTESIAN_POINT('Origin',(8.27,0.647581587680565,-6.29427821233159));
#7073=CARTESIAN_POINT('',(8.27,0.750000000000001,-5.525));
#7074=CARTESIAN_POINT('',(8.27,0.75,-5.9096391061658));
#7075=CARTESIAN_POINT('',(8.27,3.3,-5.525));
#7076=CARTESIAN_POINT('Origin',(8.02,1.,-5.525));
#7077=CARTESIAN_POINT('',(8.02,1.,-5.525));
#7078=CARTESIAN_POINT('',(8.02,1.,-5.525));
#7079=CARTESIAN_POINT('',(7.345,1.675,-5.525));
#7080=CARTESIAN_POINT('Origin',(8.02,3.3,-5.525));
#7081=CARTESIAN_POINT('',(8.02,3.3,-5.525));
#7082=CARTESIAN_POINT('Origin',(6.97,0.750000000000001,-5.525));
#7083=CARTESIAN_POINT('',(7.77,1.55,-5.525));
#7084=CARTESIAN_POINT('Origin',(7.62,3.3,-5.525));
#7085=CARTESIAN_POINT('Origin',(5.08,-3.25167388670937E-18,-6.78604719043193));
#7086=CARTESIAN_POINT('',(4.43,-8.0697526539026E-19,-5.65));
#7087=CARTESIAN_POINT('',(4.43,-3.25167388670937E-18,-6.78604719043193));
#7088=CARTESIAN_POINT('',(5.73,-8.0697526539026E-19,-5.65));
#7089=CARTESIAN_POINT('',(5.08,0.,-5.65));
#7090=CARTESIAN_POINT('',(5.73,-3.25167388670937E-18,-6.78604719043193));
#7091=CARTESIAN_POINT('Origin',(5.08,0.25,-5.525));
#7092=CARTESIAN_POINT('',(5.73,0.25,-5.65));
#7093=CARTESIAN_POINT('',(5.73,0.25,-5.525));
#7094=CARTESIAN_POINT('',(4.43,0.25,-5.65));
#7095=CARTESIAN_POINT('',(5.08,0.25,-5.65));
#7096=CARTESIAN_POINT('',(4.43,0.25,-5.525));
#7097=CARTESIAN_POINT('Origin',(5.08,0.375,-5.65));
#7098=CARTESIAN_POINT('Origin',(4.43,0.375,-5.65));
#7099=CARTESIAN_POINT('Origin',(5.73,0.375,-5.65));
#7100=CARTESIAN_POINT('Origin',(4.43,0.647581587680565,-6.29427821233159));
#7101=CARTESIAN_POINT('',(4.43,0.375,-5.525));
#7102=CARTESIAN_POINT('Origin',(4.43,0.375,-5.65));
#7103=CARTESIAN_POINT('',(4.43,0.750000000000001,-5.525));
#7104=CARTESIAN_POINT('',(4.43,3.3,-5.525));
#7105=CARTESIAN_POINT('',(4.43,0.75,-5.9096391061658));
#7106=CARTESIAN_POINT('Origin',(5.08,0.375,-5.65));
#7107=CARTESIAN_POINT('',(5.73,0.375,-5.525));
#7108=CARTESIAN_POINT('Origin',(5.73,0.375,-5.65));
#7109=CARTESIAN_POINT('',(5.08,0.375,-5.525));
#7110=CARTESIAN_POINT('Origin',(5.73,0.647581587680565,-6.29427821233159));
#7111=CARTESIAN_POINT('',(5.73,0.750000000000001,-5.525));
#7112=CARTESIAN_POINT('',(5.73,0.75,-5.9096391061658));
#7113=CARTESIAN_POINT('',(5.73,3.3,-5.525));
#7114=CARTESIAN_POINT('Origin',(5.48,1.,-5.525));
#7115=CARTESIAN_POINT('',(5.48,1.,-5.525));
#7116=CARTESIAN_POINT('',(5.48,1.,-5.525));
#7117=CARTESIAN_POINT('',(4.805,1.675,-5.525));
#7118=CARTESIAN_POINT('Origin',(5.48,3.3,-5.525));
#7119=CARTESIAN_POINT('',(5.48,3.3,-5.525));
#7120=CARTESIAN_POINT('Origin',(4.43,0.750000000000001,-5.525));
#7121=CARTESIAN_POINT('',(5.23,1.55,-5.525));
#7122=CARTESIAN_POINT('Origin',(5.08,3.3,-5.525));
#7123=CARTESIAN_POINT('Origin',(7.62,-5.07919134247296E-15,6.78604719043193));
#7124=CARTESIAN_POINT('',(8.27,-4.64537361477861E-15,6.4));
#7125=CARTESIAN_POINT('',(6.97,-5.51134757398623E-15,6.4));
#7126=CARTESIAN_POINT('',(8.535,-4.4688481538632E-15,6.4));
#7127=CARTESIAN_POINT('',(8.27,-4.64375966424782E-15,5.65));
#7128=CARTESIAN_POINT('',(8.27,-4.64620436286914E-15,6.78604719043193));
#7129=CARTESIAN_POINT('',(6.97,-5.50973362345545E-15,5.65));
#7130=CARTESIAN_POINT('',(7.62,-5.07593966858625E-15,5.65));
#7131=CARTESIAN_POINT('',(6.97,-5.51217832207677E-15,6.78604719043193));
#7132=CARTESIAN_POINT('Origin',(7.62,0.249999999999995,5.525));
#7133=CARTESIAN_POINT('',(6.97,0.249999999999994,6.4));
#7134=CARTESIAN_POINT('',(8.27,0.249999999999995,6.4));
#7135=CARTESIAN_POINT('',(8.535,0.249999999999995,6.4));
#7136=CARTESIAN_POINT('',(6.97,0.249999999999994,5.65));
#7137=CARTESIAN_POINT('',(6.97,0.249999999999994,5.525));
#7138=CARTESIAN_POINT('',(8.27,0.249999999999995,5.65));
#7139=CARTESIAN_POINT('',(7.62,0.249999999999995,5.65));
#7140=CARTESIAN_POINT('',(8.27,0.249999999999995,5.525));
#7141=CARTESIAN_POINT('Origin',(7.62,0.374999999999995,5.65));
#7142=CARTESIAN_POINT('Origin',(8.27,0.374999999999995,5.65));
#7143=CARTESIAN_POINT('Origin',(6.97,0.374999999999995,5.65));
#7144=CARTESIAN_POINT('Origin',(8.27,0.647581587680561,6.29427821233159));
#7145=CARTESIAN_POINT('',(8.27,0.32379079384028,6.4));
#7146=CARTESIAN_POINT('',(8.27,0.374999999999995,5.525));
#7147=CARTESIAN_POINT('Origin',(8.27,0.374999999999995,5.65));
#7148=CARTESIAN_POINT('',(8.27,0.749999999999996,5.525));
#7149=CARTESIAN_POINT('',(8.27,3.3,5.525));
#7150=CARTESIAN_POINT('',(8.27,0.749999999999996,5.9096391061658));
#7151=CARTESIAN_POINT('Origin',(7.62,0.374999999999995,5.65));
#7152=CARTESIAN_POINT('',(6.97,0.374999999999994,5.525));
#7153=CARTESIAN_POINT('Origin',(6.97,0.374999999999994,5.65));
#7154=CARTESIAN_POINT('',(7.62,0.374999999999995,5.525));
#7155=CARTESIAN_POINT('Origin',(6.97,0.64758158768056,6.29427821233159));
#7156=CARTESIAN_POINT('',(6.97,0.323790793840279,6.4));
#7157=CARTESIAN_POINT('',(6.97,0.749999999999995,5.525));
#7158=CARTESIAN_POINT('',(6.97,0.749999999999995,5.9096391061658));
#7159=CARTESIAN_POINT('',(6.97,3.29999999999999,5.525));
#7160=CARTESIAN_POINT('Origin',(7.22,0.999999999999994,5.525));
#7161=CARTESIAN_POINT('',(7.22,0.999999999999994,5.525));
#7162=CARTESIAN_POINT('',(7.22,0.999999999999994,5.525));
#7163=CARTESIAN_POINT('',(7.895,1.67499999999999,5.525));
#7164=CARTESIAN_POINT('Origin',(7.22,3.29999999999999,5.525));
#7165=CARTESIAN_POINT('',(7.22,3.29999999999999,5.525));
#7166=CARTESIAN_POINT('Origin',(8.27,0.749999999999996,5.525));
#7167=CARTESIAN_POINT('',(7.47,1.54999999999999,5.525));
#7168=CARTESIAN_POINT('Origin',(7.62,3.29999999999999,5.525));
#7169=CARTESIAN_POINT('Origin',(5.08,-5.07919134247296E-15,6.78604719043193));
#7170=CARTESIAN_POINT('',(5.73,-4.64537361477861E-15,6.4));
#7171=CARTESIAN_POINT('',(4.43,-5.51134757398623E-15,6.4));
#7172=CARTESIAN_POINT('',(7.265,-3.62285820909883E-15,6.4));
#7173=CARTESIAN_POINT('',(5.73,-4.64375966424782E-15,5.65));
#7174=CARTESIAN_POINT('',(5.73,-4.64620436286914E-15,6.78604719043193));
#7175=CARTESIAN_POINT('',(4.43,-5.50973362345545E-15,5.65));
#7176=CARTESIAN_POINT('',(5.08,-5.07593966858625E-15,5.65));
#7177=CARTESIAN_POINT('',(4.43,-5.51217832207677E-15,6.78604719043193));
#7178=CARTESIAN_POINT('Origin',(5.08,0.249999999999995,5.525));
#7179=CARTESIAN_POINT('',(4.43,0.249999999999994,6.4));
#7180=CARTESIAN_POINT('',(5.73,0.249999999999995,6.4));
#7181=CARTESIAN_POINT('',(7.265,0.249999999999996,6.4));
#7182=CARTESIAN_POINT('',(4.43,0.249999999999994,5.65));
#7183=CARTESIAN_POINT('',(4.43,0.249999999999994,5.525));
#7184=CARTESIAN_POINT('',(5.73,0.249999999999995,5.65));
#7185=CARTESIAN_POINT('',(5.08,0.249999999999995,5.65));
#7186=CARTESIAN_POINT('',(5.73,0.249999999999995,5.525));
#7187=CARTESIAN_POINT('Origin',(5.08,0.374999999999995,5.65));
#7188=CARTESIAN_POINT('Origin',(5.73,0.374999999999995,5.65));
#7189=CARTESIAN_POINT('Origin',(4.43,0.374999999999995,5.65));
#7190=CARTESIAN_POINT('Origin',(5.73,0.647581587680561,6.29427821233159));
#7191=CARTESIAN_POINT('',(5.73,0.323790793840279,6.4));
#7192=CARTESIAN_POINT('',(5.73,0.374999999999995,5.525));
#7193=CARTESIAN_POINT('Origin',(5.73,0.374999999999995,5.65));
#7194=CARTESIAN_POINT('',(5.73,0.749999999999996,5.525));
#7195=CARTESIAN_POINT('',(5.73,3.3,5.525));
#7196=CARTESIAN_POINT('',(5.73,0.749999999999996,5.9096391061658));
#7197=CARTESIAN_POINT('Origin',(5.08,0.374999999999995,5.65));
#7198=CARTESIAN_POINT('',(4.43,0.374999999999994,5.525));
#7199=CARTESIAN_POINT('Origin',(4.43,0.374999999999994,5.65));
#7200=CARTESIAN_POINT('',(5.08,0.374999999999995,5.525));
#7201=CARTESIAN_POINT('Origin',(4.43,0.64758158768056,6.29427821233159));
#7202=CARTESIAN_POINT('',(4.43,0.323790793840278,6.4));
#7203=CARTESIAN_POINT('',(4.43,0.749999999999995,5.525));
#7204=CARTESIAN_POINT('',(4.43,0.749999999999995,5.9096391061658));
#7205=CARTESIAN_POINT('',(4.43,3.29999999999999,5.525));
#7206=CARTESIAN_POINT('Origin',(4.68,0.999999999999994,5.525));
#7207=CARTESIAN_POINT('',(4.68,0.999999999999994,5.525));
#7208=CARTESIAN_POINT('',(4.68,0.999999999999994,5.525));
#7209=CARTESIAN_POINT('',(5.355,1.67499999999999,5.525));
#7210=CARTESIAN_POINT('Origin',(4.68,3.29999999999999,5.525));
#7211=CARTESIAN_POINT('',(4.68,3.29999999999999,5.525));
#7212=CARTESIAN_POINT('Origin',(5.73,0.749999999999996,5.525));
#7213=CARTESIAN_POINT('',(4.93,1.54999999999999,5.525));
#7214=CARTESIAN_POINT('Origin',(5.08,3.29999999999999,5.525));
#7215=CARTESIAN_POINT('Origin',(-5.08,-5.07919134247296E-15,6.78604719043193));
#7216=CARTESIAN_POINT('',(-4.43,-4.64537361477861E-15,6.4));
#7217=CARTESIAN_POINT('',(-5.73,-5.51134757398623E-15,6.4));
#7218=CARTESIAN_POINT('',(2.185,-2.38898430041331E-16,6.4));
#7219=CARTESIAN_POINT('',(-4.43,-4.64375966424782E-15,5.65));
#7220=CARTESIAN_POINT('',(-4.43,-4.64620436286914E-15,6.78604719043193));
#7221=CARTESIAN_POINT('',(-5.73,-5.50973362345545E-15,5.65));
#7222=CARTESIAN_POINT('',(-5.08,-5.07593966858625E-15,5.65));
#7223=CARTESIAN_POINT('',(-5.73,-5.51217832207677E-15,6.78604719043193));
#7224=CARTESIAN_POINT('Origin',(-5.08,0.249999999999995,5.525));
#7225=CARTESIAN_POINT('',(-5.73,0.249999999999994,6.4));
#7226=CARTESIAN_POINT('',(-4.43,0.249999999999995,6.4));
#7227=CARTESIAN_POINT('',(2.185,0.25,6.4));
#7228=CARTESIAN_POINT('',(-5.73,0.249999999999994,5.65));
#7229=CARTESIAN_POINT('',(-5.73,0.249999999999994,5.525));
#7230=CARTESIAN_POINT('',(-4.43,0.249999999999995,5.65));
#7231=CARTESIAN_POINT('',(-5.08,0.249999999999995,5.65));
#7232=CARTESIAN_POINT('',(-4.43,0.249999999999995,5.525));
#7233=CARTESIAN_POINT('Origin',(-5.08,0.374999999999995,5.65));
#7234=CARTESIAN_POINT('Origin',(-4.43,0.374999999999995,5.65));
#7235=CARTESIAN_POINT('Origin',(-5.73,0.374999999999995,5.65));
#7236=CARTESIAN_POINT('Origin',(-4.43,0.647581587680561,6.29427821233159));
#7237=CARTESIAN_POINT('',(-4.43,0.323790793840276,6.4));
#7238=CARTESIAN_POINT('',(-4.43,0.374999999999995,5.525));
#7239=CARTESIAN_POINT('Origin',(-4.43,0.374999999999995,5.65));
#7240=CARTESIAN_POINT('',(-4.43,0.749999999999996,5.525));
#7241=CARTESIAN_POINT('',(-4.43000000000001,3.3,5.525));
#7242=CARTESIAN_POINT('',(-4.43,0.749999999999996,5.9096391061658));
#7243=CARTESIAN_POINT('Origin',(-5.08,0.374999999999995,5.65));
#7244=CARTESIAN_POINT('',(-5.73,0.374999999999994,5.525));
#7245=CARTESIAN_POINT('Origin',(-5.73,0.374999999999994,5.65));
#7246=CARTESIAN_POINT('',(-5.08,0.374999999999995,5.525));
#7247=CARTESIAN_POINT('Origin',(-5.73,0.64758158768056,6.29427821233159));
#7248=CARTESIAN_POINT('',(-5.73,0.323790793840275,6.4));
#7249=CARTESIAN_POINT('',(-5.73,0.749999999999995,5.525));
#7250=CARTESIAN_POINT('',(-5.73,0.749999999999995,5.9096391061658));
#7251=CARTESIAN_POINT('',(-5.73,3.29999999999999,5.525));
#7252=CARTESIAN_POINT('Origin',(-5.48,0.999999999999994,5.525));
#7253=CARTESIAN_POINT('',(-5.48,0.999999999999994,5.525));
#7254=CARTESIAN_POINT('',(-5.48,0.999999999999994,5.525));
#7255=CARTESIAN_POINT('',(-4.805,1.67499999999999,5.525));
#7256=CARTESIAN_POINT('Origin',(-5.48,3.29999999999999,5.525));
#7257=CARTESIAN_POINT('',(-5.48,3.29999999999999,5.525));
#7258=CARTESIAN_POINT('Origin',(-4.43,0.749999999999996,5.525));
#7259=CARTESIAN_POINT('',(-5.23,1.54999999999999,5.525));
#7260=CARTESIAN_POINT('Origin',(-5.08,3.29999999999999,5.525));
#7261=CARTESIAN_POINT('Origin',(-7.22,0.999999999999995,5.525));
#7262=CARTESIAN_POINT('',(-7.22,0.999999999999995,5.275));
#7263=CARTESIAN_POINT('',(-7.22,0.499999999999995,5.275));
#7264=CARTESIAN_POINT('',(-7.22,0.999999999999995,5.525));
#7265=CARTESIAN_POINT('Origin',(-8.27,0.64758158768056,6.29427821233159));
#7266=CARTESIAN_POINT('',(-8.27,-5.51134757398623E-15,6.4));
#7267=CARTESIAN_POINT('',(-8.27,0.249999999999994,6.4));
#7268=CARTESIAN_POINT('',(-8.27,0.323790793840274,6.4));
#7269=CARTESIAN_POINT('',(-8.27,-5.50973362345545E-15,5.65));
#7270=CARTESIAN_POINT('',(-8.27,-5.51217832207677E-15,6.78604719043193));
#7271=CARTESIAN_POINT('',(-8.27,0.374999999999995,5.275));
#7272=CARTESIAN_POINT('Origin',(-8.27,0.374999999999995,5.65));
#7273=CARTESIAN_POINT('',(-8.27,0.749999999999995,5.275));
#7274=CARTESIAN_POINT('',(-8.27,-5.50892664819006E-15,5.275));
#7275=CARTESIAN_POINT('',(-8.27,0.749999999999995,5.9096391061658));
#7276=CARTESIAN_POINT('',(-8.27,0.249999999999994,5.65));
#7277=CARTESIAN_POINT('Origin',(-8.27,0.374999999999994,5.65));
#7278=CARTESIAN_POINT('',(-8.27,0.249999999999994,5.525));
#7279=CARTESIAN_POINT('Origin',(-7.62,0.249999999999995,5.525));
#7280=CARTESIAN_POINT('',(-6.97,0.249999999999995,6.4));
#7281=CARTESIAN_POINT('',(0.914999999999998,0.25,6.4));
#7282=CARTESIAN_POINT('',(-6.97,0.249999999999995,5.65));
#7283=CARTESIAN_POINT('',(-7.62,0.249999999999995,5.65));
#7284=CARTESIAN_POINT('',(-6.97,0.249999999999995,5.525));
#7285=CARTESIAN_POINT('Origin',(-7.62,-5.07593966858625E-15,5.275));
#7286=CARTESIAN_POINT('',(-8.17,0.849999999999995,5.275));
#7287=CARTESIAN_POINT('',(-6.97,0.374999999999995,5.275));
#7288=CARTESIAN_POINT('',(-7.62,0.374999999999995,5.275));
#7289=CARTESIAN_POINT('',(-6.97,0.749999999999996,5.275));
#7290=CARTESIAN_POINT('',(-6.97,-4.64295268898243E-15,5.275));
#7291=CARTESIAN_POINT('',(-6.945,0.724999999999996,5.275));
#7292=CARTESIAN_POINT('Origin',(-6.97,0.647581587680561,6.29427821233159));
#7293=CARTESIAN_POINT('',(-6.97,-4.64537361477861E-15,6.4));
#7294=CARTESIAN_POINT('',(-6.97,0.323790793840275,6.4));
#7295=CARTESIAN_POINT('Origin',(-6.97,0.374999999999995,5.65));
#7296=CARTESIAN_POINT('',(-6.97,0.749999999999996,5.9096391061658));
#7297=CARTESIAN_POINT('',(-6.97,-4.64375966424782E-15,5.65));
#7298=CARTESIAN_POINT('Origin',(-6.97,0.374999999999995,5.65));
#7299=CARTESIAN_POINT('',(-6.97,-4.64620436286914E-15,6.78604719043193));
#7300=CARTESIAN_POINT('Origin',(-7.62,0.374999999999995,5.65));
#7301=CARTESIAN_POINT('',(-7.62,-5.07593966858625E-15,5.65));
#7302=CARTESIAN_POINT('Origin',(-7.62,-5.07919134247296E-15,6.78604719043193));
#7303=CARTESIAN_POINT('',(0.914999999999998,6.07091514723044E-16,6.4));
#7304=CARTESIAN_POINT('Origin',(-7.62,0.374999999999995,5.65));
#7305=CARTESIAN_POINT('Origin',(-6.97,0.749999999999996,5.525));
#7306=CARTESIAN_POINT('Origin',(-8.02,0.999999999999994,5.525));
#7307=CARTESIAN_POINT('Origin',(-8.02,1.,-5.525));
#7308=CARTESIAN_POINT('',(-8.02,1.,-5.275));
#7309=CARTESIAN_POINT('',(-8.02,0.5,-5.275));
#7310=CARTESIAN_POINT('',(-8.02,1.,-5.525));
#7311=CARTESIAN_POINT('Origin',(-6.97,0.647581587680565,-6.29427821233159));
#7312=CARTESIAN_POINT('',(-6.97,-8.0697526539026E-19,-5.65));
#7313=CARTESIAN_POINT('',(-6.97,-3.25167388670937E-18,-6.78604719043193));
#7314=CARTESIAN_POINT('',(-6.97,0.375,-5.275));
#7315=CARTESIAN_POINT('Origin',(-6.97,0.375,-5.65));
#7316=CARTESIAN_POINT('',(-6.97,0.750000000000001,-5.275));
#7317=CARTESIAN_POINT('',(-6.97,0.,-5.275));
#7318=CARTESIAN_POINT('',(-6.97,0.75,-5.9096391061658));
#7319=CARTESIAN_POINT('',(-6.97,0.25,-5.65));
#7320=CARTESIAN_POINT('Origin',(-6.97,0.375,-5.65));
#7321=CARTESIAN_POINT('',(-6.97,0.25,-5.525));
#7322=CARTESIAN_POINT('Origin',(-7.62,0.25,-5.525));
#7323=CARTESIAN_POINT('',(-8.27,0.25,-5.65));
#7324=CARTESIAN_POINT('',(-7.62,0.25,-5.65));
#7325=CARTESIAN_POINT('',(-8.27,0.25,-5.525));
#7326=CARTESIAN_POINT('Origin',(-7.62,0.,-5.275));
#7327=CARTESIAN_POINT('',(-7.07,0.85,-5.275));
#7328=CARTESIAN_POINT('',(-8.27,0.375,-5.275));
#7329=CARTESIAN_POINT('',(-7.62,0.375,-5.275));
#7330=CARTESIAN_POINT('',(-8.27,0.750000000000001,-5.275));
#7331=CARTESIAN_POINT('',(-8.27,0.,-5.275));
#7332=CARTESIAN_POINT('',(-8.295,0.725000000000001,-5.275));
#7333=CARTESIAN_POINT('Origin',(-8.27,0.647581587680565,-6.29427821233159));
#7334=CARTESIAN_POINT('Origin',(-8.27,0.375,-5.65));
#7335=CARTESIAN_POINT('',(-8.27,0.75,-5.9096391061658));
#7336=CARTESIAN_POINT('',(-8.27,-8.0697526539026E-19,-5.65));
#7337=CARTESIAN_POINT('Origin',(-8.27,0.375,-5.65));
#7338=CARTESIAN_POINT('',(-8.27,-3.25167388670937E-18,-6.78604719043193));
#7339=CARTESIAN_POINT('Origin',(-7.62,0.375,-5.65));
#7340=CARTESIAN_POINT('',(-7.62,0.,-5.65));
#7341=CARTESIAN_POINT('Origin',(-7.62,-3.25167388670937E-18,-6.78604719043193));
#7342=CARTESIAN_POINT('Origin',(-7.62,0.375,-5.65));
#7343=CARTESIAN_POINT('Origin',(-8.27,0.750000000000001,-5.525));
#7344=CARTESIAN_POINT('Origin',(-7.22,1.,-5.525));
#7345=CARTESIAN_POINT('Origin',(-8.575,0.,-4.925));
#7346=CARTESIAN_POINT('',(-8.575,0.,-4.925));
#7347=CARTESIAN_POINT('',(-8.575,0.,-2.4625));
#7348=CARTESIAN_POINT('',(-8.575,0.55,-4.925));
#7349=CARTESIAN_POINT('Origin',(8.575,0.,-4.925));
#7350=CARTESIAN_POINT('',(4.2875,0.,-4.925));
#7351=CARTESIAN_POINT('Origin',(-9.45,0.,6.4));
#7352=CARTESIAN_POINT('',(-9.45,0.,6.4));
#7353=CARTESIAN_POINT('Origin',(9.45,0.,6.4));
#7354=CARTESIAN_POINT('Origin',(0.,0.,0.));
#7355=CARTESIAN_POINT('',(0.,0.,0.));
#7356=CARTESIAN_POINT('Origin',(-7.22,3.05,5.525));
#7357=CARTESIAN_POINT('',(-7.22,3.05,5.525));
#7358=CARTESIAN_POINT('',(-8.02,3.05,5.525));
#7359=CARTESIAN_POINT('',(-7.42,3.05,5.525));
#7360=CARTESIAN_POINT('',(-7.22,3.05,5.275));
#7361=CARTESIAN_POINT('',(-7.22,3.05,5.525));
#7362=CARTESIAN_POINT('',(-8.02,3.05,5.275));
#7363=CARTESIAN_POINT('',(-7.42,3.05,5.275));
#7364=CARTESIAN_POINT('',(-8.02,3.05,5.525));
#7365=CARTESIAN_POINT('Origin',(-8.02,3.3,5.525));
#7366=CARTESIAN_POINT('',(-8.02,1.,5.275));
#7367=CARTESIAN_POINT('',(-8.02,1.65,5.275));
#7368=CARTESIAN_POINT('',(-8.02,1.,5.525));
#7369=CARTESIAN_POINT('',(-8.02,1.,5.525));
#7370=CARTESIAN_POINT('',(-8.02,3.3,5.525));
#7371=CARTESIAN_POINT('Origin',(-7.62,0.,5.275));
#7372=CARTESIAN_POINT('',(-7.22,1.,5.275));
#7373=CARTESIAN_POINT('',(-7.22,0.5,5.275));
#7374=CARTESIAN_POINT('',(-6.97,0.750000000000001,5.275));
#7375=CARTESIAN_POINT('',(-6.945,0.725000000000001,5.275));
#7376=CARTESIAN_POINT('',(-6.97,0.375,5.275));
#7377=CARTESIAN_POINT('',(-6.97,0.,5.275));
#7378=CARTESIAN_POINT('',(-8.27,0.375,5.275));
#7379=CARTESIAN_POINT('',(-7.62,0.375,5.275));
#7380=CARTESIAN_POINT('',(-8.27,0.750000000000001,5.275));
#7381=CARTESIAN_POINT('',(-8.27,0.,5.275));
#7382=CARTESIAN_POINT('',(-8.17,0.85,5.275));
#7383=CARTESIAN_POINT('Origin',(-8.02,-0.587499999898239,7.4139156081169));
#7384=CARTESIAN_POINT('',(-8.02,-0.712499999837614,7.19740925713579));
#7385=CARTESIAN_POINT('',(-8.27,-0.495993648952131,7.07240925717079));
#7386=CARTESIAN_POINT('',(-7.8658734122341,-0.845977540302123,7.27447255105374));
#7387=CARTESIAN_POINT('',(-8.02,-0.587499999945871,7.4139156081444));
#7388=CARTESIAN_POINT('',(-8.02,-0.641626587744342,7.32016560816211));
#7389=CARTESIAN_POINT('',(-8.27,-0.37099364895213,7.2889156081169));
#7390=CARTESIAN_POINT('',(-8.16176542519378,-0.464727540302124,7.34303289552001));
#7391=CARTESIAN_POINT('',(-8.27,-0.459017057449061,7.13645459234482));
#7392=CARTESIAN_POINT('Origin',(-8.02,-0.741506350914859,7.39716878359458));
#7393=CARTESIAN_POINT('',(-8.02,-0.65,7.5221687836487));
#7394=CARTESIAN_POINT('',(-8.02,-0.9,7.5221687836487));
#7395=CARTESIAN_POINT('',(-8.02,-0.65,7.5221687836487));
#7396=CARTESIAN_POINT('Origin',(-8.02,-0.525,7.5221687836487));
#7397=CARTESIAN_POINT('Origin',(-8.02,-0.525,7.5221687836487));
#7398=CARTESIAN_POINT('Origin',(-8.02,-0.65,8.6));
#7399=CARTESIAN_POINT('',(-8.02,-0.9,8.6));
#7400=CARTESIAN_POINT('',(-8.02,-0.9,8.6));
#7401=CARTESIAN_POINT('',(-8.02,-0.65,8.6));
#7402=CARTESIAN_POINT('',(-8.02,-0.65,8.6));
#7403=CARTESIAN_POINT('',(-8.02,-0.65,8.025));
#7404=CARTESIAN_POINT('Origin',(-6.97,-0.37099364895213,7.2889156081169));
#7405=CARTESIAN_POINT('',(-6.97,-0.495993648952131,7.07240925717079));
#7406=CARTESIAN_POINT('',(-7.22,-0.712499999837614,7.19740925713579));
#7407=CARTESIAN_POINT('',(-7.2491265877659,-0.73772436482907,7.21197255105374));
#7408=CARTESIAN_POINT('',(-6.97,-0.37099364895213,7.2889156081169));
#7409=CARTESIAN_POINT('',(-6.97,-0.459017057449062,7.13645459234483));
#7410=CARTESIAN_POINT('',(-7.22,-0.587499999945871,7.4139156081444));
#7411=CARTESIAN_POINT('',(-6.95323457480622,-0.35647436482907,7.28053289552001));
#7412=CARTESIAN_POINT('',(-7.22,-0.641626587744342,7.32016560816211));
#7413=CARTESIAN_POINT('Origin',(-7.22,-0.741506350914859,7.39716878359458));
#7414=CARTESIAN_POINT('',(-7.22,-0.65,7.5221687836487));
#7415=CARTESIAN_POINT('Origin',(-7.22,-0.525,7.5221687836487));
#7416=CARTESIAN_POINT('',(-7.22,-0.9,7.5221687836487));
#7417=CARTESIAN_POINT('',(-7.22,-0.65,7.5221687836487));
#7418=CARTESIAN_POINT('Origin',(-7.22,-0.525,7.5221687836487));
#7419=CARTESIAN_POINT('Origin',(-7.22,-0.65,7.5221687836487));
#7420=CARTESIAN_POINT('',(-7.22,-0.9,8.6));
#7421=CARTESIAN_POINT('',(-7.22,-0.9,8.06108439182435));
#7422=CARTESIAN_POINT('',(-7.22,-0.65,8.6));
#7423=CARTESIAN_POINT('',(-7.22,-0.65,7.48608439182435));
#7424=CARTESIAN_POINT('',(-7.22,-0.65,8.6));
#7425=CARTESIAN_POINT('Origin',(-8.27,0.647581587680565,6.29427821233159));
#7426=CARTESIAN_POINT('',(-8.27,0.0625,7.03863793320239));
#7427=CARTESIAN_POINT('',(-8.27,0.25,6.93038475772934));
#7428=CARTESIAN_POINT('',(-8.27,0.25,6.71387840678323));
#7429=CARTESIAN_POINT('Origin',(-8.27,-0.125,6.71387840678323));
#7430=CARTESIAN_POINT('',(-8.27,0.25,5.65));
#7431=CARTESIAN_POINT('',(-8.27,0.25,5.525));
#7432=CARTESIAN_POINT('',(-8.27,0.375,5.525));
#7433=CARTESIAN_POINT('Origin',(-8.27,0.375,5.65));
#7434=CARTESIAN_POINT('',(-8.27,0.750000000000001,5.525));
#7435=CARTESIAN_POINT('',(-8.27,3.3,5.525));
#7436=CARTESIAN_POINT('',(-8.27,0.75,5.9096391061658));
#7437=CARTESIAN_POINT('',(-8.27,-8.0697526539026E-19,5.65));
#7438=CARTESIAN_POINT('Origin',(-8.27,0.375,5.65));
#7439=CARTESIAN_POINT('',(-8.27,-3.09637142447522E-18,6.71387840678323));
#7440=CARTESIAN_POINT('',(-8.27,-3.25167388670937E-18,6.78604719043193));
#7441=CARTESIAN_POINT('',(-8.27,-0.0624999999999998,6.82213158225628));
#7442=CARTESIAN_POINT('Origin',(-8.27,-0.125,6.71387840678323));
#7443=CARTESIAN_POINT('',(-8.27,-0.9,7.30566243270259));
#7444=CARTESIAN_POINT('Origin',(-7.62,-0.9,8.6));
#7445=CARTESIAN_POINT('',(-7.62,-0.9,7.5221687836487));
#7446=CARTESIAN_POINT('',(-7.62,-0.9,8.6));
#7447=CARTESIAN_POINT('Origin',(-7.62,-0.525,7.5221687836487));
#7448=CARTESIAN_POINT('',(-7.62,-0.7125,7.19740925722954));
#7449=CARTESIAN_POINT('Origin',(-7.62,-0.9,7.30566243270259));
#7450=CARTESIAN_POINT('',(-6.97,-0.0624999999999998,6.82213158225628));
#7451=CARTESIAN_POINT('',(-7.62,-0.0624999999999998,6.82213158225628));
#7452=CARTESIAN_POINT('',(-6.97,-0.9,7.30566243270259));
#7453=CARTESIAN_POINT('Origin',(-6.97,0.647581587680565,6.29427821233159));
#7454=CARTESIAN_POINT('',(-6.97,-3.09637142447522E-18,6.71387840678323));
#7455=CARTESIAN_POINT('Origin',(-6.97,-0.125,6.71387840678323));
#7456=CARTESIAN_POINT('',(-6.97,-8.0697526539026E-19,5.65));
#7457=CARTESIAN_POINT('',(-6.97,-3.25167388670937E-18,6.78604719043193));
#7458=CARTESIAN_POINT('Origin',(-6.97,0.375,5.65));
#7459=CARTESIAN_POINT('',(-6.97,0.750000000000001,5.525));
#7460=CARTESIAN_POINT('',(-6.97,0.75,5.9096391061658));
#7461=CARTESIAN_POINT('',(-6.97,0.375,5.525));
#7462=CARTESIAN_POINT('',(-6.97,3.3,5.525));
#7463=CARTESIAN_POINT('',(-6.97,0.25,5.65));
#7464=CARTESIAN_POINT('Origin',(-6.97,0.375,5.65));
#7465=CARTESIAN_POINT('',(-6.97,0.25,6.71387840678323));
#7466=CARTESIAN_POINT('',(-6.97,0.25,5.525));
#7467=CARTESIAN_POINT('',(-6.97,0.0625,7.03863793320239));
#7468=CARTESIAN_POINT('Origin',(-6.97,-0.125,6.71387840678323));
#7469=CARTESIAN_POINT('',(-6.97,0.25,6.93038475772934));
#7470=CARTESIAN_POINT('Origin',(-7.62,-0.125,6.71387840678323));
#7471=CARTESIAN_POINT('',(-7.62,0.25,6.71387840678323));
#7472=CARTESIAN_POINT('',(-7.62,0.0624999999999999,7.03863793320239));
#7473=CARTESIAN_POINT('Origin',(-7.62,0.25,6.93038475772934));
#7474=CARTESIAN_POINT('',(-7.62,-0.5875,7.41391560817565));
#7475=CARTESIAN_POINT('Origin',(-7.62,0.375,5.65));
#7476=CARTESIAN_POINT('',(-7.62,0.,5.65));
#7477=CARTESIAN_POINT('Origin',(-7.62,-3.25167388670937E-18,6.78604719043193));
#7478=CARTESIAN_POINT('',(-7.62,0.,6.71387840678323));
#7479=CARTESIAN_POINT('Origin',(-7.62,-0.525,7.5221687836487));
#7480=CARTESIAN_POINT('',(-7.62,-0.65,7.5221687836487));
#7481=CARTESIAN_POINT('Origin',(-7.62,-0.65,7.45));
#7482=CARTESIAN_POINT('',(-7.62,-0.65,8.6));
#7483=CARTESIAN_POINT('Origin',(-7.62,-0.125,6.71387840678323));
#7484=CARTESIAN_POINT('Origin',(-7.62,0.375,5.65));
#7485=CARTESIAN_POINT('',(-7.62,0.25,5.65));
#7486=CARTESIAN_POINT('',(-7.62,0.375,5.525));
#7487=CARTESIAN_POINT('Origin',(-7.62,0.25,5.525));
#7488=CARTESIAN_POINT('Origin',(-6.97,0.750000000000001,5.525));
#7489=CARTESIAN_POINT('',(-7.22,1.,5.525));
#7490=CARTESIAN_POINT('',(-7.22,1.,5.525));
#7491=CARTESIAN_POINT('',(-7.77,1.55,5.525));
#7492=CARTESIAN_POINT('Origin',(-7.22,1.,5.525));
#7493=CARTESIAN_POINT('',(-7.22,2.15,5.525));
#7494=CARTESIAN_POINT('Origin',(-8.02,1.,5.525));
#7495=CARTESIAN_POINT('',(-7.345,1.675,5.525));
#7496=CARTESIAN_POINT('Origin',(-7.62,-0.65,8.6));
#7497=CARTESIAN_POINT('Origin',(-7.62,3.3,5.525));
#7498=CARTESIAN_POINT('',(0.,0.,0.));
#7499=CARTESIAN_POINT('',(-2.22044604925031E-16,1.82404211250765E-64,-1.97258898693686E-33));
#7500=CARTESIAN_POINT('',(2.54,-3.00769827470914E-33,-1.97258898693686E-32));
#7501=CARTESIAN_POINT('',(12.7,-1.50384913735457E-32,-4.31845031427074E-33));
#7502=CARTESIAN_POINT('',(15.24,1.95410607340427E-30,-4.31845031427074E-33));
#7503=CARTESIAN_POINT('',(-15.24,0.,0.));
#7504=CARTESIAN_POINT('',(-2.54,0.,0.));
#7505=CARTESIAN_POINT('',(0.,0.,0.));
#7506=CARTESIAN_POINT('',(0.,0.,0.));
#7507=CARTESIAN_POINT('Origin',(-7.85,7.,-3.75));
#7508=CARTESIAN_POINT('',(-7.85,7.,-3.75));
#7509=CARTESIAN_POINT('',(-7.85,7.,-4.275));
#7510=CARTESIAN_POINT('',(-7.85,7.,-1.875));
#7511=CARTESIAN_POINT('',(-7.85,6.9,-3.75));
#7512=CARTESIAN_POINT('',(-7.85,7.,-3.75));
#7513=CARTESIAN_POINT('',(-7.85,6.9,-4.275));
#7514=CARTESIAN_POINT('',(-7.85,6.9,-3.75));
#7515=CARTESIAN_POINT('',(-7.85,7.,-4.275));
#7516=CARTESIAN_POINT('Origin',(-7.025,7.,-3.75));
#7517=CARTESIAN_POINT('',(-7.025,7.,-3.75));
#7518=CARTESIAN_POINT('',(-3.5125,7.,-3.75));
#7519=CARTESIAN_POINT('',(-7.025,6.9,-3.75));
#7520=CARTESIAN_POINT('',(-7.025,7.,-3.75));
#7521=CARTESIAN_POINT('',(-7.025,6.9,-3.75));
#7522=CARTESIAN_POINT('Origin',(-7.025,7.,-3.825));
#7523=CARTESIAN_POINT('',(-6.95,7.,-3.825));
#7524=CARTESIAN_POINT('Origin',(-7.025,7.,-3.825));
#7525=CARTESIAN_POINT('',(-6.95,6.9,-3.825));
#7526=CARTESIAN_POINT('',(-6.95,7.,-3.825));
#7527=CARTESIAN_POINT('Origin',(-7.025,6.9,-3.825));
#7528=CARTESIAN_POINT('Origin',(-6.95,7.,-4.2));
#7529=CARTESIAN_POINT('',(-6.95,7.,-4.2));
#7530=CARTESIAN_POINT('',(-6.95,7.,-2.1));
#7531=CARTESIAN_POINT('',(-6.95,6.9,-4.2));
#7532=CARTESIAN_POINT('',(-6.95,7.,-4.2));
#7533=CARTESIAN_POINT('',(-6.95,6.9,-4.2));
#7534=CARTESIAN_POINT('Origin',(-7.025,7.,-4.2));
#7535=CARTESIAN_POINT('',(-7.025,7.,-4.275));
#7536=CARTESIAN_POINT('Origin',(-7.025,7.,-4.2));
#7537=CARTESIAN_POINT('',(-7.025,6.9,-4.275));
#7538=CARTESIAN_POINT('',(-7.025,7.,-4.275));
#7539=CARTESIAN_POINT('Origin',(-7.025,6.9,-4.2));
#7540=CARTESIAN_POINT('Origin',(-7.85,7.,-4.275));
#7541=CARTESIAN_POINT('',(-3.925,7.,-4.275));
#7542=CARTESIAN_POINT('',(-7.85,6.9,-4.275));
#7543=CARTESIAN_POINT('Origin',(-7.42004959590167,6.9,-4.0125));
#7544=CARTESIAN_POINT('Origin',(-2.,7.,-3.3));
#7545=CARTESIAN_POINT('',(-2.3,7.,-3.3));
#7546=CARTESIAN_POINT('',(-2.,7.,-3.));
#7547=CARTESIAN_POINT('Origin',(-2.,7.,-3.3));
#7548=CARTESIAN_POINT('',(-2.3,6.9,-3.3));
#7549=CARTESIAN_POINT('',(-2.3,7.,-3.3));
#7550=CARTESIAN_POINT('',(-2.,6.9,-3.));
#7551=CARTESIAN_POINT('Origin',(-2.,6.9,-3.3));
#7552=CARTESIAN_POINT('',(-2.,7.,-3.));
#7553=CARTESIAN_POINT('Origin',(-1.1,7.,-3.));
#7554=CARTESIAN_POINT('',(-1.1,7.,-3.));
#7555=CARTESIAN_POINT('',(-0.549999999999999,7.,-3.));
#7556=CARTESIAN_POINT('',(-1.1,6.9,-3.));
#7557=CARTESIAN_POINT('',(-2.3,6.9,-3.));
#7558=CARTESIAN_POINT('',(-1.1,7.,-3.));
#7559=CARTESIAN_POINT('Origin',(-1.1,7.,-3.3));
#7560=CARTESIAN_POINT('',(-0.799999999999998,7.,-3.3));
#7561=CARTESIAN_POINT('Origin',(-1.1,7.,-3.3));
#7562=CARTESIAN_POINT('',(-0.799999999999998,6.9,-3.3));
#7563=CARTESIAN_POINT('Origin',(-1.1,6.9,-3.3));
#7564=CARTESIAN_POINT('',(-0.799999999999998,7.,-3.3));
#7565=CARTESIAN_POINT('Origin',(-0.799999999999998,7.,-4.2));
#7566=CARTESIAN_POINT('',(-0.799999999999998,7.,-4.2));
#7567=CARTESIAN_POINT('',(-0.799999999999998,7.,-2.1));
#7568=CARTESIAN_POINT('',(-0.799999999999998,6.9,-4.2));
#7569=CARTESIAN_POINT('',(-0.799999999999998,6.9,-4.125));
#7570=CARTESIAN_POINT('',(-0.799999999999998,7.,-4.2));
#7571=CARTESIAN_POINT('Origin',(-1.1,7.,-4.2));
#7572=CARTESIAN_POINT('',(-1.1,7.,-4.5));
#7573=CARTESIAN_POINT('Origin',(-1.1,7.,-4.2));
#7574=CARTESIAN_POINT('',(-1.1,6.9,-4.5));
#7575=CARTESIAN_POINT('Origin',(-1.1,6.9,-4.2));
#7576=CARTESIAN_POINT('',(-1.1,7.,-4.5));
#7577=CARTESIAN_POINT('Origin',(-2.,7.,-4.5));
#7578=CARTESIAN_POINT('',(-2.,7.,-4.5));
#7579=CARTESIAN_POINT('',(-0.999999999999999,7.,-4.5));
#7580=CARTESIAN_POINT('',(-2.,6.9,-4.5));
#7581=CARTESIAN_POINT('',(-2.75,6.9,-4.5));
#7582=CARTESIAN_POINT('',(-2.,7.,-4.5));
#7583=CARTESIAN_POINT('Origin',(-2.,7.,-4.2));
#7584=CARTESIAN_POINT('',(-2.3,7.,-4.2));
#7585=CARTESIAN_POINT('Origin',(-2.,7.,-4.2));
#7586=CARTESIAN_POINT('',(-2.3,6.9,-4.2));
#7587=CARTESIAN_POINT('Origin',(-2.,6.9,-4.2));
#7588=CARTESIAN_POINT('',(-2.3,7.,-4.2));
#7589=CARTESIAN_POINT('Origin',(-2.3,7.,-3.3));
#7590=CARTESIAN_POINT('',(-2.3,7.,-1.65));
#7591=CARTESIAN_POINT('',(-2.3,6.9,-3.675));
#7592=CARTESIAN_POINT('Origin',(-7.85,7.,-3.));
#7593=CARTESIAN_POINT('',(-8.15,7.,-3.));
#7594=CARTESIAN_POINT('',(-7.85,7.,-3.));
#7595=CARTESIAN_POINT('',(-3.925,7.,-2.99999999999999));
#7596=CARTESIAN_POINT('',(-8.15,6.9,-3.));
#7597=CARTESIAN_POINT('',(-8.15,7.,-3.));
#7598=CARTESIAN_POINT('',(-7.85,6.9,-3.));
#7599=CARTESIAN_POINT('',(-5.675,6.9,-3.));
#7600=CARTESIAN_POINT('',(-7.85,7.,-3.));
#7601=CARTESIAN_POINT('Origin',(-7.85,7.,-3.525));
#7602=CARTESIAN_POINT('',(-7.85,7.,-3.525));
#7603=CARTESIAN_POINT('',(-7.85,7.,-1.7625));
#7604=CARTESIAN_POINT('',(-7.85,6.9,-3.525));
#7605=CARTESIAN_POINT('',(-7.85,6.9,-3.7875));
#7606=CARTESIAN_POINT('',(-7.85,7.,-3.525));
#7607=CARTESIAN_POINT('Origin',(-7.55,7.,-3.525));
#7608=CARTESIAN_POINT('',(-7.55,7.,-3.525));
#7609=CARTESIAN_POINT('',(-3.775,7.,-3.525));
#7610=CARTESIAN_POINT('',(-7.55,6.9,-3.525));
#7611=CARTESIAN_POINT('',(-5.525,6.9,-3.525));
#7612=CARTESIAN_POINT('',(-7.55,7.,-3.525));
#7613=CARTESIAN_POINT('Origin',(-7.025,7.,-3.));
#7614=CARTESIAN_POINT('',(-7.025,7.,-3.));
#7615=CARTESIAN_POINT('',(-4.51875,7.,-0.493750000000002));
#7616=CARTESIAN_POINT('',(-7.025,6.9,-3.));
#7617=CARTESIAN_POINT('',(-6.40625,6.9,-2.38125));
#7618=CARTESIAN_POINT('',(-7.025,7.,-3.));
#7619=CARTESIAN_POINT('Origin',(-6.575,7.,-3.));
#7620=CARTESIAN_POINT('',(-6.575,7.,-3.));
#7621=CARTESIAN_POINT('',(-3.2875,7.,-3.));
#7622=CARTESIAN_POINT('',(-6.575,6.9,-3.));
#7623=CARTESIAN_POINT('',(-5.0375,6.9,-3.));
#7624=CARTESIAN_POINT('',(-6.575,7.,-3.));
#7625=CARTESIAN_POINT('Origin',(-7.20067063611196,7.,-3.525));
#7626=CARTESIAN_POINT('',(-7.20067063611196,7.,-3.525));
#7627=CARTESIAN_POINT('',(-4.22004531125681,7.,-1.02395838923638));
#7628=CARTESIAN_POINT('',(-7.20067063611196,6.9,-3.525));
#7629=CARTESIAN_POINT('',(-6.24410531664023,6.9,-2.7223463932343));
#7630=CARTESIAN_POINT('',(-7.20067063611196,7.,-3.525));
#7631=CARTESIAN_POINT('Origin',(-6.95,7.,-3.525));
#7632=CARTESIAN_POINT('',(-6.95,7.,-3.525));
#7633=CARTESIAN_POINT('',(-3.475,7.,-3.525));
#7634=CARTESIAN_POINT('',(-6.95,6.9,-3.525));
#7635=CARTESIAN_POINT('',(-5.225,6.9,-3.525));
#7636=CARTESIAN_POINT('',(-6.95,7.,-3.525));
#7637=CARTESIAN_POINT('Origin',(-6.95,7.,-3.825));
#7638=CARTESIAN_POINT('',(-6.65,7.,-3.825));
#7639=CARTESIAN_POINT('Origin',(-6.95,7.,-3.825));
#7640=CARTESIAN_POINT('',(-6.65,6.9,-3.825));
#7641=CARTESIAN_POINT('Origin',(-6.95,6.9,-3.825));
#7642=CARTESIAN_POINT('',(-6.65,7.,-3.825));
#7643=CARTESIAN_POINT('Origin',(-6.65,7.,-4.2));
#7644=CARTESIAN_POINT('',(-6.65,7.,-4.2));
#7645=CARTESIAN_POINT('',(-6.65,7.,-2.1));
#7646=CARTESIAN_POINT('',(-6.65,6.9,-4.2));
#7647=CARTESIAN_POINT('',(-6.65,6.9,-4.125));
#7648=CARTESIAN_POINT('',(-6.65,7.,-4.2));
#7649=CARTESIAN_POINT('Origin',(-6.95,7.,-4.2));
#7650=CARTESIAN_POINT('',(-6.95,7.,-4.5));
#7651=CARTESIAN_POINT('Origin',(-6.95,7.,-4.2));
#7652=CARTESIAN_POINT('',(-6.95,6.9,-4.5));
#7653=CARTESIAN_POINT('Origin',(-6.95,6.9,-4.2));
#7654=CARTESIAN_POINT('',(-6.95,7.,-4.5));
#7655=CARTESIAN_POINT('Origin',(-8.15,7.,-4.5));
#7656=CARTESIAN_POINT('',(-8.15,7.,-4.5));
#7657=CARTESIAN_POINT('',(-4.075,7.,-4.5));
#7658=CARTESIAN_POINT('',(-8.15,6.9,-4.5));
#7659=CARTESIAN_POINT('',(-5.825,6.9,-4.5));
#7660=CARTESIAN_POINT('',(-8.15,7.,-4.5));
#7661=CARTESIAN_POINT('Origin',(-8.15,7.,-3.));
#7662=CARTESIAN_POINT('',(-8.15,7.,-1.5));
#7663=CARTESIAN_POINT('',(-8.15,6.9,-3.525));
#7664=CARTESIAN_POINT('Origin',(-0.0499999999999969,7.,-3.));
#7665=CARTESIAN_POINT('',(-0.349999999999997,7.,-3.));
#7666=CARTESIAN_POINT('',(-0.0499999999999969,7.,-3.));
#7667=CARTESIAN_POINT('',(-0.0249999999999984,7.,-3.));
#7668=CARTESIAN_POINT('',(-0.349999999999997,6.9,-3.));
#7669=CARTESIAN_POINT('',(-0.349999999999997,7.,-3.));
#7670=CARTESIAN_POINT('',(-0.0499999999999969,6.9,-3.));
#7671=CARTESIAN_POINT('',(-1.775,6.9,-3.));
#7672=CARTESIAN_POINT('',(-0.0499999999999969,7.,-3.));
#7673=CARTESIAN_POINT('Origin',(-0.0499999999999967,7.,-3.95097754409247));
#7674=CARTESIAN_POINT('',(-0.0499999999999967,7.,-3.95097754409247));
#7675=CARTESIAN_POINT('',(-0.0499999999999971,7.,-1.97548877204623));
#7676=CARTESIAN_POINT('',(-0.0499999999999967,6.9,-3.95097754409247));
#7677=CARTESIAN_POINT('',(-0.0499999999999967,6.9,-4.00048877204623));
#7678=CARTESIAN_POINT('',(-0.0499999999999967,7.,-3.95097754409247));
#7679=CARTESIAN_POINT('Origin',(0.358475037182125,7.,-3.075));
#7680=CARTESIAN_POINT('',(0.358475037182125,7.,-3.075));
#7681=CARTESIAN_POINT('',(0.915358771604956,7.,-1.88075897761103));
#7682=CARTESIAN_POINT('',(0.358475037182125,6.9,-3.075));
#7683=CARTESIAN_POINT('',(-0.172822068577284,6.9,-4.21437032014776));
#7684=CARTESIAN_POINT('',(0.358475037182125,7.,-3.075));
#7685=CARTESIAN_POINT('Origin',(0.44152496281788,7.,-3.075));
#7686=CARTESIAN_POINT('',(0.44152496281788,7.,-3.075));
#7687=CARTESIAN_POINT('',(0.22076248140894,7.,-3.075));
#7688=CARTESIAN_POINT('',(0.44152496281788,6.9,-3.075));
#7689=CARTESIAN_POINT('',(-1.52923751859106,6.9,-3.075));
#7690=CARTESIAN_POINT('',(0.44152496281788,7.,-3.075));
#7691=CARTESIAN_POINT('Origin',(0.850000000000002,7.,-3.95097754409247));
#7692=CARTESIAN_POINT('',(0.850000000000002,7.,-3.95097754409247));
#7693=CARTESIAN_POINT('',(0.0174362689234186,7.,-2.16553886103347));
#7694=CARTESIAN_POINT('',(0.850000000000002,6.9,-3.95097754409247));
#7695=CARTESIAN_POINT('',(0.480495426057107,6.9,-3.15857242811199));
#7696=CARTESIAN_POINT('',(0.850000000000002,7.,-3.95097754409247));
#7697=CARTESIAN_POINT('Origin',(0.850000000000002,7.,-3.));
#7698=CARTESIAN_POINT('',(0.850000000000002,7.,-3.));
#7699=CARTESIAN_POINT('',(0.850000000000002,7.,-1.5));
#7700=CARTESIAN_POINT('',(0.850000000000002,6.9,-3.));
#7701=CARTESIAN_POINT('',(0.850000000000002,6.9,-3.525));
#7702=CARTESIAN_POINT('',(0.850000000000002,7.,-3.));
#7703=CARTESIAN_POINT('Origin',(1.15,7.,-3.));
#7704=CARTESIAN_POINT('',(1.15,7.,-3.));
#7705=CARTESIAN_POINT('',(0.575000000000001,7.,-3.));
#7706=CARTESIAN_POINT('',(1.15,6.9,-3.));
#7707=CARTESIAN_POINT('',(-1.175,6.9,-3.));
#7708=CARTESIAN_POINT('',(1.15,7.,-3.));
#7709=CARTESIAN_POINT('Origin',(1.15,7.,-4.5));
#7710=CARTESIAN_POINT('',(1.15,7.,-4.5));
#7711=CARTESIAN_POINT('',(1.15,7.,-2.25));
#7712=CARTESIAN_POINT('',(1.15,6.9,-4.5));
#7713=CARTESIAN_POINT('',(1.15,6.9,-4.275));
#7714=CARTESIAN_POINT('',(1.15,7.,-4.5));
#7715=CARTESIAN_POINT('Origin',(0.775000000000003,7.,-4.5));
#7716=CARTESIAN_POINT('',(0.775000000000003,7.,-4.5));
#7717=CARTESIAN_POINT('',(0.387500000000001,7.,-4.5));
#7718=CARTESIAN_POINT('',(0.775000000000003,6.9,-4.5));
#7719=CARTESIAN_POINT('',(-1.3625,6.9,-4.5));
#7720=CARTESIAN_POINT('',(0.775000000000003,7.,-4.5));
#7721=CARTESIAN_POINT('Origin',(0.400000000000003,7.,-3.69580990480892));
#7722=CARTESIAN_POINT('',(0.400000000000003,7.,-3.69580990480892));
#7723=CARTESIAN_POINT('',(-0.343509899132081,7.,-2.1013477806528));
#7724=CARTESIAN_POINT('',(0.400000000000003,6.9,-3.69580990480892));
#7725=CARTESIAN_POINT('',(0.119549258001607,6.9,-3.09438134773132));
#7726=CARTESIAN_POINT('',(0.400000000000003,7.,-3.69580990480892));
#7727=CARTESIAN_POINT('Origin',(0.0250000000000025,7.,-4.5));
#7728=CARTESIAN_POINT('',(0.0250000000000025,7.,-4.5));
#7729=CARTESIAN_POINT('',(0.884567421069394,7.,-2.65665171687214));
#7730=CARTESIAN_POINT('',(0.0250000000000025,6.9,-4.5));
#7731=CARTESIAN_POINT('',(-0.20361341911285,6.9,-4.99026305940887));
#7732=CARTESIAN_POINT('',(0.0250000000000025,7.,-4.5));
#7733=CARTESIAN_POINT('Origin',(-0.349999999999998,7.,-4.5));
#7734=CARTESIAN_POINT('',(-0.349999999999998,7.,-4.5));
#7735=CARTESIAN_POINT('',(-0.174999999999999,7.,-4.5));
#7736=CARTESIAN_POINT('',(-0.349999999999998,6.9,-4.5));
#7737=CARTESIAN_POINT('',(-1.925,6.9,-4.5));
#7738=CARTESIAN_POINT('',(-0.349999999999998,7.,-4.5));
#7739=CARTESIAN_POINT('Origin',(-0.349999999999997,7.,-3.));
#7740=CARTESIAN_POINT('',(-0.349999999999996,7.,-1.5));
#7741=CARTESIAN_POINT('',(-0.349999999999997,6.9,-3.525));
#7742=CARTESIAN_POINT('Origin',(-6.2,7.,-3.));
#7743=CARTESIAN_POINT('',(-6.2,7.,-4.5));
#7744=CARTESIAN_POINT('',(-6.2,7.,-3.));
#7745=CARTESIAN_POINT('',(-6.2,7.,-1.5));
#7746=CARTESIAN_POINT('',(-6.2,6.9,-4.5));
#7747=CARTESIAN_POINT('',(-6.2,7.,-4.5));
#7748=CARTESIAN_POINT('',(-6.2,6.9,-3.));
#7749=CARTESIAN_POINT('',(-6.2,6.9,-3.525));
#7750=CARTESIAN_POINT('',(-6.2,7.,-3.));
#7751=CARTESIAN_POINT('Origin',(-4.7,7.,-3.));
#7752=CARTESIAN_POINT('',(-4.7,7.,-3.));
#7753=CARTESIAN_POINT('',(-2.35,7.,-3.));
#7754=CARTESIAN_POINT('',(-4.7,6.9,-3.));
#7755=CARTESIAN_POINT('',(-4.1,6.9,-3.));
#7756=CARTESIAN_POINT('',(-4.7,7.,-3.));
#7757=CARTESIAN_POINT('Origin',(-4.7,7.,-3.3));
#7758=CARTESIAN_POINT('',(-4.7,7.,-3.3));
#7759=CARTESIAN_POINT('',(-4.7,7.,-1.65));
#7760=CARTESIAN_POINT('',(-4.7,6.9,-3.3));
#7761=CARTESIAN_POINT('',(-4.7,6.9,-3.675));
#7762=CARTESIAN_POINT('',(-4.7,7.,-3.3));
#7763=CARTESIAN_POINT('Origin',(-5.9,7.,-3.3));
#7764=CARTESIAN_POINT('',(-5.9,7.,-3.3));
#7765=CARTESIAN_POINT('',(-2.95,7.,-3.3));
#7766=CARTESIAN_POINT('',(-5.9,6.9,-3.3));
#7767=CARTESIAN_POINT('',(-4.7,6.9,-3.3));
#7768=CARTESIAN_POINT('',(-5.9,7.,-3.3));
#7769=CARTESIAN_POINT('Origin',(-5.9,7.,-3.6));
#7770=CARTESIAN_POINT('',(-5.9,7.,-3.6));
#7771=CARTESIAN_POINT('',(-5.9,7.,-1.80000000000001));
#7772=CARTESIAN_POINT('',(-5.9,6.9,-3.6));
#7773=CARTESIAN_POINT('',(-5.9,6.9,-3.82500000000001));
#7774=CARTESIAN_POINT('',(-5.9,7.,-3.6));
#7775=CARTESIAN_POINT('Origin',(-5.15,7.,-3.6));
#7776=CARTESIAN_POINT('',(-5.15,7.,-3.6));
#7777=CARTESIAN_POINT('',(-2.575,7.,-3.6));
#7778=CARTESIAN_POINT('',(-5.15,6.9,-3.6));
#7779=CARTESIAN_POINT('',(-4.325,6.9,-3.6));
#7780=CARTESIAN_POINT('',(-5.15,7.,-3.6));
#7781=CARTESIAN_POINT('Origin',(-5.15,7.,-3.9));
#7782=CARTESIAN_POINT('',(-5.15,7.,-3.9));
#7783=CARTESIAN_POINT('',(-5.15,7.,-1.95));
#7784=CARTESIAN_POINT('',(-5.15,6.9,-3.9));
#7785=CARTESIAN_POINT('',(-5.15,6.9,-3.975));
#7786=CARTESIAN_POINT('',(-5.15,7.,-3.9));
#7787=CARTESIAN_POINT('Origin',(-5.9,7.,-3.9));
#7788=CARTESIAN_POINT('',(-5.9,7.,-3.9));
#7789=CARTESIAN_POINT('',(-2.95,7.,-3.9));
#7790=CARTESIAN_POINT('',(-5.9,6.9,-3.9));
#7791=CARTESIAN_POINT('',(-4.7,6.9,-3.9));
#7792=CARTESIAN_POINT('',(-5.9,7.,-3.9));
#7793=CARTESIAN_POINT('Origin',(-5.9,7.,-4.2));
#7794=CARTESIAN_POINT('',(-5.9,7.,-4.2));
#7795=CARTESIAN_POINT('',(-5.89999999999999,7.,-2.09999999999999));
#7796=CARTESIAN_POINT('',(-5.9,6.9,-4.2));
#7797=CARTESIAN_POINT('',(-5.9,6.9,-4.125));
#7798=CARTESIAN_POINT('',(-5.9,7.,-4.2));
#7799=CARTESIAN_POINT('Origin',(-4.7,7.,-4.2));
#7800=CARTESIAN_POINT('',(-4.7,7.,-4.2));
#7801=CARTESIAN_POINT('',(-2.35,7.,-4.2));
#7802=CARTESIAN_POINT('',(-4.7,6.9,-4.2));
#7803=CARTESIAN_POINT('',(-4.1,6.9,-4.2));
#7804=CARTESIAN_POINT('',(-4.7,7.,-4.2));
#7805=CARTESIAN_POINT('Origin',(-4.7,7.,-4.5));
#7806=CARTESIAN_POINT('',(-4.7,7.,-4.5));
#7807=CARTESIAN_POINT('',(-4.7,7.,-2.25000000000001));
#7808=CARTESIAN_POINT('',(-4.7,6.9,-4.5));
#7809=CARTESIAN_POINT('',(-4.7,6.9,-4.275));
#7810=CARTESIAN_POINT('',(-4.7,7.,-4.5));
#7811=CARTESIAN_POINT('Origin',(-6.2,7.,-4.5));
#7812=CARTESIAN_POINT('',(-3.1,7.,-4.5));
#7813=CARTESIAN_POINT('',(-4.85,6.9,-4.5));
#7814=CARTESIAN_POINT('Origin',(-3.05,7.,-3.9));
#7815=CARTESIAN_POINT('',(-3.05,7.,-4.2));
#7816=CARTESIAN_POINT('',(-3.05,7.,-3.9));
#7817=CARTESIAN_POINT('',(-3.05000000000001,7.,-1.95000000000001));
#7818=CARTESIAN_POINT('',(-3.05,6.9,-4.2));
#7819=CARTESIAN_POINT('',(-3.05,7.,-4.2));
#7820=CARTESIAN_POINT('',(-3.05,6.9,-3.9));
#7821=CARTESIAN_POINT('',(-3.05,6.9,-3.975));
#7822=CARTESIAN_POINT('',(-3.05,7.,-3.9));
#7823=CARTESIAN_POINT('Origin',(-2.75,7.,-3.9));
#7824=CARTESIAN_POINT('',(-2.75,7.,-3.9));
#7825=CARTESIAN_POINT('',(-1.375,7.,-3.9));
#7826=CARTESIAN_POINT('',(-2.75,6.9,-3.9));
#7827=CARTESIAN_POINT('',(-3.125,6.9,-3.9));
#7828=CARTESIAN_POINT('',(-2.75,7.,-3.9));
#7829=CARTESIAN_POINT('Origin',(-2.75,7.,-4.2));
#7830=CARTESIAN_POINT('',(-2.75,7.,-4.2));
#7831=CARTESIAN_POINT('',(-2.75000000000001,7.,-2.10000000000001));
#7832=CARTESIAN_POINT('',(-2.75,6.9,-4.2));
#7833=CARTESIAN_POINT('',(-2.75,6.9,-4.125));
#7834=CARTESIAN_POINT('',(-2.75,7.,-4.2));
#7835=CARTESIAN_POINT('Origin',(-3.05,7.,-4.2));
#7836=CARTESIAN_POINT('',(-3.05,7.,-4.5));
#7837=CARTESIAN_POINT('Origin',(-3.05,7.,-4.2));
#7838=CARTESIAN_POINT('',(-3.05,6.9,-4.5));
#7839=CARTESIAN_POINT('Origin',(-3.05,6.9,-4.2));
#7840=CARTESIAN_POINT('',(-3.05,7.,-4.5));
#7841=CARTESIAN_POINT('Origin',(-3.95,7.,-4.5));
#7842=CARTESIAN_POINT('',(-3.95,7.,-4.5));
#7843=CARTESIAN_POINT('',(-1.975,7.,-4.5));
#7844=CARTESIAN_POINT('',(-3.95,6.9,-4.5));
#7845=CARTESIAN_POINT('',(-3.725,6.9,-4.5));
#7846=CARTESIAN_POINT('',(-3.95,7.,-4.5));
#7847=CARTESIAN_POINT('Origin',(-3.95,7.,-4.2));
#7848=CARTESIAN_POINT('',(-4.25,7.,-4.2));
#7849=CARTESIAN_POINT('Origin',(-3.95,7.,-4.2));
#7850=CARTESIAN_POINT('',(-4.25,6.9,-4.2));
#7851=CARTESIAN_POINT('Origin',(-3.95,6.9,-4.2));
#7852=CARTESIAN_POINT('',(-4.25,7.,-4.2));
#7853=CARTESIAN_POINT('Origin',(-4.25,7.,-3.3));
#7854=CARTESIAN_POINT('',(-4.25,7.,-3.3));
#7855=CARTESIAN_POINT('',(-4.25,7.,-1.65));
#7856=CARTESIAN_POINT('',(-4.25,6.9,-3.3));
#7857=CARTESIAN_POINT('',(-4.25,6.9,-3.675));
#7858=CARTESIAN_POINT('',(-4.25,7.,-3.3));
#7859=CARTESIAN_POINT('Origin',(-3.95,7.,-3.3));
#7860=CARTESIAN_POINT('',(-3.95,7.,-3.));
#7861=CARTESIAN_POINT('Origin',(-3.95,7.,-3.3));
#7862=CARTESIAN_POINT('',(-3.95,6.9,-3.));
#7863=CARTESIAN_POINT('Origin',(-3.95,6.9,-3.3));
#7864=CARTESIAN_POINT('',(-3.95,7.,-3.));
#7865=CARTESIAN_POINT('Origin',(-3.05,7.,-3.));
#7866=CARTESIAN_POINT('',(-3.05,7.,-3.));
#7867=CARTESIAN_POINT('',(-1.525,7.,-3.));
#7868=CARTESIAN_POINT('',(-3.05,6.9,-3.));
#7869=CARTESIAN_POINT('',(-3.275,6.9,-3.));
#7870=CARTESIAN_POINT('',(-3.05,7.,-3.));
#7871=CARTESIAN_POINT('Origin',(-3.05,7.,-3.3));
#7872=CARTESIAN_POINT('',(-2.75,7.,-3.3));
#7873=CARTESIAN_POINT('Origin',(-3.05,7.,-3.3));
#7874=CARTESIAN_POINT('',(-2.75,6.9,-3.3));
#7875=CARTESIAN_POINT('Origin',(-3.05,6.9,-3.3));
#7876=CARTESIAN_POINT('',(-2.75,7.,-3.3));
#7877=CARTESIAN_POINT('Origin',(-2.75,7.,-3.6));
#7878=CARTESIAN_POINT('',(-2.75,7.,-3.6));
#7879=CARTESIAN_POINT('',(-2.74999999999999,7.,-1.79999999999999));
#7880=CARTESIAN_POINT('',(-2.75,6.9,-3.6));
#7881=CARTESIAN_POINT('',(-2.75,6.9,-3.825));
#7882=CARTESIAN_POINT('',(-2.75,7.,-3.6));
#7883=CARTESIAN_POINT('Origin',(-3.05,7.,-3.6));
#7884=CARTESIAN_POINT('',(-3.05,7.,-3.6));
#7885=CARTESIAN_POINT('',(-1.525,7.,-3.6));
#7886=CARTESIAN_POINT('',(-3.05,6.9,-3.6));
#7887=CARTESIAN_POINT('',(-3.275,6.9,-3.6));
#7888=CARTESIAN_POINT('',(-3.05,7.,-3.6));
#7889=CARTESIAN_POINT('Origin',(-3.05,7.,-3.3));
#7890=CARTESIAN_POINT('',(-3.05,7.,-3.3));
#7891=CARTESIAN_POINT('',(-3.04999999999998,7.,-1.64999999999999));
#7892=CARTESIAN_POINT('',(-3.05,6.9,-3.3));
#7893=CARTESIAN_POINT('',(-3.05,6.9,-3.67500000000001));
#7894=CARTESIAN_POINT('',(-3.05,7.,-3.3));
#7895=CARTESIAN_POINT('Origin',(-3.95,7.,-3.3));
#7896=CARTESIAN_POINT('',(-3.95,7.,-3.3));
#7897=CARTESIAN_POINT('',(-1.975,7.,-3.3));
#7898=CARTESIAN_POINT('',(-3.95,6.9,-3.3));
#7899=CARTESIAN_POINT('',(-3.725,6.9,-3.3));
#7900=CARTESIAN_POINT('',(-3.95,7.,-3.3));
#7901=CARTESIAN_POINT('Origin',(-3.95,7.,-4.2));
#7902=CARTESIAN_POINT('',(-3.95,7.,-4.2));
#7903=CARTESIAN_POINT('',(-3.95,7.,-2.1));
#7904=CARTESIAN_POINT('',(-3.95,6.9,-4.2));
#7905=CARTESIAN_POINT('',(-3.95,6.9,-4.125));
#7906=CARTESIAN_POINT('',(-3.95,7.,-4.2));
#7907=CARTESIAN_POINT('Origin',(-3.05,7.,-4.2));
#7908=CARTESIAN_POINT('',(-1.525,7.,-4.2));
#7909=CARTESIAN_POINT('',(-3.275,6.9,-4.2));
#7910=CARTESIAN_POINT('Origin',(-1.775,7.,-4.8));
#7911=CARTESIAN_POINT('',(-1.775,7.,-5.1));
#7912=CARTESIAN_POINT('',(-1.775,7.,-4.8));
#7913=CARTESIAN_POINT('',(-1.775,7.,-2.4));
#7914=CARTESIAN_POINT('',(-1.775,6.9,-5.1));
#7915=CARTESIAN_POINT('',(-1.775,7.,-5.1));
#7916=CARTESIAN_POINT('',(-1.775,6.9,-4.8));
#7917=CARTESIAN_POINT('',(-1.775,6.9,-4.425));
#7918=CARTESIAN_POINT('',(-1.775,7.,-4.8));
#7919=CARTESIAN_POINT('Origin',(1.15,7.,-4.8));
#7920=CARTESIAN_POINT('',(1.15,7.,-4.8));
#7921=CARTESIAN_POINT('',(0.575000000000001,7.,-4.8));
#7922=CARTESIAN_POINT('',(1.15,6.9,-4.8));
#7923=CARTESIAN_POINT('',(-1.175,6.9,-4.8));
#7924=CARTESIAN_POINT('',(1.15,7.,-4.8));
#7925=CARTESIAN_POINT('Origin',(1.15,7.,-5.1));
#7926=CARTESIAN_POINT('',(1.15,7.,-5.1));
#7927=CARTESIAN_POINT('',(1.15,7.,-2.55));
#7928=CARTESIAN_POINT('',(1.15,6.9,-5.1));
#7929=CARTESIAN_POINT('',(1.15,6.9,-4.575));
#7930=CARTESIAN_POINT('',(1.15,7.,-5.1));
#7931=CARTESIAN_POINT('Origin',(-1.775,7.,-5.1));
#7932=CARTESIAN_POINT('',(-0.887499999999999,7.,-5.1));
#7933=CARTESIAN_POINT('',(-2.6375,6.9,-5.1));
#7934=CARTESIAN_POINT('Origin',(-4.9625,7.,-4.8));
#7935=CARTESIAN_POINT('',(-4.9625,7.,-5.1));
#7936=CARTESIAN_POINT('',(-4.9625,7.,-4.8));
#7937=CARTESIAN_POINT('',(-4.9625,7.,-2.4));
#7938=CARTESIAN_POINT('',(-4.9625,6.9,-5.1));
#7939=CARTESIAN_POINT('',(-4.9625,7.,-5.1));
#7940=CARTESIAN_POINT('',(-4.9625,6.9,-4.8));
#7941=CARTESIAN_POINT('',(-4.9625,6.9,-4.425));
#7942=CARTESIAN_POINT('',(-4.9625,7.,-4.8));
#7943=CARTESIAN_POINT('Origin',(-2.0375,7.,-4.8));
#7944=CARTESIAN_POINT('',(-2.0375,7.,-4.8));
#7945=CARTESIAN_POINT('',(-1.01875,7.,-4.8));
#7946=CARTESIAN_POINT('',(-2.0375,6.9,-4.8));
#7947=CARTESIAN_POINT('',(-2.76875,6.9,-4.8));
#7948=CARTESIAN_POINT('',(-2.0375,7.,-4.8));
#7949=CARTESIAN_POINT('Origin',(-2.0375,7.,-5.1));
#7950=CARTESIAN_POINT('',(-2.0375,7.,-5.1));
#7951=CARTESIAN_POINT('',(-2.0375,7.,-2.55));
#7952=CARTESIAN_POINT('',(-2.0375,6.9,-5.1));
#7953=CARTESIAN_POINT('',(-2.0375,6.9,-4.575));
#7954=CARTESIAN_POINT('',(-2.0375,7.,-5.1));
#7955=CARTESIAN_POINT('Origin',(-4.9625,7.,-5.1));
#7956=CARTESIAN_POINT('',(-2.48125,7.,-5.1));
#7957=CARTESIAN_POINT('',(-4.23125,6.9,-5.1));
#7958=CARTESIAN_POINT('Origin',(-8.15,7.,-4.8));
#7959=CARTESIAN_POINT('',(-8.15,7.,-5.1));
#7960=CARTESIAN_POINT('',(-8.15,7.,-4.8));
#7961=CARTESIAN_POINT('',(-8.15,7.,-2.4));
#7962=CARTESIAN_POINT('',(-8.15,6.9,-5.1));
#7963=CARTESIAN_POINT('',(-8.15,7.,-5.1));
#7964=CARTESIAN_POINT('',(-8.15,6.9,-4.8));
#7965=CARTESIAN_POINT('',(-8.15,6.9,-4.425));
#7966=CARTESIAN_POINT('',(-8.15,7.,-4.8));
#7967=CARTESIAN_POINT('Origin',(-5.225,7.,-4.8));
#7968=CARTESIAN_POINT('',(-5.225,7.,-4.8));
#7969=CARTESIAN_POINT('',(-2.6125,7.,-4.8));
#7970=CARTESIAN_POINT('',(-5.225,6.9,-4.8));
#7971=CARTESIAN_POINT('',(-4.3625,6.9,-4.8));
#7972=CARTESIAN_POINT('',(-5.225,7.,-4.8));
#7973=CARTESIAN_POINT('Origin',(-5.225,7.,-5.1));
#7974=CARTESIAN_POINT('',(-5.225,7.,-5.1));
#7975=CARTESIAN_POINT('',(-5.225,7.,-2.55));
#7976=CARTESIAN_POINT('',(-5.225,6.9,-5.1));
#7977=CARTESIAN_POINT('',(-5.225,6.9,-4.575));
#7978=CARTESIAN_POINT('',(-5.225,7.,-5.1));
#7979=CARTESIAN_POINT('Origin',(-8.15,7.,-5.1));
#7980=CARTESIAN_POINT('',(-4.075,7.,-5.1));
#7981=CARTESIAN_POINT('',(-5.825,6.9,-5.1));
#7982=CARTESIAN_POINT('Origin',(-8.45,7.,-2.7));
#7983=CARTESIAN_POINT('',(-8.45,7.,-2.7));
#7984=CARTESIAN_POINT('',(-8.45,7.,-5.4));
#7985=CARTESIAN_POINT('',(-8.45,7.,-1.35));
#7986=CARTESIAN_POINT('',(-8.45,6.9,-2.7));
#7987=CARTESIAN_POINT('',(-8.45,7.,-2.7));
#7988=CARTESIAN_POINT('',(-8.45,6.9,-5.4));
#7989=CARTESIAN_POINT('',(-8.45,6.9,-2.7));
#7990=CARTESIAN_POINT('',(-8.45,7.,-5.4));
#7991=CARTESIAN_POINT('Origin',(1.45,7.,-2.7));
#7992=CARTESIAN_POINT('',(1.45,7.,-2.7));
#7993=CARTESIAN_POINT('',(0.725000000000002,7.,-2.7));
#7994=CARTESIAN_POINT('',(1.45,6.9,-2.7));
#7995=CARTESIAN_POINT('',(1.45,7.,-2.7));
#7996=CARTESIAN_POINT('',(1.45,6.9,-2.7));
#7997=CARTESIAN_POINT('Origin',(1.45,7.,-5.4));
#7998=CARTESIAN_POINT('',(1.45,7.,-5.4));
#7999=CARTESIAN_POINT('',(1.45,7.,-2.7));
#8000=CARTESIAN_POINT('',(1.45,6.9,-5.4));
#8001=CARTESIAN_POINT('',(1.45,7.,-5.4));
#8002=CARTESIAN_POINT('',(1.45,6.9,-5.4));
#8003=CARTESIAN_POINT('Origin',(-8.45,7.,-5.4));
#8004=CARTESIAN_POINT('',(-4.225,7.,-5.4));
#8005=CARTESIAN_POINT('',(-8.45,6.9,-5.4));
#8006=CARTESIAN_POINT('Origin',(-3.5,6.9,-4.05));
#8007=CARTESIAN_POINT('Origin',(-2.,7.,-3.3));
#8008=CARTESIAN_POINT('',(-2.,7.,-3.3));
#8009=CARTESIAN_POINT('',(-2.,7.,-4.2));
#8010=CARTESIAN_POINT('',(-2.,7.,-1.65));
#8011=CARTESIAN_POINT('',(-2.,6.9,-3.3));
#8012=CARTESIAN_POINT('',(-2.,7.,-3.3));
#8013=CARTESIAN_POINT('',(-2.,6.9,-4.2));
#8014=CARTESIAN_POINT('',(-2.,6.9,-3.3));
#8015=CARTESIAN_POINT('',(-2.,7.,-4.2));
#8016=CARTESIAN_POINT('Origin',(-1.1,7.,-3.3));
#8017=CARTESIAN_POINT('',(-1.1,7.,-3.3));
#8018=CARTESIAN_POINT('',(-0.55,7.,-3.3));
#8019=CARTESIAN_POINT('',(-1.1,6.9,-3.3));
#8020=CARTESIAN_POINT('',(-1.1,7.,-3.3));
#8021=CARTESIAN_POINT('',(-1.1,6.9,-3.3));
#8022=CARTESIAN_POINT('Origin',(-1.1,7.,-4.2));
#8023=CARTESIAN_POINT('',(-1.1,7.,-4.2));
#8024=CARTESIAN_POINT('',(-1.1,7.,-2.1));
#8025=CARTESIAN_POINT('',(-1.1,6.9,-4.2));
#8026=CARTESIAN_POINT('',(-1.1,7.,-4.2));
#8027=CARTESIAN_POINT('',(-1.1,6.9,-4.2));
#8028=CARTESIAN_POINT('Origin',(-2.,7.,-4.2));
#8029=CARTESIAN_POINT('',(-1.,7.,-4.2));
#8030=CARTESIAN_POINT('',(-2.,6.9,-4.2));
#8031=CARTESIAN_POINT('Origin',(-1.55,6.9,-3.75));
#8032=CARTESIAN_POINT('Origin',(0.,7.,0.));
#8033=CARTESIAN_POINT('',(9.45,7.,-6.4));
#8034=CARTESIAN_POINT('',(-9.45,7.,-6.4));
#8035=CARTESIAN_POINT('',(-9.45,7.,-6.4));
#8036=CARTESIAN_POINT('',(-9.45,7.,6.4));
#8037=CARTESIAN_POINT('',(-9.45,7.,6.4));
#8038=CARTESIAN_POINT('',(9.45,7.,6.4));
#8039=CARTESIAN_POINT('',(9.45,7.,6.4));
#8040=CARTESIAN_POINT('',(9.45,7.,-6.4));
#8041=CARTESIAN_POINT('Origin',(0.,7.,0.));
#8042=CARTESIAN_POINT('Origin',(0.,7.,0.));
#8043=CARTESIAN_POINT('Origin',(0.,7.,0.));
#8044=CARTESIAN_POINT('Origin',(0.,7.,0.));
#8045=CARTESIAN_POINT('Origin',(0.,7.,0.));
#8046=CARTESIAN_POINT('Origin',(0.,7.,0.));
#8047=CARTESIAN_POINT('Origin',(0.,7.,0.));
#8048=CARTESIAN_POINT('Origin',(8.825,6.5,-5.775));
#8049=CARTESIAN_POINT('',(8.825,6.5,-6.025));
#8050=CARTESIAN_POINT('',(8.825,6.75,-5.775));
#8051=CARTESIAN_POINT('Origin',(8.825,6.5,-5.775));
#8052=CARTESIAN_POINT('',(9.075,6.5,-5.775));
#8053=CARTESIAN_POINT('Origin',(8.825,6.5,-5.775));
#8054=CARTESIAN_POINT('Origin',(8.825,6.5,-5.775));
#8055=CARTESIAN_POINT('Origin',(8.825,0.,-5.775));
#8056=CARTESIAN_POINT('',(8.825,0.,-6.025));
#8057=CARTESIAN_POINT('',(9.075,0.,-5.775));
#8058=CARTESIAN_POINT('Origin',(8.825,0.,-5.775));
#8059=CARTESIAN_POINT('',(9.075,0.,-5.775));
#8060=CARTESIAN_POINT('',(8.825,0.,-6.025));
#8061=CARTESIAN_POINT('Origin',(-8.825,6.5,-5.775));
#8062=CARTESIAN_POINT('',(-9.075,6.5,-5.775));
#8063=CARTESIAN_POINT('',(-8.825,6.75,-5.775));
#8064=CARTESIAN_POINT('Origin',(-8.825,6.5,-5.775));
#8065=CARTESIAN_POINT('',(-8.825,6.5,-6.025));
#8066=CARTESIAN_POINT('Origin',(-8.825,6.5,-5.775));
#8067=CARTESIAN_POINT('Origin',(-8.825,6.5,-5.775));
#8068=CARTESIAN_POINT('Origin',(-8.825,0.,-5.775));
#8069=CARTESIAN_POINT('',(-9.075,0.,-5.775));
#8070=CARTESIAN_POINT('',(-8.825,0.,-6.025));
#8071=CARTESIAN_POINT('Origin',(-8.825,0.,-5.775));
#8072=CARTESIAN_POINT('',(-8.825,0.,-6.025));
#8073=CARTESIAN_POINT('',(-9.075,0.,-5.775));
#8074=CARTESIAN_POINT('Origin',(4.5375,6.5,-5.775));
#8075=CARTESIAN_POINT('',(4.5375,6.5,-6.025));
#8076=CARTESIAN_POINT('',(4.5375,6.75,-5.775));
#8077=CARTESIAN_POINT('Origin',(8.825,6.5,5.775));
#8078=CARTESIAN_POINT('',(9.075,6.5,5.775));
#8079=CARTESIAN_POINT('',(8.825,6.75,5.775));
#8080=CARTESIAN_POINT('Origin',(8.825,6.5,5.775));
#8081=CARTESIAN_POINT('',(8.825,6.5,6.025));
#8082=CARTESIAN_POINT('Origin',(8.825,6.5,5.775));
#8083=CARTESIAN_POINT('Origin',(8.825,6.5,5.775));
#8084=CARTESIAN_POINT('Origin',(8.825,0.,5.775));
#8085=CARTESIAN_POINT('',(9.075,0.,5.775));
#8086=CARTESIAN_POINT('',(8.825,0.,6.025));
#8087=CARTESIAN_POINT('Origin',(8.825,0.,5.775));
#8088=CARTESIAN_POINT('',(8.825,0.,6.025));
#8089=CARTESIAN_POINT('',(9.075,0.,5.775));
#8090=CARTESIAN_POINT('Origin',(-8.825,6.5,5.775));
#8091=CARTESIAN_POINT('',(-8.825,6.5,6.025));
#8092=CARTESIAN_POINT('',(-8.825,6.75,5.775));
#8093=CARTESIAN_POINT('Origin',(-8.825,6.5,5.775));
#8094=CARTESIAN_POINT('',(-9.075,6.5,5.775));
#8095=CARTESIAN_POINT('Origin',(-8.825,6.5,5.775));
#8096=CARTESIAN_POINT('Origin',(-8.825,6.5,5.775));
#8097=CARTESIAN_POINT('Origin',(-8.825,0.,5.775));
#8098=CARTESIAN_POINT('',(-8.825,0.,6.025));
#8099=CARTESIAN_POINT('',(-9.075,0.,5.775));
#8100=CARTESIAN_POINT('Origin',(-8.825,0.,5.775));
#8101=CARTESIAN_POINT('',(-9.075,0.,5.775));
#8102=CARTESIAN_POINT('',(-8.825,0.,6.025));
#8103=CARTESIAN_POINT('Origin',(-8.825,6.5,-3.0125));
#8104=CARTESIAN_POINT('',(-9.075,6.5,-3.0125));
#8105=CARTESIAN_POINT('',(-8.825,6.75,-3.0125));
#8106=CARTESIAN_POINT('Origin',(-4.5375,6.5,5.775));
#8107=CARTESIAN_POINT('',(-4.5375,6.5,6.025));
#8108=CARTESIAN_POINT('',(-4.5375,6.75,5.775));
#8109=CARTESIAN_POINT('Origin',(8.825,6.5,3.0125));
#8110=CARTESIAN_POINT('',(9.075,6.5,3.0125));
#8111=CARTESIAN_POINT('',(8.825,6.75,3.0125));
#8112=CARTESIAN_POINT('Origin',(9.075,0.,-6.025));
#8113=CARTESIAN_POINT('',(4.5375,0.,-6.025));
#8114=CARTESIAN_POINT('Origin',(-9.075,0.,-6.025));
#8115=CARTESIAN_POINT('',(-9.075,0.,-3.0125));
#8116=CARTESIAN_POINT('Origin',(0.,6.75,0.));
#8117=CARTESIAN_POINT('Origin',(9.075,0.,6.025));
#8118=CARTESIAN_POINT('',(9.075,0.,3.0125));
#8119=CARTESIAN_POINT('Origin',(-9.075,0.,6.025));
#8120=CARTESIAN_POINT('',(-4.5375,0.,6.025));
#8121=CARTESIAN_POINT('Origin',(9.45,0.,6.4));
#8122=CARTESIAN_POINT('',(9.45,0.,-6.4));
#8123=CARTESIAN_POINT('',(9.45,0.,6.4));
#8124=CARTESIAN_POINT('',(9.45,0.,-6.4));
#8125=CARTESIAN_POINT('',(9.45,0.,-6.4));
#8126=CARTESIAN_POINT('',(9.45,0.,6.4));
#8127=CARTESIAN_POINT('Origin',(-9.45,0.,6.4));
#8128=CARTESIAN_POINT('',(-9.45,0.,6.4));
#8129=CARTESIAN_POINT('',(9.45,0.,6.4));
#8130=CARTESIAN_POINT('',(-9.45,0.,6.4));
#8131=CARTESIAN_POINT('Origin',(-9.45,0.,-6.4));
#8132=CARTESIAN_POINT('',(-9.45,0.,-6.4));
#8133=CARTESIAN_POINT('',(-9.45,0.,6.4));
#8134=CARTESIAN_POINT('',(-9.45,0.,-6.4));
#8135=CARTESIAN_POINT('Origin',(9.45,0.,-6.4));
#8136=CARTESIAN_POINT('',(-9.45,0.,-6.4));
#8137=CARTESIAN_POINT('Origin',(0.,0.,0.));
#8138=CARTESIAN_POINT('Origin',(0.,7.,0.));
#8139=CARTESIAN_POINT('',(0.,0.,0.));
#8140=CARTESIAN_POINT('',(0.,0.8,0.));
#8141=UNCERTAINTY_MEASURE_WITH_UNIT(LENGTH_MEASURE(0.01),#8153,
'DISTANCE_ACCURACY_VALUE',
'Maximum model space distance between geometric entities at asserted c
onnectivities');
#8142=UNCERTAINTY_MEASURE_WITH_UNIT(LENGTH_MEASURE(0.01),#8153,
'DISTANCE_ACCURACY_VALUE',
'Maximum model space distance between geometric entities at asserted c
onnectivities');
#8143=UNCERTAINTY_MEASURE_WITH_UNIT(LENGTH_MEASURE(0.01),#8153,
'DISTANCE_ACCURACY_VALUE',
'Maximum model space distance between geometric entities at asserted c
onnectivities');
#8144=UNCERTAINTY_MEASURE_WITH_UNIT(LENGTH_MEASURE(0.01),#8153,
'DISTANCE_ACCURACY_VALUE',
'Maximum model space distance between geometric entities at asserted c
onnectivities');
#8145=UNCERTAINTY_MEASURE_WITH_UNIT(LENGTH_MEASURE(0.01),#8153,
'DISTANCE_ACCURACY_VALUE',
'Maximum model space distance between geometric entities at asserted c
onnectivities');
#8146=UNCERTAINTY_MEASURE_WITH_UNIT(LENGTH_MEASURE(1.E-6),#8153,
'DISTANCE_ACCURACY_VALUE',
'Maximum model space distance between geometric entities at asserted c
onnectivities');
#8147=(
GEOMETRIC_REPRESENTATION_CONTEXT(3)
GLOBAL_UNCERTAINTY_ASSIGNED_CONTEXT((#8141))
GLOBAL_UNIT_ASSIGNED_CONTEXT((#8153,#8156,#8154))
REPRESENTATION_CONTEXT('','3D')
);
#8148=(
GEOMETRIC_REPRESENTATION_CONTEXT(3)
GLOBAL_UNCERTAINTY_ASSIGNED_CONTEXT((#8142))
GLOBAL_UNIT_ASSIGNED_CONTEXT((#8153,#8156,#8154))
REPRESENTATION_CONTEXT('','3D')
);
#8149=(
GEOMETRIC_REPRESENTATION_CONTEXT(3)
GLOBAL_UNCERTAINTY_ASSIGNED_CONTEXT((#8143))
GLOBAL_UNIT_ASSIGNED_CONTEXT((#8153,#8156,#8154))
REPRESENTATION_CONTEXT('','3D')
);
#8150=(
GEOMETRIC_REPRESENTATION_CONTEXT(3)
GLOBAL_UNCERTAINTY_ASSIGNED_CONTEXT((#8144))
GLOBAL_UNIT_ASSIGNED_CONTEXT((#8153,#8156,#8154))
REPRESENTATION_CONTEXT('','3D')
);
#8151=(
GEOMETRIC_REPRESENTATION_CONTEXT(3)
GLOBAL_UNCERTAINTY_ASSIGNED_CONTEXT((#8145))
GLOBAL_UNIT_ASSIGNED_CONTEXT((#8153,#8156,#8154))
REPRESENTATION_CONTEXT('','3D')
);
#8152=(
GEOMETRIC_REPRESENTATION_CONTEXT(3)
GLOBAL_UNCERTAINTY_ASSIGNED_CONTEXT((#8146))
GLOBAL_UNIT_ASSIGNED_CONTEXT((#8153,#8156,#8154))
REPRESENTATION_CONTEXT('','3D')
);
#8153=(
LENGTH_UNIT()
NAMED_UNIT(*)
SI_UNIT(.MILLI.,.METRE.)
);
#8154=(
NAMED_UNIT(*)
SI_UNIT($,.STERADIAN.)
SOLID_ANGLE_UNIT()
);
#8155=DIMENSIONAL_EXPONENTS(0.,0.,0.,0.,0.,0.,0.);
#8156=(
CONVERSION_BASED_UNIT('degree',#8158)
NAMED_UNIT(#8155)
PLANE_ANGLE_UNIT()
);
#8157=(
NAMED_UNIT(*)
PLANE_ANGLE_UNIT()
SI_UNIT($,.RADIAN.)
);
#8158=PLANE_ANGLE_MEASURE_WITH_UNIT(PLANE_ANGLE_MEASURE(0.01745329252),
#8157);
#8159=SHAPE_DEFINITION_REPRESENTATION(#8164,#8179);
#8160=SHAPE_DEFINITION_REPRESENTATION(#8165,#8180);
#8161=SHAPE_DEFINITION_REPRESENTATION(#8166,#8181);
#8162=SHAPE_DEFINITION_REPRESENTATION(#8167,#8182);
#8163=SHAPE_DEFINITION_REPRESENTATION(#8176,#8183);
#8164=PRODUCT_DEFINITION_SHAPE('',$,#8185);
#8165=PRODUCT_DEFINITION_SHAPE('',$,#8186);
#8166=PRODUCT_DEFINITION_SHAPE('',$,#8187);
#8167=PRODUCT_DEFINITION_SHAPE('',$,#8188);
#8168=PRODUCT_DEFINITION_SHAPE($,$,#45);
#8169=PRODUCT_DEFINITION_SHAPE($,$,#46);
#8170=PRODUCT_DEFINITION_SHAPE($,$,#47);
#8171=PRODUCT_DEFINITION_SHAPE($,$,#48);
#8172=PRODUCT_DEFINITION_SHAPE($,$,#49);
#8173=PRODUCT_DEFINITION_SHAPE($,$,#50);
#8174=PRODUCT_DEFINITION_SHAPE($,$,#51);
#8175=PRODUCT_DEFINITION_SHAPE($,$,#52);
#8176=PRODUCT_DEFINITION_SHAPE('',$,#8189);
#8177=PRODUCT_DEFINITION_SHAPE($,$,#53);
#8178=PRODUCT_DEFINITION_SHAPE($,$,#54);
#8179=SHAPE_REPRESENTATION('',(#5041,#5399,#5400),#8147);
#8180=SHAPE_REPRESENTATION('',(#5042,#5229,#5230,#5231,#5232,#5233,#5234,
#5235,#5236),#8148);
#8181=SHAPE_REPRESENTATION('',(#5043),#8149);
#8182=SHAPE_REPRESENTATION('',(#5188),#8150);
#8183=SHAPE_REPRESENTATION('',(#5237),#8151);
#8184=PRODUCT_DEFINITION_CONTEXT('part definition',#8201,'design');
#8185=PRODUCT_DEFINITION('RSH-0505S','RSH-0505S',#8190,#8184);
#8186=PRODUCT_DEFINITION('Header-TYPE_2','Header-TYPE_3',#8191,#8184);
#8187=PRODUCT_DEFINITION('Heater \X2\81A09AD4\X0\-Type_2',
'Heater \X2\81A09AD4\X0\-Type_3',#8192,#8184);
#8188=PRODUCT_DEFINITION('PIN-TYPE_1','PIN-TYPE_3',#8193,#8184);
#8189=PRODUCT_DEFINITION('N1818 header(3)','N1818 Cover Type_3',#8194,#8184);
#8190=PRODUCT_DEFINITION_FORMATION('',$,#8203);
#8191=PRODUCT_DEFINITION_FORMATION('',$,#8204);
#8192=PRODUCT_DEFINITION_FORMATION('',$,#8205);
#8193=PRODUCT_DEFINITION_FORMATION('',$,#8206);
#8194=PRODUCT_DEFINITION_FORMATION('',$,#8207);
#8195=PRODUCT_RELATED_PRODUCT_CATEGORY('RSH-0505S','RSH-0505S',(#8203));
#8196=PRODUCT_RELATED_PRODUCT_CATEGORY('Header-TYPE_3','Header-TYPE_3',
(#8204));
#8197=PRODUCT_RELATED_PRODUCT_CATEGORY('Heater \X2\81A09AD4\X0\-Type_3',
'Heater \X2\81A09AD4\X0\-Type_3',(#8205));
#8198=PRODUCT_RELATED_PRODUCT_CATEGORY('PIN-TYPE_3','PIN-TYPE_3',(#8206));
#8199=PRODUCT_RELATED_PRODUCT_CATEGORY('N1818 Cover Type_3',
'N1818 Cover Type_3',(#8207));
#8200=APPLICATION_PROTOCOL_DEFINITION('international standard',
'automotive_design',2009,#8201);
#8201=APPLICATION_CONTEXT(
'Core Data for Automotive Mechanical Design Process');
#8202=PRODUCT_CONTEXT('part definition',#8201,'mechanical');
#8203=PRODUCT('RSH-0505S','RSH-0505S',$,(#8202));
#8204=PRODUCT('Header-TYPE_2','Header-TYPE_3',$,(#8202));
#8205=PRODUCT('Heater \X2\81A09AD4\X0\-Type_2','Heater \X2\81A09AD4\X0\-
Type_3',$,(#8202));
#8206=PRODUCT('PIN-TYPE_1','PIN-TYPE_3',$,(#8202));
#8207=PRODUCT('N1818 header(3)','N1818 Cover Type_3',$,(#8202));
ENDSEC;
END-ISO-10303-21;
